CREATE DATABASE  IF NOT EXISTS `bflabs4` /*!40100 DEFAULT CHARACTER SET latin1 COLLATE latin1_general_ci */;
USE `bflabs4`;
-- MySQL dump 10.13  Distrib 5.6.13, for Win32 (x86)
--
-- Host: mysql08.bflabs.hospedagemdesites.ws    Database: bflabs4
-- ------------------------------------------------------
-- Server version	5.6.21-69.0-log

/*!40101 SET @OLD_CHARACTER_SET_CLIENT=@@CHARACTER_SET_CLIENT */;
/*!40101 SET @OLD_CHARACTER_SET_RESULTS=@@CHARACTER_SET_RESULTS */;
/*!40101 SET @OLD_COLLATION_CONNECTION=@@COLLATION_CONNECTION */;
/*!40101 SET NAMES utf8 */;
/*!40103 SET @OLD_TIME_ZONE=@@TIME_ZONE */;
/*!40103 SET TIME_ZONE='+00:00' */;
/*!40014 SET @OLD_UNIQUE_CHECKS=@@UNIQUE_CHECKS, UNIQUE_CHECKS=0 */;
/*!40014 SET @OLD_FOREIGN_KEY_CHECKS=@@FOREIGN_KEY_CHECKS, FOREIGN_KEY_CHECKS=0 */;
/*!40101 SET @OLD_SQL_MODE=@@SQL_MODE, SQL_MODE='NO_AUTO_VALUE_ON_ZERO' */;
/*!40111 SET @OLD_SQL_NOTES=@@SQL_NOTES, SQL_NOTES=0 */;

--
-- Table structure for table `assunto`
--

DROP TABLE IF EXISTS `assunto`;
/*!40101 SET @saved_cs_client     = @@character_set_client */;
/*!40101 SET character_set_client = utf8 */;
CREATE TABLE `assunto` (
  `id_assunto` int(11) NOT NULL AUTO_INCREMENT,
  `dsc_assunto` varchar(200) NOT NULL,
  `dsc_conceito` text,
  `dsc_file` varchar(100) DEFAULT NULL,
  PRIMARY KEY (`id_assunto`)
) ENGINE=InnoDB AUTO_INCREMENT=9 DEFAULT CHARSET=latin1;
/*!40101 SET character_set_client = @saved_cs_client */;

--
-- Dumping data for table `assunto`
--

LOCK TABLES `assunto` WRITE;
/*!40000 ALTER TABLE `assunto` DISABLE KEYS */;
INSERT INTO `assunto` VALUES (1,'LAYOFF','%3Cp%20class%3D%22MsoNormal%22%20style%3D%22text-align%3A%20justify%3B%20line-height%3A%2016pt%3B%20vertical-align%3A%20baseline%3B%20background-image%3A%20initial%3B%20background-attachment%3A%20initial%3B%20background-size%3A%20initial%3B%20background-origin%3A%20initial%3B%20background-clip%3A%20initial%3B%20background-position%3A%20initial%3B%20background-repeat%3A%20initial%3B%22%3E%3Cspan%20style%3D%22font-family%3A%20verdana%2C%20sans-serif%3B%20font-size%3A%20medium%3B%22%3E%3Cspan%20lang%3D%22PT-BR%22%20style%3D%22letter-spacing%3A%200.15pt%3B%22%3EEssa%20medida%20tem%20a%20vantagem%20de%0Apermitir%20que%20a%20empresa%20se%20ajuste%20a%20eventual%20redu%C3%A7%C3%A3o%20na%20demanda%2C%20diminuindo%0Atemporariamente%20os%20seus%20custos%20e%20proporcionando%20uma%20r%C3%A1pida%20recupera%C3%A7%C3%A3o%20da%0Aprodu%C3%A7%C3%A3o%20na%20hip%C3%B3tese%20de%20melhoria%20do%20cen%C3%A1rio%20econ%C3%B4mico.%20N%C3%A3o%20obstante%2C%20o%20lay-off%0Aprecisa%20ser%20devidamente%20negociado%20entre%20empresa%20e%20o%20Sindicato%20dos%0Atrabalhadores.%3C%2Fspan%3E%3Cspan%20lang%3D%22PT-BR%22%3E%3Co%3Ap%3E%3C%2Fo%3Ap%3E%3C%2Fspan%3E%3C%2Fspan%3E%3C%2Fp%3E%3Cp%20class%3D%22MsoNormal%22%20style%3D%22margin%3A%2015pt%200cm%3B%20text-align%3A%20justify%3B%20line-height%3A%2016pt%3B%20vertical-align%3A%20baseline%3B%20background-image%3A%20initial%3B%20background-attachment%3A%20initial%3B%20background-size%3A%20initial%3B%20background-origin%3A%20initial%3B%20background-clip%3A%20initial%3B%20background-position%3A%20initial%3B%20background-repeat%3A%20initial%3B%22%3E%3Cspan%20style%3D%22font-family%3A%20verdana%2C%20sans-serif%3B%20font-size%3A%20medium%3B%22%3E%3Cspan%20lang%3D%22PT-BR%22%20style%3D%22letter-spacing%3A%200.15pt%3B%22%3EO%20lay-off%20pode%20ter%20duas%20formas%3A%3C%2Fspan%3E%3Cspan%20lang%3D%22PT-BR%22%3E%3Co%3Ap%3E%3C%2Fo%3Ap%3E%3C%2Fspan%3E%3C%2Fspan%3E%3C%2Fp%3E%3Cp%20class%3D%22MsoNormal%22%20style%3D%22margin%3A%2015pt%200cm%3B%20text-align%3A%20justify%3B%20line-height%3A%2016pt%3B%20vertical-align%3A%20baseline%3B%20background-image%3A%20initial%3B%20background-attachment%3A%20initial%3B%20background-size%3A%20initial%3B%20background-origin%3A%20initial%3B%20background-clip%3A%20initial%3B%20background-position%3A%20initial%3B%20background-repeat%3A%20initial%3B%22%3E%3Cspan%20style%3D%22font-family%3A%20verdana%2C%20sans-serif%3B%20font-size%3A%20medium%3B%22%3E%3Cspan%20lang%3D%22PT-BR%22%20style%3D%22letter-spacing%3A%200.15pt%3B%22%3Ei)%20redu%C3%A7%C3%A3o%20tempor%C3%A1ria%20da%20jornada%0Ade%20trabalho%20e%20do%20sal%C3%A1rio%20(at%C3%A9%20o%20limite%20de%2025%25%2C%20devendo%20ser%20proporcional%20e%0Arespeitado%20o%20sal%C3%A1rio%20m%C3%ADnimo%20nacional)%3B%20ou%3C%2Fspan%3E%3Cspan%20lang%3D%22PT-BR%22%3E%3Co%3Ap%3E%3C%2Fo%3Ap%3E%3C%2Fspan%3E%3C%2Fspan%3E%3C%2Fp%3E%3Cp%20class%3D%22MsoNormal%22%20style%3D%22margin%3A%2015pt%200cm%3B%20text-align%3A%20justify%3B%20line-height%3A%2016pt%3B%20vertical-align%3A%20baseline%3B%20background-image%3A%20initial%3B%20background-attachment%3A%20initial%3B%20background-size%3A%20initial%3B%20background-origin%3A%20initial%3B%20background-clip%3A%20initial%3B%20background-position%3A%20initial%3B%20background-repeat%3A%20initial%3B%22%3E%3Cspan%20style%3D%22font-family%3A%20verdana%2C%20sans-serif%3B%20font-size%3A%20medium%3B%22%3E%3Cspan%20lang%3D%22PT-BR%22%20style%3D%22letter-spacing%3A%200.15pt%3B%22%3Eii)%20suspens%C3%A3o%20dos%20contratos%20de%0Atrabalho%20para%20requalifica%C3%A7%C3%A3o%20profissional.%3C%2Fspan%3E%3Cspan%20lang%3D%22PT-BR%22%3E%3Co%3Ap%3E%3C%2Fo%3Ap%3E%3C%2Fspan%3E%3C%2Fspan%3E%3C%2Fp%3E%3Cp%20class%3D%22MsoNormal%22%20style%3D%22margin%3A%2015pt%200cm%3B%20text-align%3A%20justify%3B%20line-height%3A%2016pt%3B%20vertical-align%3A%20baseline%3B%20background-image%3A%20initial%3B%20background-attachment%3A%20initial%3B%20background-size%3A%20initial%3B%20background-origin%3A%20initial%3B%20background-clip%3A%20initial%3B%20background-position%3A%20initial%3B%20background-repeat%3A%20initial%3B%22%3E%3Cspan%20style%3D%22font-family%3A%20verdana%2C%20sans-serif%3B%20font-size%3A%20medium%3B%22%3E%3Cspan%20lang%3D%22PT-BR%22%20style%3D%22letter-spacing%3A%200.15pt%3B%22%3EConsiderando%20que%20o%20lay-off%20s%C3%B3%0Apode%20ser%20realizado%20com%20a%20aprova%C3%A7%C3%A3o%20em%20assembleia%20dos%20empregados%20conduzida%20atrav%C3%A9s%20do%20Sindicato%2C%20a%20empresa%20precisa%20negociar%20com%0Ao%20sindicato%20dos%20trabalhadores%20a%20delibera%C3%A7%C3%A3o%20e%20aprova%C3%A7%C3%A3o%20do%20plano%20de%20suspens%C3%A3o.%3C%2Fspan%3E%3Cspan%20lang%3D%22PT-BR%22%3E%3Co%3Ap%3E%3C%2Fo%3Ap%3E%3C%2Fspan%3E%3C%2Fspan%3E%3C%2Fp%3E%3Cp%20class%3D%22MsoNormal%22%20style%3D%22margin%3A%2015pt%200cm%3B%20text-align%3A%20justify%3B%20line-height%3A%2016pt%3B%20vertical-align%3A%20baseline%3B%20background-image%3A%20initial%3B%20background-attachment%3A%20initial%3B%20background-size%3A%20initial%3B%20background-origin%3A%20initial%3B%20background-clip%3A%20initial%3B%20background-position%3A%20initial%3B%20background-repeat%3A%20initial%3B%22%3E%3Cspan%20style%3D%22font-family%3A%20verdana%2C%20sans-serif%3B%20font-size%3A%20medium%3B%22%3E%3Cspan%20lang%3D%22PT-BR%22%20style%3D%22letter-spacing%3A%200.15pt%3B%22%3EO%20prazo%20de%20lay-off%20%C3%A9%20vari%C3%A1vel%20e%0Adepende%20dos%20motivos%20da%20medida.%20Quando%20a%20empresa%20adota%20a%20suspens%C3%A3o%20dos%20contratos%0Ade%20trabalho%20por%20motivos%20de%20mercado%20ou%20estruturais%20e%20tecnol%C3%B3gicos%20o%20lay-off%20pode%0Adurar%20no%20m%C3%A1ximo%20cinco%20meses%2C%20podendo%20ser%20renovado%20por%20um%20per%C3%ADodo%20igual%20e%20os%0Acustos%20com%20a%20Bolsa%20de%20qualifica%C3%A7%C3%A3o%20ficar%C3%A1%20a%20cargo%20da%20empresa.%3C%2Fspan%3E%3Cspan%20lang%3D%22PT-BR%22%3E%3Co%3Ap%3E%3C%2Fo%3Ap%3E%3C%2Fspan%3E%3C%2Fspan%3E%3C%2Fp%3E%3Cp%20class%3D%22MsoNormal%22%20style%3D%22margin%3A%2015pt%200cm%3B%20text-align%3A%20justify%3B%20line-height%3A%2016pt%3B%20vertical-align%3A%20baseline%3B%20background-image%3A%20initial%3B%20background-attachment%3A%20initial%3B%20background-size%3A%20initial%3B%20background-origin%3A%20initial%3B%20background-clip%3A%20initial%3B%20background-position%3A%20initial%3B%20background-repeat%3A%20initial%3B%22%3E%3Cspan%20style%3D%22font-family%3A%20verdana%2C%20sans-serif%3B%20font-size%3A%20medium%3B%22%3E%3Cspan%20lang%3D%22PT-BR%22%20style%3D%22letter-spacing%3A%200.15pt%3B%22%3EEm%20casos%20de%20lay-off%20atrav%C3%A9s%20de%0Aredu%C3%A7%C3%A3o%20de%20sal%C3%A1rio%20e%20jornada%2C%20n%C3%A3o%20h%C3%A1%20valores%20pagos%20pelo%20Fundo%20de%20Amparo%20ao%0ATrabalhador%20-%20FAT%2C%20e%20a%20empresa%20permanece%20com%20a%20obriga%C3%A7%C3%A3o%20de%20pagamento%20de%0Asal%C3%A1rios.%3C%2Fspan%3E%3Cspan%20lang%3D%22PT-BR%22%3E%3Co%3Ap%3E%3C%2Fo%3Ap%3E%3C%2Fspan%3E%3C%2Fspan%3E%3C%2Fp%3E%3Cp%20class%3D%22MsoNormal%22%20style%3D%22margin%3A%2015pt%200cm%3B%20text-align%3A%20justify%3B%20line-height%3A%2016pt%3B%20vertical-align%3A%20baseline%3B%20background-image%3A%20initial%3B%20background-attachment%3A%20initial%3B%20background-size%3A%20initial%3B%20background-origin%3A%20initial%3B%20background-clip%3A%20initial%3B%20background-position%3A%20initial%3B%20background-repeat%3A%20initial%3B%22%3E%3Cspan%20style%3D%22font-family%3A%20verdana%2C%20sans-serif%3B%20font-size%3A%20medium%3B%22%3E%3Cspan%20lang%3D%22PT-BR%22%20style%3D%22letter-spacing%3A%200.15pt%3B%22%3EPor%20outro%20lado%2C%20na%20hip%C3%B3tese%20de%0Asuspens%C3%A3o%20do%20contrato%20de%20trabalho%20para%20requalifica%C3%A7%C3%A3o%20profissional%2C%20o%20FAT%0Apagar%C3%A1%20os%20sal%C3%A1rios%20dos%20empregados%2C%20respeitado%20o%20limite%20do%20teto%20do%20seguro%0Adesemprego%20aplic%C3%A1vel%20%C3%A0%20%C3%A9poca%20da%20suspens%C3%A3o%20contratual.%20Eventualmente%20os%0ASindicatos%20solicitam%20%C3%A0%20empresa%20para%20que%20o%20pagamento%20da%20diferen%C3%A7a%20ocorra%20para%0Aaqueles%20empregados%20que%20percebam%20sal%C3%A1rios%20superiores%2C%20mas%20que%20isto%20depende%20de%0Anegocia%C3%A7%C3%A3o%20entre%20empresa%20e%20Sindicato%2C%20n%C3%A3o%20sendo%20uma%20obriga%C3%A7%C3%A3o%20legal.%3C%2Fspan%3E%3Cspan%20lang%3D%22PT-BR%22%3E%3Co%3Ap%3E%3C%2Fo%3Ap%3E%3C%2Fspan%3E%3C%2Fspan%3E%3C%2Fp%3E%3Cp%20class%3D%22MsoNormal%22%20style%3D%22margin%3A%2015pt%200cm%3B%20text-align%3A%20justify%3B%20line-height%3A%2016pt%3B%20vertical-align%3A%20baseline%3B%20background-image%3A%20initial%3B%20background-attachment%3A%20initial%3B%20background-size%3A%20initial%3B%20background-origin%3A%20initial%3B%20background-clip%3A%20initial%3B%20background-position%3A%20initial%3B%20background-repeat%3A%20initial%3B%22%3E%3Cspan%20style%3D%22font-family%3A%20verdana%2C%20sans-serif%3B%20font-size%3A%20medium%3B%22%3E%3Cspan%20lang%3D%22PT-BR%22%20style%3D%22letter-spacing%3A%200.15pt%3B%22%3EDurante%20o%20per%C3%ADodo%20de%20suspens%C3%A3o%0Acontratual%20ocorre%20a%20qualifica%C3%A7%C3%A3o%20da%20m%C3%A3o%20de%20obra%20realizada%20atrav%C3%A9s%20de%20entidades%0Ahabilitadas%20para%20o%20fornecimento%20do%20forma%C3%A7%C3%A3o%20profissional%2C%20a%20entidade%20de%0Areferencia%20seria%20o%20SENAI%20(Servi%C3%A7o%20Nacional%20de%20Aprendizagem%20Industrial).%20Os%0Aempregados%20devem%20comprovar%20presen%C3%A7a%20m%C3%ADnima%2075%25%2C%20sob%20pena%20de%20n%C3%A3o%20receber%20os%0Avalores%20da%20bolsa%20paga%20pelo%20FAT.%3C%2Fspan%3E%3Cspan%20lang%3D%22PT-BR%22%3E%3Co%3Ap%3E%3C%2Fo%3Ap%3E%3C%2Fspan%3E%3C%2Fspan%3E%3C%2Fp%3E%3Cp%20class%3D%22MsoNormal%22%20style%3D%22margin%3A%2015pt%200cm%3B%20text-align%3A%20justify%3B%20line-height%3A%2016pt%3B%20vertical-align%3A%20baseline%3B%20background-image%3A%20initial%3B%20background-attachment%3A%20initial%3B%20background-size%3A%20initial%3B%20background-origin%3A%20initial%3B%20background-clip%3A%20initial%3B%20background-position%3A%20initial%3B%20background-repeat%3A%20initial%3B%22%3E%3Cspan%20style%3D%22letter-spacing%3A%200.2px%3B%20line-height%3A%2021.3333px%3B%20font-family%3A%20verdana%2C%20sans-serif%3B%20font-size%3A%20medium%3B%22%3EH%C3%A1%20ainda%20no%20par%C3%A1grado%205%C2%BA%20do%20artigo%20476-A%20da%20CLT%2C%20a%20previs%C3%A3o%20do%20pagamento%20de%20uma%20multa%20de%20no%20m%C3%ADnimo%20100%25%20da%20ultima%20remunera%C3%A7%C3%A3o%20do%20empregado%20caso%20ele%20seja%20desligado%20durante%20a%20participa%C3%A7%C3%A3o%20no%20regime%20de%20suspensa%C3%A7%C3%A3o%20contratual%20ou%20at%C3%A9%2003(tr%C3%AAs)%20meses%20ap%C3%B3s%20o%20encerramento.%3C%2Fspan%3E%3C%2Fp%3E%3Cp%20class%3D%22MsoNormal%22%20style%3D%22margin%3A%2015pt%200cm%3B%20text-align%3A%20justify%3B%20line-height%3A%2016pt%3B%20vertical-align%3A%20baseline%3B%20background-image%3A%20initial%3B%20background-attachment%3A%20initial%3B%20background-size%3A%20initial%3B%20background-origin%3A%20initial%3B%20background-clip%3A%20initial%3B%20background-position%3A%20initial%3B%20background-repeat%3A%20initial%3B%22%3E%3Cspan%20style%3D%22font-family%3A%20verdana%2C%20sans-serif%3B%20font-size%3A%20medium%3B%22%3E%3Cspan%20lang%3D%22PT-BR%22%20style%3D%22line-height%3A%2016pt%3B%20letter-spacing%3A%200.15pt%3B%22%3EA%20medida%20poder%C3%A1%20ser%20suspensa%20nos%0Acasos%20de%20irregularidade%20do%20regime%20de%20lay-off%20por%20parte%20da%20empresa.%26nbsp%3B%3C%2Fspan%3E%3Cspan%20style%3D%22line-height%3A%2016pt%3B%20letter-spacing%3A%200.15pt%3B%22%3EIsto%20poder%C3%A1%20ocorrer%20nos%0Aseguintes%20casos%3A%3C%2Fspan%3E%3C%2Fspan%3E%3C%2Fp%3E%3Cp%20class%3D%22MsoNormal%22%20style%3D%22margin%3A%2011.25pt%2011.25pt%2011.25pt%2022.5pt%3B%20text-indent%3A%20-18pt%3B%20line-height%3A%2016pt%3B%20vertical-align%3A%20baseline%3B%20background-image%3A%20initial%3B%20background-attachment%3A%20initial%3B%20background-size%3A%20initial%3B%20background-origin%3A%20initial%3B%20background-clip%3A%20initial%3B%20background-position%3A%20initial%3B%20background-repeat%3A%20initial%3B%22%3E%3Cspan%20style%3D%22font-family%3A%20verdana%2C%20sans-serif%3B%20font-size%3A%20medium%3B%22%3E%3Cspan%20lang%3D%22PT-BR%22%20style%3D%22letter-spacing%3A%200.15pt%3B%22%3E%C2%B7%26nbsp%3B%26nbsp%3B%26nbsp%3B%26nbsp%3B%26nbsp%3B%26nbsp%3B%26nbsp%3B%26nbsp%3B%26nbsp%3BN%C3%A3o%0Averifica%C3%A7%C3%A3o%20do%20motivo%20indicado%20pela%20empresa%20para%20ado%C3%A7%C3%A3o%20do%20regime%3B%3C%2Fspan%3E%3Cspan%20lang%3D%22PT-BR%22%3E%3Co%3Ap%3E%3C%2Fo%3Ap%3E%3C%2Fspan%3E%3C%2Fspan%3E%3C%2Fp%3E%3Cp%20class%3D%22MsoNormal%22%20style%3D%22margin%3A%2011.25pt%2011.25pt%2011.25pt%2022.5pt%3B%20text-indent%3A%20-18pt%3B%20line-height%3A%2016pt%3B%20vertical-align%3A%20baseline%3B%20background-image%3A%20initial%3B%20background-attachment%3A%20initial%3B%20background-size%3A%20initial%3B%20background-origin%3A%20initial%3B%20background-clip%3A%20initial%3B%20background-position%3A%20initial%3B%20background-repeat%3A%20initial%3B%22%3E%3Cspan%20style%3D%22font-family%3A%20verdana%2C%20sans-serif%3B%20font-size%3A%20medium%3B%22%3E%3Cspan%20lang%3D%22PT-BR%22%20style%3D%22letter-spacing%3A%200.15pt%3B%22%3E%C2%B7%26nbsp%3B%26nbsp%3B%26nbsp%3B%26nbsp%3B%26nbsp%3B%26nbsp%3B%26nbsp%3B%26nbsp%3B%26nbsp%3BFalta%0Adas%20comunica%C3%A7%C3%B5es%20ou%20recusa%20de%20participa%C3%A7%C3%A3o%20no%20procedimento%20de%20informa%C3%A7%C3%A3o%20e%0Anegocia%C3%A7%C3%A3o%20por%20parte%20do%20empregador%3B%3C%2Fspan%3E%3Cspan%20lang%3D%22PT-BR%22%3E%3Co%3Ap%3E%3C%2Fo%3Ap%3E%3C%2Fspan%3E%3C%2Fspan%3E%3C%2Fp%3E%3Cp%20class%3D%22MsoNormal%22%20style%3D%22margin%3A%2011.25pt%2011.25pt%2011.25pt%2022.5pt%3B%20text-indent%3A%20-18pt%3B%20line-height%3A%2016pt%3B%20vertical-align%3A%20baseline%3B%20background-image%3A%20initial%3B%20background-attachment%3A%20initial%3B%20background-size%3A%20initial%3B%20background-origin%3A%20initial%3B%20background-clip%3A%20initial%3B%20background-position%3A%20initial%3B%20background-repeat%3A%20initial%3B%22%3E%3Cspan%20style%3D%22font-family%3A%20verdana%2C%20sans-serif%3B%20font-size%3A%20medium%3B%22%3E%3Cspan%20lang%3D%22PT-BR%22%20style%3D%22letter-spacing%3A%200.15pt%3B%22%3E%C2%B7%26nbsp%3B%26nbsp%3B%26nbsp%3B%26nbsp%3B%26nbsp%3B%26nbsp%3B%26nbsp%3B%26nbsp%3B%26nbsp%3BFalta%0Ade%20pagamento%20pontual%20das%20contribui%C3%A7%C3%B5es%20para%20a%20seguridade%20social%20sobre%20a%0Aremunera%C3%A7%C3%A3o%20auferida%20pelos%20trabalhadores%3B%3C%2Fspan%3E%3Cspan%20lang%3D%22PT-BR%22%3E%3Co%3Ap%3E%3C%2Fo%3Ap%3E%3C%2Fspan%3E%3C%2Fspan%3E%3C%2Fp%3E%3Cp%20class%3D%22MsoNormal%22%20style%3D%22margin%3A%2011.25pt%2011.25pt%2011.25pt%2022.5pt%3B%20text-indent%3A%20-18pt%3B%20line-height%3A%2016pt%3B%20vertical-align%3A%20baseline%3B%20background-image%3A%20initial%3B%20background-attachment%3A%20initial%3B%20background-size%3A%20initial%3B%20background-origin%3A%20initial%3B%20background-clip%3A%20initial%3B%20background-position%3A%20initial%3B%20background-repeat%3A%20initial%3B%22%3E%3Cspan%20style%3D%22font-family%3A%20verdana%2C%20sans-serif%3B%20font-size%3A%20medium%3B%22%3E%3Cspan%20lang%3D%22PT-BR%22%20style%3D%22letter-spacing%3A%200.15pt%3B%22%3E%C2%B7%26nbsp%3B%26nbsp%3B%26nbsp%3B%26nbsp%3B%26nbsp%3B%26nbsp%3B%26nbsp%3B%26nbsp%3B%26nbsp%3BAdmiss%C3%A3o%0Ade%20novos%20trabalhadores%20ou%20renova%C3%A7%C3%A3o%20de%20contrato%20de%20trabalho%20para%20preenchimento%0Ade%20posto%20de%20trabalho%20suscet%C3%ADvel%20de%20ser%20assegurado%20por%20trabalhador%20em%20situa%C3%A7%C3%A3o%0Ade%20redu%C3%A7%C3%A3o%20ou%20suspens%C3%A3o%3B%3C%2Fspan%3E%3Cspan%20lang%3D%22PT-BR%22%3E%3Co%3Ap%3E%3C%2Fo%3Ap%3E%3C%2Fspan%3E%3C%2Fspan%3E%3C%2Fp%3E%3Cp%20class%3D%22MsoNormal%22%20style%3D%22margin%3A%2011.25pt%2011.25pt%2011.25pt%2022.5pt%3B%20text-indent%3A%20-18pt%3B%20line-height%3A%2016pt%3B%20vertical-align%3A%20baseline%3B%20background-image%3A%20initial%3B%20background-attachment%3A%20initial%3B%20background-size%3A%20initial%3B%20background-origin%3A%20initial%3B%20background-clip%3A%20initial%3B%20background-position%3A%20initial%3B%20background-repeat%3A%20initial%3B%22%3E%3Cspan%20style%3D%22font-family%3A%20verdana%2C%20sans-serif%3B%20font-size%3A%20medium%3B%22%3E%3Cspan%20lang%3D%22PT-BR%22%20style%3D%22letter-spacing%3A%200.15pt%3B%22%3E%C2%B7%26nbsp%3B%26nbsp%3B%26nbsp%3B%26nbsp%3B%26nbsp%3B%26nbsp%3B%26nbsp%3B%26nbsp%3B%26nbsp%3BA%0Adecis%C3%A3o%20que%20ponha%20termo%20%C3%A0%20aplica%C3%A7%C3%A3o%20da%20medida%20deve%20indicar%20os%20trabalhadores%20a%0Aquem%20se%20aplica%20e%20produz%20efeitos%20a%20partir%20do%20momento%20em%20que%20o%20empregado%20seja%0Anotificado.%3C%2Fspan%3E%3Cspan%20lang%3D%22PT-BR%22%3E%3Co%3Ap%3E%3C%2Fo%3Ap%3E%3C%2Fspan%3E%3C%2Fspan%3E%3C%2Fp%3E%3Cp%20class%3D%22MsoNormal%22%20style%3D%22margin%3A%2015pt%200cm%3B%20text-align%3A%20justify%3B%20line-height%3A%2016pt%3B%20vertical-align%3A%20baseline%3B%20background-image%3A%20initial%3B%20background-attachment%3A%20initial%3B%20background-size%3A%20initial%3B%20background-origin%3A%20initial%3B%20background-clip%3A%20initial%3B%20background-position%3A%20initial%3B%20background-repeat%3A%20initial%3B%22%3E%3Cspan%20style%3D%22font-family%3A%20verdana%2C%20sans-serif%3B%20font-size%3A%20medium%3B%22%3E%3Cspan%20lang%3D%22PT-BR%22%20style%3D%22letter-spacing%3A%200.15pt%3B%22%3ERefer%C3%AAncia%20Legal%3A%20Artigo%20476%20-%20A%0A-%20Consolida%C3%A7%C3%A3o%20das%20Leis%20do%20Trabalho%20-%20CLT%3C%2Fspan%3E%3Cspan%20lang%3D%22PT-BR%22%3E%3Co%3Ap%3E%3C%2Fo%3Ap%3E%3C%2Fspan%3E%3C%2Fspan%3E%3C%2Fp%3E%3Cp%20class%3D%22MsoNormal%22%20style%3D%22margin%3A%2015pt%200cm%3B%20text-align%3A%20justify%3B%20line-height%3A%2016pt%3B%20vertical-align%3A%20baseline%3B%20background-image%3A%20initial%3B%20background-attachment%3A%20initial%3B%20background-size%3A%20initial%3B%20background-origin%3A%20initial%3B%20background-clip%3A%20initial%3B%20background-position%3A%20initial%3B%20background-repeat%3A%20initial%3B%22%3E%3Cspan%20lang%3D%22PT-BR%22%20style%3D%22letter-spacing%3A%200.15pt%3B%20font-family%3A%20verdana%2C%20sans-serif%3B%20font-size%3A%20medium%3B%22%3E%26nbsp%3BFonte%3Ahttp%3A%2F%2Fwww.migalhas.com.br%2F%3C%2Fspan%3E%3C%2Fp%3E','CLT_-_Art.476-A_.pdf'),(2,'SEMANA ESPANHOLA','%3Ch2%20style%3D%22text-align%3A%20justify%3B%20margin%3A%200cm%200cm%200.0001pt%3B%22%3E%3Cspan%20lang%3D%22PT-BR%22%20style%3D%22font-size%3A%2013pt%3B%20line-height%3A%20115%25%3B%20font-family%3A%20Calibri%2C%20sans-serif%3B%20letter-spacing%3A%200.15pt%3B%22%3EA%0AResolu%C3%A7%C3%A3o%20TP%20n%C2%BA%2001%2F2016%2C%20do%20TribunalPleno%20do%20TRT-SP%20-%202%C2%AA%20Regi%C3%A3o%20editou%20a%20S%C3%BAmula%0A48%2C%20que%20valida%20a%20ado%C3%A7%C3%A3o%20do%20regimede%20compensa%C3%A7%C3%A3o%20denominado%20semana%20espanhola%2C%20na%0Aqual%20se%20adota%2C%20de%20formaalternada%2C%20jornadas%20semanais%20de%2048%20e%2040%20horas%20perfazendo%0Auma%20m%C3%A9dia%20de%2044%20horas%2Cdesde%20que%20tal%20condi%C3%A7%C3%A3o%20conste%20de%20acordo%20ou%20conven%C3%A7%C3%A3o%0Acoletiva%20de%20trabalho.%3C%2Fspan%3E%3C%2Fh2%3E',''),(3,'PROGRAMA DE PROTEÇÃO AO EMPREGO - PPE','%3Cp%20class%3D%22MsoNormal%22%20style%3D%22margin-bottom%3A%200.0001pt%3B%20text-align%3A%20justify%3B%20line-height%3A%20normal%3B%20background-image%3A%20initial%3B%20background-attachment%3A%20initial%3B%20background-size%3A%20initial%3B%20background-origin%3A%20initial%3B%20background-clip%3A%20initial%3B%20background-position%3A%20initial%3B%20background-repeat%3A%20initial%3B%22%3E%3Cspan%20lang%3D%22PT-BR%22%20style%3D%22font-size%3A%2013pt%3B%20font-family%3A%20Helvetica%2C%20sans-serif%3B%20letter-spacing%3A%200.15pt%3B%20background-image%3A%20initial%3B%20background-attachment%3A%20initial%3B%20background-size%3A%20initial%3B%20background-origin%3A%20initial%3B%20background-clip%3A%20initial%3B%20background-position%3A%20initial%3B%20background-repeat%3A%20initial%3B%22%3EO%20Programa%20de%20Prote%C3%A7%C3%A3o%20ao%20Emprego%0A(PPE)%20%C3%A9%20regulado%20pela%20Medida%20Provis%C3%B3ria%26nbsp%3B%3C%2Fspan%3E%3Ca%20href%3D%22http%3A%2F%2Fwww.jusbrasil.com.br%2Flegislacao%2F205855337%2Fmedida-provisoria-680-15%22%20title%3D%22MEDIDA%20PROVIS%C3%93RIA%20N%C2%BA%20680%2C%20DE%206%20DE%20JULHO%20DE%202015.%22%3E%3Cspan%20lang%3D%22PT-BR%22%20style%3D%22font-size%3A%2013pt%3B%20font-family%3A%20Helvetica%2C%20sans-serif%3B%20letter-spacing%3A%200.15pt%3B%20background-image%3A%20initial%3B%20background-attachment%3A%20initial%3B%20background-size%3A%20initial%3B%20background-origin%3A%20initial%3B%20background-clip%3A%20initial%3B%20background-position%3A%20initial%3B%20background-repeat%3A%20initial%3B%22%3E680%3C%2Fspan%3E%3C%2Fa%3E%3Cspan%20lang%3D%22PT-BR%22%20style%3D%22font-size%3A%2013pt%3B%20font-family%3A%20Helvetica%2C%20sans-serif%3B%20letter-spacing%3A%200.15pt%3B%20background-image%3A%20initial%3B%20background-attachment%3A%20initial%3B%20background-size%3A%20initial%3B%20background-origin%3A%20initial%3B%20background-clip%3A%20initial%3B%20background-position%3A%20initial%3B%20background-repeat%3A%20initial%3B%22%3E%2F2015%20estando%20v%C3%A1lido%20desde%207%20de%20Julho%0Ade%202015%2C%20em%20pauta%20atual%20nas%20discuss%C3%B5es%20no%20Poder%20Legislativo%2C%20podendo%20ser%0Aconvertido%20em%20lei.%3Co%3Ap%3E%3C%2Fo%3Ap%3E%3C%2Fspan%3E%3C%2Fp%3E%3Cp%20class%3D%22MsoNormal%22%20style%3D%22margin-bottom%3A%200.0001pt%3B%20text-align%3A%20justify%3B%20line-height%3A%20normal%3B%20background-image%3A%20initial%3B%20background-attachment%3A%20initial%3B%20background-size%3A%20initial%3B%20background-origin%3A%20initial%3B%20background-clip%3A%20initial%3B%20background-position%3A%20initial%3B%20background-repeat%3A%20initial%3B%22%3E%3Cspan%20lang%3D%22PT-BR%22%20style%3D%22font-size%3A%2013pt%3B%20font-family%3A%20Helvetica%2C%20sans-serif%3B%20letter-spacing%3A%200.15pt%3B%20background-image%3A%20initial%3B%20background-attachment%3A%20initial%3B%20background-size%3A%20initial%3B%20background-origin%3A%20initial%3B%20background-clip%3A%20initial%3B%20background-position%3A%20initial%3B%20background-repeat%3A%20initial%3B%22%3E%3Co%3Ap%3E%26nbsp%3B%3C%2Fo%3Ap%3E%3C%2Fspan%3E%3C%2Fp%3E%3Cp%20class%3D%22MsoNormal%22%20style%3D%22margin-bottom%3A%2015pt%3B%20text-align%3A%20justify%3B%20line-height%3A%20normal%3B%20background-image%3A%20initial%3B%20background-attachment%3A%20initial%3B%20background-size%3A%20initial%3B%20background-origin%3A%20initial%3B%20background-clip%3A%20initial%3B%20background-position%3A%20initial%3B%20background-repeat%3A%20initial%3B%22%3E%3Cspan%20lang%3D%22PT-BR%22%20style%3D%22font-size%3A%2013pt%3B%20font-family%3A%20Helvetica%2C%20sans-serif%3B%20letter-spacing%3A%200.15pt%3B%20background-image%3A%20initial%3B%20background-attachment%3A%20initial%3B%20background-size%3A%20initial%3B%20background-origin%3A%20initial%3B%20background-clip%3A%20initial%3B%20background-position%3A%20initial%3B%20background-repeat%3A%20initial%3B%22%3EEm%20tempos%20de%20crise%2C%20a%20legisla%C3%A7%C3%A3o%20trabalhista%20deve%0Aacompanhar%20as%20evolu%C3%A7%C3%B5es%20das%20rela%C3%A7%C3%B5es%20empregat%C3%ADcias%20e%20possibilitar%20a%20prote%C3%A7%C3%A3o%0Ados%20trabalhadores%2C%20sem%20inviabilizar%20a%20atividade%20empresarial.%3Co%3Ap%3E%3C%2Fo%3Ap%3E%3C%2Fspan%3E%3C%2Fp%3E%3Cp%20class%3D%22MsoNormal%22%20style%3D%22margin-bottom%3A%2015pt%3B%20text-align%3A%20justify%3B%20line-height%3A%20normal%3B%20background-image%3A%20initial%3B%20background-attachment%3A%20initial%3B%20background-size%3A%20initial%3B%20background-origin%3A%20initial%3B%20background-clip%3A%20initial%3B%20background-position%3A%20initial%3B%20background-repeat%3A%20initial%3B%22%3E%3Cspan%20lang%3D%22PT-BR%22%20style%3D%22font-size%3A%2013pt%3B%20font-family%3A%20Helvetica%2C%20sans-serif%3B%20letter-spacing%3A%200.15pt%3B%20background-image%3A%20initial%3B%20background-attachment%3A%20initial%3B%20background-size%3A%20initial%3B%20background-origin%3A%20initial%3B%20background-clip%3A%20initial%3B%20background-position%3A%20initial%3B%20background-repeat%3A%20initial%3B%22%3EO%20PPE%20%C3%A9%20uma%20tentativa%20do%20Poder%20Executivo%20de%20contribuir%0Acom%20as%20empresas%2C%20que%20devido%20%C3%A0%20crise%20com%20a%20diminui%C3%A7%C3%A3o%20da%20demanda%2C%20necessitam%0Adiminuir%20a%20produ%C3%A7%C3%A3o%2C%20diminuindo%20turnos%20e%20outros%20gastos%2C%20al%C3%A9m%20de%20proteger%20o%0Atrabalhador%20contra%20a%20dispensa%20arbitr%C3%A1ria%2C%20mesmo%20com%20redu%C3%A7%C3%A3o%20salarial%2C%0Aacompanhada%20de%20redu%C3%A7%C3%A3o%20da%20carga%20hor%C3%A1ria.%20Tamb%C3%A9m%20trata-se%20de%20medida%20que%20visa%0Adiminuir%20os%20gastos%20do%20Governo%20com%20seguro%20desemprego%2C%20pois%20ao%20menos%20em%20tese%2C%20os%0Agastos%20com%20o%20programa%20seriam%20menores%20que%20os%20gastos%20com%20pagamento%20de%20seguro%0Adesemprego%2C%20caso%20as%20empresas%20ao%20inv%C3%A9s%20de%20aderirem%20ao%20programa%20realizassem%0Adispensas%20sem%20justa%20causa.%3Co%3Ap%3E%3C%2Fo%3Ap%3E%3C%2Fspan%3E%3C%2Fp%3E%3Cp%20class%3D%22MsoNormal%22%20style%3D%22margin-bottom%3A%2015pt%3B%20text-align%3A%20justify%3B%20line-height%3A%20normal%3B%20background-image%3A%20initial%3B%20background-attachment%3A%20initial%3B%20background-size%3A%20initial%3B%20background-origin%3A%20initial%3B%20background-clip%3A%20initial%3B%20background-position%3A%20initial%3B%20background-repeat%3A%20initial%3B%22%3E%3Cspan%20lang%3D%22PT-BR%22%20style%3D%22font-size%3A%2013pt%3B%20font-family%3A%20Helvetica%2C%20sans-serif%3B%20letter-spacing%3A%200.15pt%3B%20background-image%3A%20initial%3B%20background-attachment%3A%20initial%3B%20background-size%3A%20initial%3B%20background-origin%3A%20initial%3B%20background-clip%3A%20initial%3B%20background-position%3A%20initial%3B%20background-repeat%3A%20initial%3B%22%3EA%20empresa%20deve%20fazer%20ades%C3%A3o%20ao%20programa%20para%20que%20o%0Amesmo%20tenha%20validade%2C%20o%20que%20dever%C3%A1%20ocorrer%20at%C3%A9%2031%20de%20dezembro%20de%202016.%3Co%3Ap%3E%3C%2Fo%3Ap%3E%3C%2Fspan%3E%3C%2Fp%3E%3Cp%20class%3D%22MsoNormal%22%20style%3D%22margin-bottom%3A%2015pt%3B%20text-align%3A%20justify%3B%20line-height%3A%20normal%3B%20background-image%3A%20initial%3B%20background-attachment%3A%20initial%3B%20background-size%3A%20initial%3B%20background-origin%3A%20initial%3B%20background-clip%3A%20initial%3B%20background-position%3A%20initial%3B%20background-repeat%3A%20initial%3B%22%3E%3Cspan%20lang%3D%22PT-BR%22%20style%3D%22font-size%3A%2013pt%3B%20font-family%3A%20Helvetica%2C%20sans-serif%3B%20letter-spacing%3A%200.15pt%3B%20background-image%3A%20initial%3B%20background-attachment%3A%20initial%3B%20background-size%3A%20initial%3B%20background-origin%3A%20initial%3B%20background-clip%3A%20initial%3B%20background-position%3A%20initial%3B%20background-repeat%3A%20initial%3B%22%3EAtualmente%20qualquer%20empresa%20pode%20aderir%2C%20embora%20pode%0Ahaver%20limita%C3%A7%C3%A3o%20futura%20por%20Comit%C3%AA%20Interministerial%20respons%C3%A1vel%20por%20tal%20programa%3Co%3Ap%3E%3C%2Fo%3Ap%3E%3C%2Fspan%3E%3C%2Fp%3E%3Cp%20class%3D%22MsoNormal%22%20style%3D%22margin-bottom%3A%2015pt%3B%20text-align%3A%20justify%3B%20line-height%3A%20normal%3B%20background-image%3A%20initial%3B%20background-attachment%3A%20initial%3B%20background-size%3A%20initial%3B%20background-origin%3A%20initial%3B%20background-clip%3A%20initial%3B%20background-position%3A%20initial%3B%20background-repeat%3A%20initial%3B%22%3E%3Cspan%20lang%3D%22PT-BR%22%20style%3D%22font-size%3A%2013pt%3B%20font-family%3A%20Helvetica%2C%20sans-serif%3B%20letter-spacing%3A%200.15pt%3B%20background-image%3A%20initial%3B%20background-attachment%3A%20initial%3B%20background-size%3A%20initial%3B%20background-origin%3A%20initial%3B%20background-clip%3A%20initial%3B%20background-position%3A%20initial%3B%20background-repeat%3A%20initial%3B%22%3EA%20ades%C3%A3o%20se%20realiza%20por%20acordo%20coletivo%20espec%C3%ADfico%20com%0Ao%20sindicato%20da%20categoria%20estando%20comprovada%20a%20situa%C3%A7%C3%A3o%20de%20dificuldades%0Aecon%C3%B4mico-financeiras%20perante%20o%20Comit%C3%AA%20Interministerial%20do%20PPE.%20Uma%20vez%0Arealizada%20a%20ades%C3%A3o%2C%20os%20empregados%20s%C3%A3o%20obrigados%20a%20acatar%20a%20redu%C3%A7%C3%A3o%20na%20jornada%0Ade%20trabalho%20e%20nos%20seus%20vencimentos.%3Co%3Ap%3E%3C%2Fo%3Ap%3E%3C%2Fspan%3E%3C%2Fp%3E%3Cp%20class%3D%22MsoNormal%22%20style%3D%22margin-bottom%3A%2015pt%3B%20text-align%3A%20justify%3B%20line-height%3A%20normal%3B%20background-image%3A%20initial%3B%20background-attachment%3A%20initial%3B%20background-size%3A%20initial%3B%20background-origin%3A%20initial%3B%20background-clip%3A%20initial%3B%20background-position%3A%20initial%3B%20background-repeat%3A%20initial%3B%22%3E%3Cspan%20lang%3D%22PT-BR%22%20style%3D%22font-size%3A%2013pt%3B%20font-family%3A%20Helvetica%2C%20sans-serif%3B%20letter-spacing%3A%200.15pt%3B%20background-image%3A%20initial%3B%20background-attachment%3A%20initial%3B%20background-size%3A%20initial%3B%20background-origin%3A%20initial%3B%20background-clip%3A%20initial%3B%20background-position%3A%20initial%3B%20background-repeat%3A%20initial%3B%22%3EA%20dificuldade%20financeira%20%C3%A9%20presumida%20se%20o%20Indicador%0AL%C3%ADquido%20de%20Emprego%20for%20igual%20a%201%25%2C%20ou%20seja%2C%20nos%2012%20meses%20anteriores%20%C3%A0%20ades%C3%A3o%2C%20o%0Atotal%20de%20empregados%20da%20empresa%20deve%20ter%20diminu%C3%ADdo%20ficado%20est%C3%A1vel%20ou%20aumentado%0Ano%20m%C3%A1ximo%201%20%25.%20Nos%20demais%20casos%20a%20empresa%20poder%20requerer%20a%20ades%C3%A3o%20com%0Ainforma%C3%A7%C3%B5es%20adicionais%2C%20que%20ser%C3%A1%20analisado%20pelo%20Comit%C3%AA%20Interministerial%20do%20PPE.%3Co%3Ap%3E%3C%2Fo%3Ap%3E%3C%2Fspan%3E%3C%2Fp%3E%3Cp%20class%3D%22MsoNormal%22%20style%3D%22margin-bottom%3A%2015pt%3B%20text-align%3A%20justify%3B%20line-height%3A%20normal%3B%20background-image%3A%20initial%3B%20background-attachment%3A%20initial%3B%20background-size%3A%20initial%3B%20background-origin%3A%20initial%3B%20background-clip%3A%20initial%3B%20background-position%3A%20initial%3B%20background-repeat%3A%20initial%3B%22%3E%3Cspan%20lang%3D%22PT-BR%22%20style%3D%22font-size%3A%2013pt%3B%20font-family%3A%20Helvetica%2C%20sans-serif%3B%20letter-spacing%3A%200.15pt%3B%20background-image%3A%20initial%3B%20background-attachment%3A%20initial%3B%20background-size%3A%20initial%3B%20background-origin%3A%20initial%3B%20background-clip%3A%20initial%3B%20background-position%3A%20initial%3B%20background-repeat%3A%20initial%3B%22%3EA%20empresa%20tamb%C3%A9m%20deve%20comprovar%20a%20impossibilidade%20de%0Autiliza%C3%A7%C3%A3o%20de%20banco%20de%20horas%20e%20f%C3%A9rias%20coletivas%20em%20rela%C3%A7%C3%A3o%20aos%20seus%20empregados.%3Co%3Ap%3E%3C%2Fo%3Ap%3E%3C%2Fspan%3E%3C%2Fp%3E%3Cp%20class%3D%22MsoNormal%22%20style%3D%22margin-bottom%3A%2015pt%3B%20text-align%3A%20justify%3B%20line-height%3A%20normal%3B%20background-image%3A%20initial%3B%20background-attachment%3A%20initial%3B%20background-size%3A%20initial%3B%20background-origin%3A%20initial%3B%20background-clip%3A%20initial%3B%20background-position%3A%20initial%3B%20background-repeat%3A%20initial%3B%22%3E%3Cspan%20lang%3D%22PT-BR%22%20style%3D%22font-size%3A%2013pt%3B%20font-family%3A%20Helvetica%2C%20sans-serif%3B%20letter-spacing%3A%200.15pt%3B%20background-image%3A%20initial%3B%20background-attachment%3A%20initial%3B%20background-size%3A%20initial%3B%20background-origin%3A%20initial%3B%20background-clip%3A%20initial%3B%20background-position%3A%20initial%3B%20background-repeat%3A%20initial%3B%22%3EFonte%3A%20%3Co%3Ap%3E%3C%2Fo%3Ap%3E%3C%2Fspan%3E%3C%2Fp%3E%3Cp%20class%3D%22MsoNormal%22%20style%3D%22margin-bottom%3A%2015pt%3B%20text-align%3A%20justify%3B%20line-height%3A%20normal%3B%20background-image%3A%20initial%3B%20background-attachment%3A%20initial%3B%20background-size%3A%20initial%3B%20background-origin%3A%20initial%3B%20background-clip%3A%20initial%3B%20background-position%3A%20initial%3B%20background-repeat%3A%20initial%3B%22%3E%3Ca%20href%3D%22http%3A%2F%2Fwww.planalto.gov.br%2Fccivil_03%2F_Ato2015-2018%2F2015%2FLei%2FL13189.htm%22%3E%3Cspan%20lang%3D%22PT-BR%22%20style%3D%22font-size%3A%2013pt%3B%20font-family%3A%20Helvetica%2C%20sans-serif%3B%20letter-spacing%3A%200.15pt%3B%20background-image%3A%20initial%3B%20background-attachment%3A%20initial%3B%20background-size%3A%20initial%3B%20background-origin%3A%20initial%3B%20background-clip%3A%20initial%3B%20background-position%3A%20initial%3B%20background-repeat%3A%20initial%3B%22%3Ehttp%3A%2F%2Fwww.planalto.gov.br%2Fccivil_03%2F_Ato2015-2018%2F2015%2FLei%2FL13189.htm%3C%2Fspan%3E%3C%2Fa%3E%3Cspan%20lang%3D%22PT-BR%22%20style%3D%22font-size%3A%2013pt%3B%20font-family%3A%20Helvetica%2C%20sans-serif%3B%20letter-spacing%3A%200.15pt%3B%20background-image%3A%20initial%3B%20background-attachment%3A%20initial%3B%20background-size%3A%20initial%3B%20background-origin%3A%20initial%3B%20background-clip%3A%20initial%3B%20background-position%3A%20initial%3B%20background-repeat%3A%20initial%3B%22%3E%3Co%3Ap%3E%3C%2Fo%3Ap%3E%3C%2Fspan%3E%3C%2Fp%3E%3Cp%20class%3D%22MsoNormal%22%20style%3D%22margin-bottom%3A%2015pt%3B%20text-align%3A%20justify%3B%20line-height%3A%20normal%3B%20background-image%3A%20initial%3B%20background-attachment%3A%20initial%3B%20background-size%3A%20initial%3B%20background-origin%3A%20initial%3B%20background-clip%3A%20initial%3B%20background-position%3A%20initial%3B%20background-repeat%3A%20initial%3B%22%3E%3Ca%20href%3D%22http%3A%2F%2Fwww.planalto.gov.br%2Fccivil_03%2F_Ato2015-2018%2F2015%2FMpv%2Fmpv680.htm%22%3E%3Cspan%20lang%3D%22PT-BR%22%20style%3D%22font-size%3A%2013pt%3B%20font-family%3A%20Helvetica%2C%20sans-serif%3B%20letter-spacing%3A%200.15pt%3B%20background-image%3A%20initial%3B%20background-attachment%3A%20initial%3B%20background-size%3A%20initial%3B%20background-origin%3A%20initial%3B%20background-clip%3A%20initial%3B%20background-position%3A%20initial%3B%20background-repeat%3A%20initial%3B%22%3Ehttp%3A%2F%2Fwww.planalto.gov.br%2Fccivil_03%2F_Ato2015-2018%2F2015%2FMpv%2Fmpv680.htm%3C%2Fspan%3E%3C%2Fa%3E%3Cspan%20lang%3D%22PT-BR%22%20style%3D%22font-size%3A%2013pt%3B%20font-family%3A%20Helvetica%2C%20sans-serif%3B%20letter-spacing%3A%200.15pt%3B%20background-image%3A%20initial%3B%20background-attachment%3A%20initial%3B%20background-size%3A%20initial%3B%20background-origin%3A%20initial%3B%20background-clip%3A%20initial%3B%20background-position%3A%20initial%3B%20background-repeat%3A%20initial%3B%22%3E%3Co%3Ap%3E%3C%2Fo%3Ap%3E%3C%2Fspan%3E%3C%2Fp%3E%3Cp%20class%3D%22MsoNormal%22%20style%3D%22margin-bottom%3A%2015pt%3B%20text-align%3A%20justify%3B%20line-height%3A%20normal%3B%20background-image%3A%20initial%3B%20background-attachment%3A%20initial%3B%20background-size%3A%20initial%3B%20background-origin%3A%20initial%3B%20background-clip%3A%20initial%3B%20background-position%3A%20initial%3B%20background-repeat%3A%20initial%3B%22%3E%3Ca%20href%3D%22http%3A%2F%2Fwww.planejamento.gov.br%2Fapresentacoes%2Fapresentacoes-2015%2Fapresentacao_ppe.pdf%22%3E%3Cspan%20lang%3D%22PT-BR%22%20style%3D%22font-size%3A%2013pt%3B%20font-family%3A%20Helvetica%2C%20sans-serif%3B%20letter-spacing%3A%200.15pt%3B%20background-image%3A%20initial%3B%20background-attachment%3A%20initial%3B%20background-size%3A%20initial%3B%20background-origin%3A%20initial%3B%20background-clip%3A%20initial%3B%20background-position%3A%20initial%3B%20background-repeat%3A%20initial%3B%22%3Ehttp%3A%2F%2Fwww.planejamento.gov.br%2Fapresentacoes%2Fapresentacoes-2015%2Fapresentacao_ppe.pdf%3C%2Fspan%3E%3C%2Fa%3E%3Cspan%20lang%3D%22PT-BR%22%20style%3D%22font-size%3A%2013pt%3B%20font-family%3A%20Helvetica%2C%20sans-serif%3B%20letter-spacing%3A%200.15pt%3B%20background-image%3A%20initial%3B%20background-attachment%3A%20initial%3B%20background-size%3A%20initial%3B%20background-origin%3A%20initial%3B%20background-clip%3A%20initial%3B%20background-position%3A%20initial%3B%20background-repeat%3A%20initial%3B%22%3E%3Co%3Ap%3E%3C%2Fo%3Ap%3E%3C%2Fspan%3E%3C%2Fp%3E%3Cp%20class%3D%22MsoNormal%22%20style%3D%22margin-bottom%3A%200.0001pt%3B%20text-align%3A%20justify%3B%20line-height%3A%2018pt%3B%20background-image%3A%20initial%3B%20background-attachment%3A%20initial%3B%20background-size%3A%20initial%3B%20background-origin%3A%20initial%3B%20background-clip%3A%20initial%3B%20background-position%3A%20initial%3B%20background-repeat%3A%20initial%3B%22%3E%0A%0A%0A%0A%0A%0A%0A%0A%0A%0A%0A%0A%0A%0A%0A%0A%0A%0A%0A%0A%0A%0A%0A%0A%3Cbr%3E%3C%2Fp%3E%3Cspan%20lang%3D%22PT-BR%22%20style%3D%22font-size%3A%2013pt%3B%20line-height%3A%20115%25%3B%20font-family%3A%20Helvetica%2C%20sans-serif%3B%20letter-spacing%3A%200.15pt%3B%20background-image%3A%20initial%3B%20background-attachment%3A%20initial%3B%20background-size%3A%20initial%3B%20background-origin%3A%20initial%3B%20background-clip%3A%20initial%3B%20background-position%3A%20initial%3B%20background-repeat%3A%20initial%3B%22%3E%3C%2Fspan%3E','Apresentação_PPE_-_Governo.pdf'),(4,'REDUÇÃO DE DIAS - MANUFATURA','%3Cp%20class%3D%22MsoNormal%22%20style%3D%22text-align%3Ajustify%22%3E%3Cspan%20lang%3D%22PT-BR%22%20style%3D%22font-size%3A%2013pt%3B%20line-height%3A%20115%25%3B%20font-family%3A%20Helvetica%2C%20sans-serif%3B%20letter-spacing%3A%200.15pt%3B%20background-image%3A%20initial%3B%20background-attachment%3A%20initial%3B%20background-size%3A%20initial%3B%20background-origin%3A%20initial%3B%20background-clip%3A%20initial%3B%20background-position%3A%20initial%3B%20background-repeat%3A%20initial%3B%22%3EA%0Aredu%C3%A7%C3%A3o%20de%20dias%20ou%20%E2%80%9CDown%20Days%E2%80%9D%20nada%20mais%20%C3%A9%20do%20que%20uma%20forma%20de%20compensa%C3%A7%C3%A3o%20de%0Ahoras%20a%20D%C3%A9bito%20(negativo)%20e%20Cr%C3%A9dito%20(positivo)%20e%20esta%20ferramenta%20de%0Aflexibilidade%20foi%20adotada%20no%20Brasil%20atrav%C3%A9s%20da%26nbsp%3B%3Ca%20href%3D%22http%3A%2F%2Fwww.normaslegais.com.br%2Flegislacao%2Ftributario%2Fl9601.htm%22%3E%3Cspan%20style%3D%22color%3A%20rgb(51%2C%2051%2C%2051)%3B%22%3ELei%209.601%2F98%3C%2Fspan%3E%3C%2Fa%3E%2C%0Aque%20alterou%20o%20art.%2059%20da%20CLT%2C%26nbsp%3Bmomento%20em%20que%20o%20pa%C3%ADs%20atravessava%20uma%20recess%C3%A3o%0Aecon%C3%B4mica%20que%20gerou%20a%20demiss%C3%A3o%20de%20trabalhadores%2C%20al%C3%A9m%20do%20encerramento%20de%0Aatividades%20das%20empresas.%3Co%3Ap%3E%3C%2Fo%3Ap%3E%3C%2Fspan%3E%3C%2Fp%3E%0A%0A%3Cp%20class%3D%22MsoNormal%22%20style%3D%22text-align%3A%20justify%3B%20widows%3A%202%3B%20font-stretch%3A%20normal%3B%20orphans%3A%202%3B%22%3E%3Cspan%20lang%3D%22PT-BR%22%20style%3D%22font-size%3A%2013pt%3B%20line-height%3A%20115%25%3B%20font-family%3A%20Helvetica%2C%20sans-serif%3B%20letter-spacing%3A%200.15pt%3B%20background-image%3A%20initial%3B%20background-attachment%3A%20initial%3B%20background-size%3A%20initial%3B%20background-origin%3A%20initial%3B%20background-clip%3A%20initial%3B%20background-position%3A%20initial%3B%20background-repeat%3A%20initial%3B%22%3EO%0AGoverno%20procurou%2C%20atrav%C3%A9s%20da%20edi%C3%A7%C3%A3o%20desta%20lei%2C%20flexibilizar%20alguns%20direitos%0Atrabalhistas%20previstos%20na%26nbsp%3B%3Ca%20href%3D%22http%3A%2F%2Fwww.guiatrabalhista.com.br%2Ftematicas%2Fclt.htm%22%3E%3Cspan%20style%3D%22color%3A%20rgb(51%2C%2051%2C%2051)%3B%22%3ECLT%3C%2Fspan%3E%3C%2Fa%3E%26nbsp%3Bde%0Aforma%20a%20combater%20o%20desemprego%20e%20amenizar%20o%20impacto%20trabalhista%2C%20autorizando%20as%0Aempresas%2C%20em%20momentos%20de%20dificuldades%20ou%20crises%20tempor%C3%A1rias%2C%20a%20conceder%20folga%20a%0Aseus%20empregados%20com%20a%20possibilidade%20de%20recupera%C3%A7%C3%A3o%20destas%20horas%20posteriormente.%3Co%3Ap%3E%3C%2Fo%3Ap%3E%3C%2Fspan%3E%3C%2Fp%3E%0A%0A%3Cp%20class%3D%22MsoNormal%22%20style%3D%22text-align%3A%20justify%3B%20widows%3A%202%3B%20font-stretch%3A%20normal%3B%20orphans%3A%202%3B%22%3E%3Cspan%20lang%3D%22PT-BR%22%20style%3D%22font-size%3A%2013pt%3B%20line-height%3A%20115%25%3B%20font-family%3A%20Helvetica%2C%20sans-serif%3B%20letter-spacing%3A%200.15pt%3B%20background-image%3A%20initial%3B%20background-attachment%3A%20initial%3B%20background-size%3A%20initial%3B%20background-origin%3A%20initial%3B%20background-clip%3A%20initial%3B%20background-position%3A%20initial%3B%20background-repeat%3A%20initial%3B%22%3EA%0Alei%20prev%C3%AA%20tamb%C3%A9m%20que%20esta%20pr%C3%A1tica%20s%C3%B3%20%C3%A9%20legal%20se%20for%20acordada%20em%20Conven%C3%A7%C3%A3o%20ou%0AAcordo%20Coletivo%20de%20Trabalho%20com%20a%20participa%C3%A7%C3%A3o%20do%26nbsp%3B%3Ca%20href%3D%22http%3A%2F%2Fwww.guiatrabalhista.com.br%2Fguia%2Fsindicato.htm%22%3E%3Cspan%20style%3D%22color%3A%20rgb(51%2C%2051%2C%2051)%3B%22%3ESindicato%3C%2Fspan%3E%3C%2Fa%3E%26nbsp%3Bda%0Acategoria%20representativa.%20A%20quantidade%20de%20horas%20trabalhadas%2C%20hor%C3%A1rios%2C%20per%C3%ADodo%0Ae%20forma%20de%20compensa%C3%A7%C3%A3o%20das%20horas%20de%20redu%C3%A7%C3%A3o%20de%20jornada%20devem%20constar%20na%0Aconven%C3%A7%C3%A3o%20ou%20acordo%20coletivo%20de%20trabalho.%3Co%3Ap%3E%3C%2Fo%3Ap%3E%3C%2Fspan%3E%3C%2Fp%3E%0A%0A%3Cp%20class%3D%22MsoNormal%22%20style%3D%22text-align%3A%20justify%3B%20widows%3A%202%3B%20font-stretch%3A%20normal%3B%20orphans%3A%202%3B%22%3E%3Cspan%20lang%3D%22PT-BR%22%20style%3D%22font-size%3A%2013pt%3B%20line-height%3A%20115%25%3B%20font-family%3A%20Helvetica%2C%20sans-serif%3B%20letter-spacing%3A%200.15pt%3B%20background-image%3A%20initial%3B%20background-attachment%3A%20initial%3B%20background-size%3A%20initial%3B%20background-origin%3A%20initial%3B%20background-clip%3A%20initial%3B%20background-position%3A%20initial%3B%20background-repeat%3A%20initial%3B%22%3EA%0Adecis%C3%A3o%20tamb%C3%A9m%20deve%20ser%20discutida%20e%20votada%2C%20geralmente%20por%20aclama%C3%A7%C3%A3o%20com%20os%0Atrabalhadores%2C%20uma%20vez%20que%20s%C3%A3o%20estes%20os%20envolvidos.%3Co%3Ap%3E%3C%2Fo%3Ap%3E%3C%2Fspan%3E%3C%2Fp%3E%0A%0A%3Cp%20class%3D%22MsoNormal%22%20style%3D%22text-align%3A%20justify%3B%20widows%3A%202%3B%20font-stretch%3A%20normal%3B%20orphans%3A%202%3B%22%3E%3Cspan%20lang%3D%22PT-BR%22%20style%3D%22font-size%3A%2013pt%3B%20line-height%3A%20115%25%3B%20font-family%3A%20Helvetica%2C%20sans-serif%3B%20letter-spacing%3A%200.15pt%3B%20background-image%3A%20initial%3B%20background-attachment%3A%20initial%3B%20background-size%3A%20initial%3B%20background-origin%3A%20initial%3B%20background-clip%3A%20initial%3B%20background-position%3A%20initial%3B%20background-repeat%3A%20initial%3B%22%3ETrata-se%0Ade%20uma%20ferramenta%20importante%20que%20visa%20proporcionar%20ao%20empregador%20e%20ao%20empregado%0Auma%20flexibiliza%C3%A7%C3%A3o%20na%20jornada%2C%20evitando%26nbsp%3Buma%20onerosidade%20sobre%26nbsp%3Ba%26nbsp%3B%3Ca%20href%3D%22http%3A%2F%2Fwww.guiatrabalhista.com.br%2Fguia%2Ffolha_pagamento.htm%22%3E%3Cspan%20style%3D%22color%3A%20rgb(51%2C%2051%2C%2051)%3B%22%3Efolha%20de%0Apagamento%3C%2Fspan%3E%3C%2Fa%3E%26nbsp%3B(pela%20desnecessidade%20do%20pagamento%20de%20horas%20extras)%20e%0Apossibilitando%20a%20aus%C3%AAncia%20do%20empregado%20(sem%20o%20preju%C3%ADzo%20do%20sal%C3%A1rio)%20desde%20que%0Aobservadas%20as%20exig%C3%AAncias%20legais.%3Co%3Ap%3E%3C%2Fo%3Ap%3E%3C%2Fspan%3E%3C%2Fp%3E%0A%0A%3Cp%20class%3D%22MsoNormal%22%20style%3D%22text-align%3A%20justify%3B%20widows%3A%202%3B%20font-stretch%3A%20normal%3B%20orphans%3A%202%3B%22%3E%3Cspan%20lang%3D%22PT-BR%22%20style%3D%22font-size%3A%2013pt%3B%20line-height%3A%20115%25%3B%20font-family%3A%20Helvetica%2C%20sans-serif%3B%20letter-spacing%3A%200.15pt%3B%20background-image%3A%20initial%3B%20background-attachment%3A%20initial%3B%20background-size%3A%20initial%3B%20background-origin%3A%20initial%3B%20background-clip%3A%20initial%3B%20background-position%3A%20initial%3B%20background-repeat%3A%20initial%3B%22%3E%3Co%3Ap%3E%26nbsp%3B%3C%2Fo%3Ap%3E%3C%2Fspan%3E%3C%2Fp%3E%0A%0A%3Cp%20class%3D%22MsoNormal%22%20style%3D%22text-align%3Ajustify%22%3E%3Cspan%20lang%3D%22PT-BR%22%20style%3D%22font-size%3A%2013pt%3B%20line-height%3A%20115%25%3B%20font-family%3A%20Helvetica%2C%20sans-serif%3B%20letter-spacing%3A%200.15pt%3B%20background-image%3A%20initial%3B%20background-attachment%3A%20initial%3B%20background-size%3A%20initial%3B%20background-origin%3A%20initial%3B%20background-clip%3A%20initial%3B%20background-position%3A%20initial%3B%20background-repeat%3A%20initial%3B%22%3ERequisitos%0Aa%20serem%20observados%3A%3Co%3Ap%3E%3C%2Fo%3Ap%3E%3C%2Fspan%3E%3C%2Fp%3E%0A%0A%3Cp%20class%3D%22MsoListParagraphCxSpFirst%22%20style%3D%22text-align%3A%20justify%3B%20text-indent%3A%20-18pt%3B%20widows%3A%202%3B%20font-stretch%3A%20normal%3B%20orphans%3A%202%3B%22%3E%3C!--%5Bif%20!supportLists%5D--%3E%3Cspan%20lang%3D%22PT-BR%22%20style%3D%22font-size%3A%2013pt%3B%20line-height%3A%20115%25%3B%20font-family%3A%20Symbol%3B%20letter-spacing%3A%200.15pt%3B%22%3E%C2%B7%3Cspan%20style%3D%22font-stretch%3A%20normal%3B%20font-size%3A%207pt%3B%20line-height%3A%20normal%3B%20font-family%3A%20\'Times%20New%20Roman\'%3B%22%3E%26nbsp%3B%26nbsp%3B%26nbsp%3B%26nbsp%3B%26nbsp%3B%26nbsp%3B%26nbsp%3B%0A%3C%2Fspan%3E%3C%2Fspan%3E%3C!--%5Bendif%5D--%3E%3Cspan%20lang%3D%22PT-BR%22%20style%3D%22font-size%3A%2013pt%3B%20line-height%3A%20115%25%3B%20font-family%3A%20Helvetica%2C%20sans-serif%3B%20letter-spacing%3A%200.15pt%3B%20background-image%3A%20initial%3B%20background-attachment%3A%20initial%3B%20background-size%3A%20initial%3B%20background-origin%3A%20initial%3B%20background-clip%3A%20initial%3B%20background-position%3A%20initial%3B%20background-repeat%3A%20initial%3B%22%3EPrevis%C3%A3o%20em%20Conven%C3%A7%C3%A3o%20ou%20Acordo%0AColetivo%20de%20trabalho%3B%3Co%3Ap%3E%3C%2Fo%3Ap%3E%3C%2Fspan%3E%3C%2Fp%3E%0A%0A%3Cp%20class%3D%22MsoListParagraphCxSpMiddle%22%20style%3D%22text-align%3Ajustify%3Btext-indent%3A-18.0pt%3B%0Amso-list%3Al0%20level1%20lfo1%22%3E%3C!--%5Bif%20!supportLists%5D--%3E%3Cspan%20lang%3D%22PT-BR%22%20style%3D%22font-size%3A%2013pt%3B%20line-height%3A%20115%25%3B%20font-family%3A%20Symbol%3B%20letter-spacing%3A%200.15pt%3B%22%3E%C2%B7%3Cspan%20style%3D%22font-stretch%3A%20normal%3B%20font-size%3A%207pt%3B%20line-height%3A%20normal%3B%20font-family%3A%20\'Times%20New%20Roman\'%3B%22%3E%26nbsp%3B%26nbsp%3B%26nbsp%3B%26nbsp%3B%26nbsp%3B%26nbsp%3B%26nbsp%3B%0A%3C%2Fspan%3E%3C%2Fspan%3E%3C!--%5Bendif%5D--%3E%3Cspan%20lang%3D%22PT-BR%22%20style%3D%22font-size%3A%2013pt%3B%20line-height%3A%20115%25%3B%20font-family%3A%20Helvetica%2C%20sans-serif%3B%20letter-spacing%3A%200.15pt%3B%20background-image%3A%20initial%3B%20background-attachment%3A%20initial%3B%20background-size%3A%20initial%3B%20background-origin%3A%20initial%3B%20background-clip%3A%20initial%3B%20background-position%3A%20initial%3B%20background-repeat%3A%20initial%3B%22%3EAprova%C3%A7%C3%A3o%20dos%20empregados%0Adevidamente%20representados%20pelo%20Sindicado%20da%20Categoria%3B%3Co%3Ap%3E%3C%2Fo%3Ap%3E%3C%2Fspan%3E%3C%2Fp%3E%0A%0A%3Cp%20class%3D%22MsoListParagraphCxSpMiddle%22%20style%3D%22text-align%3Ajustify%3Btext-indent%3A-18.0pt%3B%0Amso-list%3Al0%20level1%20lfo1%22%3E%3C!--%5Bif%20!supportLists%5D--%3E%3Cspan%20lang%3D%22PT-BR%22%20style%3D%22font-size%3A%2013pt%3B%20line-height%3A%20115%25%3B%20font-family%3A%20Symbol%3B%20letter-spacing%3A%200.15pt%3B%22%3E%C2%B7%3Cspan%20style%3D%22font-stretch%3A%20normal%3B%20font-size%3A%207pt%3B%20line-height%3A%20normal%3B%20font-family%3A%20\'Times%20New%20Roman\'%3B%22%3E%26nbsp%3B%26nbsp%3B%26nbsp%3B%26nbsp%3B%26nbsp%3B%26nbsp%3B%26nbsp%3B%0A%3C%2Fspan%3E%3C%2Fspan%3E%3C!--%5Bendif%5D--%3E%3Cspan%20lang%3D%22PT-BR%22%20style%3D%22font-size%3A%2013pt%3B%20line-height%3A%20115%25%3B%20font-family%3A%20Helvetica%2C%20sans-serif%3B%20letter-spacing%3A%200.15pt%3B%20background-image%3A%20initial%3B%20background-attachment%3A%20initial%3B%20background-size%3A%20initial%3B%20background-origin%3A%20initial%3B%20background-clip%3A%20initial%3B%20background-position%3A%20initial%3B%20background-repeat%3A%20initial%3B%22%3EJornada%20m%C3%A1xima%20di%C3%A1ria%20de%2010%0A(dez)%20horas%2C%20salvo%20os%20regimes%20de%20escala%20(como%20o%20de%2012%20x%2036)%3B%3Co%3Ap%3E%3C%2Fo%3Ap%3E%3C%2Fspan%3E%3C%2Fp%3E%0A%0A%3Cp%20class%3D%22MsoListParagraphCxSpMiddle%22%20style%3D%22text-align%3Ajustify%3Btext-indent%3A-18.0pt%3B%0Amso-list%3Al0%20level1%20lfo1%22%3E%3Cspan%20style%3D%22widows%3A%202%3B%20font-stretch%3A%20normal%3B%20orphans%3A%202%3B%22%3E%3C!--%5Bif%20!supportLists%5D--%3E%3Cspan%20lang%3D%22PT-BR%22%20style%3D%22font-size%3A%2013pt%3B%20line-height%3A%20115%25%3B%20font-family%3A%20Symbol%3B%20letter-spacing%3A%200.15pt%3B%22%3E%C2%B7%3Cspan%20style%3D%22font-stretch%3A%20normal%3B%20font-size%3A%207pt%3B%20line-height%3A%20normal%3B%20font-family%3A%20\'Times%20New%20Roman\'%3B%22%3E%26nbsp%3B%26nbsp%3B%26nbsp%3B%26nbsp%3B%26nbsp%3B%26nbsp%3B%26nbsp%3B%0A%3C%2Fspan%3E%3C%2Fspan%3E%3C!--%5Bendif%5D--%3E%3Cspan%20lang%3D%22PT-BR%22%20style%3D%22font-size%3A%2013pt%3B%20line-height%3A%20115%25%3B%20font-family%3A%20Helvetica%2C%20sans-serif%3B%20letter-spacing%3A%200.15pt%3B%20background-image%3A%20initial%3B%20background-attachment%3A%20initial%3B%20background-size%3A%20initial%3B%20background-origin%3A%20initial%3B%20background-clip%3A%20initial%3B%20background-position%3A%20initial%3B%20background-repeat%3A%20initial%3B%22%3EJornada%20m%C3%A1xima%20semanal%20de%2044%0A(quarenta%20e%20quatro)%20horas%20previstas%20durante%20o%20ano%20do%20acordo%3B%3C%2Fspan%3E%3Co%3Ap%3E%3C%2Fo%3Ap%3E%3C%2Fspan%3E%3C%2Fp%3E%0A%0A%3Cp%20class%3D%22MsoListParagraphCxSpMiddle%22%20style%3D%22text-align%3Ajustify%3Btext-indent%3A-18.0pt%3B%0Amso-list%3Al0%20level1%20lfo1%22%3E%3C!--%5Bif%20!supportLists%5D--%3E%3Cspan%20lang%3D%22PT-BR%22%20style%3D%22font-size%3A%2013pt%3B%20line-height%3A%20115%25%3B%20font-family%3A%20Symbol%3B%20letter-spacing%3A%200.15pt%3B%22%3E%C2%B7%3Cspan%20style%3D%22font-stretch%3A%20normal%3B%20font-size%3A%207pt%3B%20line-height%3A%20normal%3B%20font-family%3A%20\'Times%20New%20Roman\'%3B%22%3E%26nbsp%3B%26nbsp%3B%26nbsp%3B%26nbsp%3B%26nbsp%3B%26nbsp%3B%26nbsp%3B%0A%3C%2Fspan%3E%3C%2Fspan%3E%3C!--%5Bendif%5D--%3E%3Cspan%20lang%3D%22PT-BR%22%20style%3D%22font-size%3A%2013pt%3B%20line-height%3A%20115%25%3B%20font-family%3A%20Helvetica%2C%20sans-serif%3B%20letter-spacing%3A%200.15pt%3B%20background-image%3A%20initial%3B%20background-attachment%3A%20initial%3B%20background-size%3A%20initial%3B%20background-origin%3A%20initial%3B%20background-clip%3A%20initial%3B%20background-position%3A%20initial%3B%20background-repeat%3A%20initial%3B%22%3ECompensa%C3%A7%C3%A3o%20das%20horas%20dentro%20do%0Aper%C3%ADodo%20m%C3%A1ximo%20de%201%20(um)%20ano%3B%3Co%3Ap%3E%3C%2Fo%3Ap%3E%3C%2Fspan%3E%3C%2Fp%3E%0A%0A%3Cp%20class%3D%22MsoListParagraphCxSpLast%22%20style%3D%22text-align%3Ajustify%3Btext-indent%3A-18.0pt%3B%0Amso-list%3Al0%20level1%20lfo1%22%3E%3C!--%5Bif%20!supportLists%5D--%3E%3Cspan%20lang%3D%22PT-BR%22%20style%3D%22font-size%3A%2013pt%3B%20line-height%3A%20115%25%3B%20font-family%3A%20Symbol%3B%20letter-spacing%3A%200.15pt%3B%22%3E%C2%B7%3Cspan%20style%3D%22font-stretch%3A%20normal%3B%20font-size%3A%207pt%3B%20line-height%3A%20normal%3B%20font-family%3A%20\'Times%20New%20Roman\'%3B%22%3E%26nbsp%3B%26nbsp%3B%26nbsp%3B%26nbsp%3B%26nbsp%3B%26nbsp%3B%26nbsp%3B%0A%3C%2Fspan%3E%3C%2Fspan%3E%3C!--%5Bendif%5D--%3E%3Cspan%20lang%3D%22PT-BR%22%20style%3D%22font-size%3A%2013pt%3B%20line-height%3A%20115%25%3B%20font-family%3A%20Helvetica%2C%20sans-serif%3B%20letter-spacing%3A%200.15pt%3B%20background-image%3A%20initial%3B%20background-attachment%3A%20initial%3B%20background-size%3A%20initial%3B%20background-origin%3A%20initial%3B%20background-clip%3A%20initial%3B%20background-position%3A%20initial%3B%20background-repeat%3A%20initial%3B%22%3EDeve%20ser%20mantido%20pela%20empresa%20o%0Acontrole%20individual%20do%20saldo%20de%20horas%20bem%20como%20o%20acesso%20e%20acompanhamento%20do%0Asaldo%20por%20parte%20do%20empregado%3B%3Co%3Ap%3E%3C%2Fo%3Ap%3E%3C%2Fspan%3E%3C%2Fp%3E%0A%0A%3Cp%20class%3D%22MsoNormal%22%20style%3D%22text-align%3Ajustify%22%3E%3Cspan%20lang%3D%22PT-BR%22%20style%3D%22font-size%3A%2013pt%3B%20line-height%3A%20115%25%3B%20font-family%3A%20Helvetica%2C%20sans-serif%3B%20letter-spacing%3A%200.15pt%3B%20background-image%3A%20initial%3B%20background-attachment%3A%20initial%3B%20background-size%3A%20initial%3B%20background-origin%3A%20initial%3B%20background-clip%3A%20initial%3B%20background-position%3A%20initial%3B%20background-repeat%3A%20initial%3B%22%3EA%0Alegisla%C3%A7%C3%A3o%20prev%C3%AA%20ainda%20multa%20para%20o%20empregador%20caso%20o%20empregado%20esteja%0Atrabalhando%20mais%20de%20duas%20horas%20extras%20por%20dia%2C%20a%20empresa%20pode%20ser%20multada%2C%0Adependendo%20da%20quantidade%20de%20empregados%2C%20no%20valor%20que%20varia%20de%20R%24%26nbsp%3B40%2C25%20a%0AR%24%204.025%2C00%2C%20dobrando%20em%20caso%20de%20reincid%C3%AAncia.%20%3Co%3Ap%3E%3C%2Fo%3Ap%3E%3C%2Fspan%3E%3C%2Fp%3E%0A%0A%3Cp%20class%3D%22MsoNormal%22%20style%3D%22text-align%3A%20justify%3B%20widows%3A%202%3B%20font-stretch%3A%20normal%3B%20orphans%3A%202%3B%22%3E%3Cspan%20lang%3D%22PT-BR%22%20style%3D%22font-size%3A%2013pt%3B%20line-height%3A%20115%25%3B%20font-family%3A%20Helvetica%2C%20sans-serif%3B%20letter-spacing%3A%200.15pt%3B%20background-image%3A%20initial%3B%20background-attachment%3A%20initial%3B%20background-size%3A%20initial%3B%20background-origin%3A%20initial%3B%20background-clip%3A%20initial%3B%20background-position%3A%20initial%3B%20background-repeat%3A%20initial%3B%22%3ENos%0Acasos%20em%20que%20o%20Acordo%20ou%20a%20Conven%C3%A7%C3%A3o%20estabelecer%20penalidade%20pelo%20descumprimento%0Ado%20acordo%20do%26nbsp%3B%20banco%20de%20horas%2C%20a%20empresa%20sofrer%C3%A1%20a%20penalidade%20firmada%20no%0Aacordo%2C%20sendo%20o%20valor%20da%20multa%20vari%C3%A1vel.%3Co%3Ap%3E%3C%2Fo%3Ap%3E%3C%2Fspan%3E%3C%2Fp%3E%0A%0A%3Cp%20class%3D%22MsoNormal%22%20style%3D%22text-align%3Ajustify%22%3E%3Cspan%20lang%3D%22PT-BR%22%20style%3D%22font-size%3A%2013pt%3B%20line-height%3A%20115%25%3B%20font-family%3A%20Helvetica%2C%20sans-serif%3B%20letter-spacing%3A%200.15pt%3B%20background-image%3A%20initial%3B%20background-attachment%3A%20initial%3B%20background-size%3A%20initial%3B%20background-origin%3A%20initial%3B%20background-clip%3A%20initial%3B%20background-position%3A%20initial%3B%20background-repeat%3A%20initial%3B%22%3E%3Co%3Ap%3E%26nbsp%3B%3C%2Fo%3Ap%3E%3C%2Fspan%3E%3C%2Fp%3E%0A%0A%3Cp%20class%3D%22MsoNormal%22%20style%3D%22text-align%3Ajustify%22%3E%3Cspan%20lang%3D%22PT-BR%22%20style%3D%22font-size%3A%2013pt%3B%20line-height%3A%20115%25%3B%20font-family%3A%20Helvetica%2C%20sans-serif%3B%20letter-spacing%3A%200.15pt%3B%20background-image%3A%20initial%3B%20background-attachment%3A%20initial%3B%20background-size%3A%20initial%3B%20background-origin%3A%20initial%3B%20background-clip%3A%20initial%3B%20background-position%3A%20initial%3B%20background-repeat%3A%20initial%3B%22%3EFonte%3A%0A%3Ca%20href%3D%22http%3A%2F%2Fwww.guiatrabalhista.com.br%2Ftematicas%2Fbanco-horas.htm%22%3Ehttp%3A%2F%2Fwww.guiatrabalhista.com.br%2Ftematicas%2Fbanco-horas.htm%3C%2Fa%3E%3Co%3Ap%3E%3C%2Fo%3Ap%3E%3C%2Fspan%3E%3C%2Fp%3E%0A%0A%3Cspan%20lang%3D%22PT-BR%22%20style%3D%22font-size%3A%2013pt%3B%20line-height%3A%20115%25%3B%20font-family%3A%20Helvetica%2C%20sans-serif%3B%20letter-spacing%3A%200.15pt%3B%20background-image%3A%20initial%3B%20background-attachment%3A%20initial%3B%20background-size%3A%20initial%3B%20background-origin%3A%20initial%3B%20background-clip%3A%20initial%3B%20background-position%3A%20initial%3B%20background-repeat%3A%20initial%3B%22%3EArt.%2059%20-%20%C2%A7%202%C2%BA%3A%26nbsp%3BPoder%C3%A1%20ser%20dispensado%20o%0Aacr%C3%A9scimo%20de%20sal%C3%A1rio%20se%2C%20por%20for%C3%A7a%20de%20acordo%20ou%20conven%C3%A7%C3%A3o%20coletiva%20de%20trabalho%2C%0Ao%20excesso%20de%20horas%20em%20um%20dia%20for%20compensado%20pela%20correspondente%20diminui%C3%A7%C3%A3o%20em%0Aoutro%20dia%2C%20de%20maneira%20que%20n%C3%A3o%20exceda%2C%20no%20per%C3%ADodo%20m%C3%A1ximo%20de%20um%20ano%2C%20%C3%A0%20soma%20das%0Ajornadas%20semanais%20de%20trabalho%20previstas%2C%20nem%20seja%20ultrapassado%20o%20limite%20m%C3%A1ximo%0Ade%20dez%20horas%20di%C3%A1rias.%3C%2Fspan%3E','Acordo_Assinado_Redução_de_Dias.pdf'),(5,'FLEXIBILIDADE DE JORNADA','%3Ch5%3E%3Cp%3E%3Cspan%20lang%3D%22PT-BR%22%3EA%3Cspan%20class%3D%22apple-converted-space%22%3E%26nbsp%3B%3C%2Fspan%3ECompensa%C3%A7%C3%A3o%20de%20Jornada%3Cspan%20class%3D%22apple-converted-space%22%3E%26nbsp%3B%3C%2Fspan%3E%C3%A9%0Ao%20regime%20de%20trabalho%20em%20que%20o%20empregado%20prorroga%20a%20sua%20jornada%20laboral%20em%0Aalguns%20dias%20e%20reduz%20a%20jornada%20em%20outros%20dias%2C%20de%20forma%20que%2C%20no%20final%2C%20ele%0Aobede%C3%A7a%20%C3%A0%20jornada%20normal%20de%20um%20per%C3%ADodo%20(um%20m%C3%B3dulo)%2C%20sem%20que%20haja%20o%20pagamento%20de%0Ahoras%20extras.%20Comumente%20considera-se%20como%20%E2%80%9CCompensa%C3%A7%C3%A3o%20de%20Jornada%E2%80%9D%20a%20forma%20cl%C3%A1ssica%20de%20sua%20aplica%C3%A7%C3%A3o%2C%20sendo%0Aesta%20por%20per%C3%ADodos%3Cspan%20class%3D%22apple-converted-space%22%3E%26nbsp%3B%3C%2Fspan%3Esemanais%3Cspan%20class%3D%22apple-converted-space%22%3E%26nbsp%3B%3C%2Fspan%3Eou%3Cspan%20class%3D%22apple-converted-space%22%3E%26nbsp%3B%3C%2Fspan%3Emensais%3B%20e%20como%20%E2%80%9CBanco%20de%20Horas%E2%80%9D%20a%20forma%20de%0Aflexibiliza%C3%A7%C3%A3o%20da%20jornada%20institu%C3%ADda%20pela%3Cspan%20class%3D%22apple-converted-space%22%3E%26nbsp%3B%3C%2Fspan%3E%3C%2Fspan%3E%3Cspan%3E%3Ca%20href%3D%22http%3A%2F%2Fwww.planalto.gov.br%2Fccivil_03%2Fleis%2Fl9601.htm%22%20target%3D%22_blank%22%20style%3D%22font-weight%3Ainherit%3Bline-height%3Ainherit%22%3E%3Cspan%20lang%3D%22PT-BR%22%3ELei%20n%C2%BA%3C%2Fspan%3E%3C%2Fa%3E%3Ca%20href%3D%22http%3A%2F%2Fwww.jusbrasil.com.br%2Flegislacao%2F103514%2Flei-9601-98%22%20title%3D%22Lei%20n%C2%BA%209.601%2C%20de%2021%20de%20janeiro%20de%201998%22%20style%3D%22font-weight%3Ainherit%3B%0Aline-height%3Ainherit%22%3E%3Cspan%20lang%3D%22PT-BR%22%3E9.601%3C%2Fspan%3E%3C%2Fa%3E%3C%2Fspan%3E%3Cspan%20lang%3D%22PT-BR%22%3E%2F98%20e%20suas%20altera%C3%A7%C3%B5es%0Aposteriores%2C%20cuja%20compensa%C3%A7%C3%A3o%20se%20d%C3%A1%20no%20per%C3%ADodo%20de%3Cspan%20class%3D%22apple-converted-space%22%3E%26nbsp%3B%3C%2Fspan%3Eum%20ano.%3Co%3Ap%3E%3C%2Fo%3Ap%3E%3C%2Fspan%3E%3C%2Fp%3E%0A%0A%3Cp%3E%3Cspan%20lang%3D%22PT-BR%22%3EQuando%20pensamos%20em%20uma%0Aflexibiliza%C3%A7%C3%A3o%20da%20jornada%20de%20trabalho%2C%20a%20primeira%20d%C3%BAvida%20que%20surge%20se%20refere%20ao%3Cspan%20class%3D%22apple-converted-space%22%3E%26nbsp%3B%3C%2Fspan%3Emodo%20de%20sua%20institui%C3%A7%C3%A3o.%20Tal%20questionamento%20originou-se%20da%0Aambiguidade%20do%20inciso%3Cspan%20class%3D%22apple-converted-space%22%3E%26nbsp%3B%3C%2Fspan%3E%3C%2Fspan%3E%3Cspan%3E%3Ca%20href%3D%22http%3A%2F%2Fwww.jusbrasil.com.br%2Ftopicos%2F10726563%2Finciso-xiii-do-artigo-7-da-constitui%25C3%25A7%25C3%25A3o-federal-de-1988%22%20title%3D%22Inciso%20XIII%20do%20Artigo%207%20da%20Constitui%C3%A7%C3%A3o%20Federal%20de%201988%22%20style%3D%22font-weight%3Ainherit%3Bline-height%3Ainherit%22%3E%3Cspan%20lang%3D%22PT-BR%22%3EXIII%3C%2Fspan%3E%3C%2Fa%3E%3C%2Fspan%3E%3Cspan%20lang%3D%22PT-BR%22%3E%2C%20do%20artigo%3Cspan%20class%3D%22apple-converted-space%22%3E%26nbsp%3B%3C%2Fspan%3E%3C%2Fspan%3E%3Cspan%3E%3Ca%20href%3D%22http%3A%2F%2Fwww.jusbrasil.com.br%2Ftopicos%2F10641213%2Fartigo-7-da-constitui%25C3%25A7%25C3%25A3o-federal-de-1988%22%20title%3D%22Artigo%207%20da%20Constitui%C3%A7%C3%A3o%20Federal%20de%201988%22%20style%3D%22font-weight%3Ainherit%3B%0Aline-height%3Ainherit%22%3E%3Cspan%20lang%3D%22PT-BR%22%3E7%C2%BA%3C%2Fspan%3E%3C%2Fa%3E%3C%2Fspan%3E%3Cspan%20lang%3D%22PT-BR%22%3E%2C%20da%3Cspan%20class%3D%22apple-converted-space%22%3E%26nbsp%3B%3C%2Fspan%3E%3C%2Fspan%3E%3Cspan%3E%3Ca%20href%3D%22http%3A%2F%2Fwww.jusbrasil.com.br%2Flegislacao%2F112175738%2Fconstitui%25C3%25A7%25C3%25A3o-federal-constitui%25C3%25A7%25C3%25A3o-da-republica-federativa-do-brasil-1988%22%20title%3D%22CONSTITUI%C3%87%C3%83O%20DA%20REP%C3%9ABLICA%20FEDERATIVA%20DO%20BRASIL%20DE%201988%22%20style%3D%22font-weight%3Ainherit%3Bline-height%3Ainherit%22%3E%3Cspan%20lang%3D%22PT-BR%22%3EConstitui%C3%A7%C3%A3o%20Federal%3C%2Fspan%3E%3C%2Fa%3E%3C%2Fspan%3E%3Cspan%20lang%3D%22PT-BR%22%3E%2C%20ao%20mencionar%20%E2%80%9C%3Ci%3Efacultada%0Aa%20compensa%C3%A7%C3%A3o%20de%20hor%C3%A1rios%20e%20a%20redu%C3%A7%C3%A3o%20da%20jornada%2C%20mediante%20acordo%20ou%20conven%C3%A7%C3%A3o%0Acoletiva%20de%20trabalho%3C%2Fi%3E%E2%80%9D.%20Assim%2C%20a%20d%C3%BAvida%2C%20ainda%20recorrente%20entre%0Aempregadores%2C%20seria%20sobre%20a%20possibilidade%20ou%20impossibilidade%20de%20institui%C3%A7%C3%A3o%20da%0Acompensa%C3%A7%C3%A3o%20de%20jornada%20mediante%20acordo%20individual%20entre%20empregador%20e%20empregado%2C%0Aj%C3%A1%20que%20o%20referido%20dispositivo%20afastou%20o%20verbete%20%E2%80%9C%3Ci%3Eacordo%3C%2Fi%3E%E2%80%9D%20da%20qualifica%C3%A7%C3%A3o%0Arestritiva%20%E2%80%9C%3Ci%3Ecoletivo%3C%2Fi%3E%E2%80%9D.%3Co%3Ap%3E%3C%2Fo%3Ap%3E%3C%2Fspan%3E%3C%2Fp%3E%0A%0A%3Cp%3E%3Cspan%20lang%3D%22PT-BR%22%3ENeste%20sentido%2C%20h%C3%A1%20quem%20defenda%0Aque%20a%20constru%C3%A7%C3%A3o%20do%20texto%20teria%20sido%3Cspan%20class%3D%22apple-converted-space%22%3E%26nbsp%3B%3C%2Fspan%3Eproposital%2C%20justamente%20para%20ampliar%20o%0Aacesso%20%C3%A0%20medida%2C%20uma%20vez%20que%2C%20caso%20sua%20implanta%C3%A7%C3%A3o%20fosse%20aceita%20apenas%20por%20meio%0Ade%20negocia%C3%A7%C3%A3o%20coletiva%2C%20a%20compensa%C3%A7%C3%A3o%20seria%20inviabilizada%20em%20diversos%0Asegmentos%2C%20como%2C%20por%20exemplo%2C%20no%20%C3%A2mbito%20de%20pequenos%20empreendimentos%20(onde%20%C3%A9%0Arara%20a%20celebra%C3%A7%C3%A3o%20de%20acordos%20coletivos%20e%20conven%C3%A7%C3%B5es%20coletivas)%20e%20entidades%20de%0ADireito%20P%C3%BAblico.%20Ademais%2C%20tamb%C3%A9m%20se%20justifica%20tal%20entendimento%20ao%20se%20verificar%0Aque%20a%3C%2Fspan%3E%3Cspan%3E%3Ca%20href%3D%22http%3A%2F%2Fwww.jusbrasil.com.br%2Flegislacao%2F112175738%2Fconstitui%25C3%25A7%25C3%25A3o-federal-constitui%25C3%25A7%25C3%25A3o-da-republica-federativa-do-brasil-1988%22%20title%3D%22CONSTITUI%C3%87%C3%83O%20DA%20REP%C3%9ABLICA%20FEDERATIVA%20DO%20BRASIL%20DE%201988%22%20style%3D%22font-weight%3Ainherit%3Bline-height%3Ainherit%22%3E%3Cspan%20lang%3D%22PT-BR%22%3EConstitui%C3%A7%C3%A3o%20Federal%3C%2Fspan%3E%3C%2Fa%3E%3C%2Fspan%3E%3Cspan%20class%3D%22apple-converted-space%22%3E%3Cspan%20lang%3D%22PT-BR%22%3E%26nbsp%3B%3C%2Fspan%3E%3C%2Fspan%3E%3Cspan%20lang%3D%22PT-BR%22%3Eteve%20o%20cuidado%20de%20se%20reportar%20expressamente%20a%20%E2%80%9C%3Ci%3Eacordo%20coletivo%20e%0Aconven%C3%A7%C3%A3o%20coletiva%3C%2Fi%3E%E2%80%9D%20ou%20%E2%80%9C%3Ci%3Enegocia%C3%A7%C3%A3o%20coletiva%3C%2Fi%3E%E2%80%9D%20quanto%20pretendeu%0Arestringir%20a%20aplica%C3%A7%C3%A3o%20da%20medida%20referente%2C%20como%20se%20v%C3%AA%20nos%20incisos%3Cspan%20class%3D%22apple-converted-space%22%3E%26nbsp%3B%3C%2Fspan%3E%3C%2Fspan%3E%3Cspan%3E%3Ca%20href%3D%22http%3A%2F%2Fwww.jusbrasil.com.br%2Ftopicos%2F10726839%2Finciso-vi-do-artigo-7-da-constitui%25C3%25A7%25C3%25A3o-federal-de-1988%22%20title%3D%22Inciso%20VI%20do%20Artigo%207%20da%20Constitui%C3%A7%C3%A3o%20Federal%20de%201988%22%20style%3D%22font-weight%3A%0Ainherit%3Bline-height%3Ainherit%22%3E%3Cspan%20lang%3D%22PT-BR%22%3EVI%3C%2Fspan%3E%3C%2Fa%3E%3C%2Fspan%3E%3Cspan%20lang%3D%22PT-BR%22%3E%2C%3Cspan%20class%3D%22apple-converted-space%22%3E%26nbsp%3B%3C%2Fspan%3E%3C%2Fspan%3E%3Cspan%3E%3Ca%20href%3D%22http%3A%2F%2Fwww.jusbrasil.com.br%2Ftopicos%2F10726534%2Finciso-xiv-do-artigo-7-da-constitui%25C3%25A7%25C3%25A3o-federal-de-1988%22%20title%3D%22Inciso%20XIV%20do%20Artigo%207%20da%20Constitui%C3%A7%C3%A3o%20Federal%20de%201988%22%20style%3D%22font-weight%3Ainherit%3Bline-height%3Ainherit%22%3E%3Cspan%20lang%3D%22PT-BR%22%3EXIV%3C%2Fspan%3E%3C%2Fa%3E%3C%2Fspan%3E%3Cspan%20class%3D%22apple-converted-space%22%3E%3Cspan%20lang%3D%22PT-BR%22%3E%26nbsp%3B%3C%2Fspan%3E%3C%2Fspan%3E%3Cspan%20lang%3D%22PT-BR%22%3Ee%3Cspan%20class%3D%22apple-converted-space%22%3E%26nbsp%3B%3C%2Fspan%3E%3C%2Fspan%3E%3Cspan%3E%3Ca%20href%3D%22http%3A%2F%2Fwww.jusbrasil.com.br%2Ftopicos%2F10726123%2Finciso-xxvi-do-artigo-7-da-constitui%25C3%25A7%25C3%25A3o-federal-de-1988%22%20title%3D%22Inciso%20XXVI%20do%20Artigo%207%20da%20Constitui%C3%A7%C3%A3o%20Federal%20de%201988%22%20style%3D%22font-weight%3Ainherit%3Bline-height%3Ainherit%22%3E%3Cspan%20lang%3D%22PT-BR%22%3EXXVI%3C%2Fspan%3E%3C%2Fa%3E%3C%2Fspan%3E%3Cspan%20lang%3D%22PT-BR%22%3E%2C%20do%20seu%20artigo%3Cspan%20class%3D%22apple-converted-space%22%3E%26nbsp%3B%3C%2Fspan%3E%3C%2Fspan%3E%3Cspan%3E%3Ca%20href%3D%22http%3A%2F%2Fwww.jusbrasil.com.br%2Ftopicos%2F10641213%2Fartigo-7-da-constitui%25C3%25A7%25C3%25A3o-federal-de-1988%22%20title%3D%22Artigo%207%20da%20Constitui%C3%A7%C3%A3o%20Federal%20de%201988%22%20style%3D%22font-weight%3Ainherit%3B%0Aline-height%3Ainherit%22%3E%3Cspan%20lang%3D%22PT-BR%22%3E7%C2%BA%3C%2Fspan%3E%3C%2Fa%3E%3C%2Fspan%3E%3Cspan%20lang%3D%22PT-BR%22%3E.%20N%C3%A3o%20menos%0Aimportante%2C%20tamb%C3%A9m%20se%20argumenta%20a%20este%20favor%20ao%20se%20ressaltar%20que%20a%20compensa%C3%A7%C3%A3o%0Ade%20jornada%2C%20em%20seu%20formato%20tradicional%20(por%20per%C3%ADodo%20semanal%20ou%20mensal)%2C%20seria%0Auma%20medida%20predominantemente%20favor%C3%A1vel%20ao%20trabalhador%2C%20caracterizando%20um%0Acontrassenso%20da%3Cspan%20class%3D%22apple-converted-space%22%3E%26nbsp%3B%3C%2Fspan%3E%3C%2Fspan%3E%3Cspan%3E%3Ca%20href%3D%22http%3A%2F%2Fwww.jusbrasil.com.br%2Flegislacao%2F112175738%2Fconstitui%25C3%25A7%25C3%25A3o-federal-constitui%25C3%25A7%25C3%25A3o-da-republica-federativa-do-brasil-1988%22%20title%3D%22CONSTITUI%C3%87%C3%83O%20DA%20REP%C3%9ABLICA%20FEDERATIVA%20DO%20BRASIL%20DE%201988%22%20style%3D%22font-weight%3Ainherit%3Bline-height%3Ainherit%22%3E%3Cspan%20lang%3D%22PT-BR%22%3EConstitui%C3%A7%C3%A3o%20Federal%3C%2Fspan%3E%3C%2Fa%3E%3C%2Fspan%3E%3Cspan%20class%3D%22apple-converted-space%22%3E%3Cspan%20lang%3D%22PT-BR%22%3E%26nbsp%3B%3C%2Fspan%3E%3C%2Fspan%3E%3Cspan%20lang%3D%22PT-BR%22%3Eengessar%20a%20sua%20aplica%C3%A7%C3%A3o%2C%20j%C3%A1%20que%20o%20artigo%3Cspan%20class%3D%22apple-converted-space%22%3E%26nbsp%3B%3C%2Fspan%3E%3C%2Fspan%3E%3Cspan%3E%3Ca%20href%3D%22http%3A%2F%2Fwww.jusbrasil.com.br%2Ftopicos%2F10641213%2Fartigo-7-da-constitui%25C3%25A7%25C3%25A3o-federal-de-1988%22%20title%3D%22Artigo%207%20da%20Constitui%C3%A7%C3%A3o%20Federal%20de%201988%22%20style%3D%22font-weight%3Ainherit%3B%0Aline-height%3Ainherit%22%3E%3Cspan%20lang%3D%22PT-BR%22%3E7%C2%BA%3C%2Fspan%3E%3C%2Fa%3E%3C%2Fspan%3E%3Cspan%20class%3D%22apple-converted-space%22%3E%3Cspan%20lang%3D%22PT-BR%22%3E%26nbsp%3B%3C%2Fspan%3E%3C%2Fspan%3E%3Cspan%20lang%3D%22PT-BR%22%3Efala%20em%20direitos%20que%20%E2%80%9C%3Ci%3Evisem%20%C3%A0%20melhoria%20de%20sua%20condi%C3%A7%C3%A3o%20social%3C%2Fi%3E%E2%80%9D.%3Co%3Ap%3E%3C%2Fo%3Ap%3E%3C%2Fspan%3E%3C%2Fp%3E%0A%0A%3Cp%3E%3Cspan%20lang%3D%22PT-BR%22%3ENoutra%20esteira%2C%20independentemente%0Ado%20posicionamento%20adotado%20quanto%20%C3%A0%20possibilidade%20de%20utiliza%C3%A7%C3%A3o%20de%20acordo%0Aindividual%20para%20implementa%C3%A7%C3%A3o%20da%20flexibiliza%C3%A7%C3%A3o%20da%20jornada%2C%20desde%20a%20vig%C3%AAncia%20da%3Cspan%20class%3D%22apple-converted-space%22%3E%26nbsp%3B%3C%2Fspan%3E%3C%2Fspan%3E%3Cspan%3E%3Ca%20href%3D%22http%3A%2F%2Fwww.planalto.gov.br%2Fccivil_03%2Fleis%2Fl9601.htm%22%20target%3D%22_blank%22%20style%3D%22font-weight%3Ainherit%3Bline-height%3Ainherit%22%3E%3Cspan%20lang%3D%22PT-BR%22%3ELei%3C%2Fspan%3E%3C%2Fa%3E%3Ca%20href%3D%22http%3A%2F%2Fwww.jusbrasil.com.br%2Flegislacao%2F103514%2Flei-9601-98%22%20title%3D%22Lei%20n%C2%BA%209.601%2C%20de%2021%20de%20janeiro%20de%201998%22%20style%3D%22font-weight%3Ainherit%3B%0Aline-height%3Ainherit%22%3E%3Cspan%20lang%3D%22PT-BR%22%3E9.601%3C%2Fspan%3E%3C%2Fa%3E%3C%2Fspan%3E%3Cspan%20lang%3D%22PT-BR%22%3E%2F98%2C%20%C3%A9%3Cspan%20class%3D%22apple-converted-space%22%3E%26nbsp%3B%3C%2Fspan%3Emajorit%C3%A1rio%3Cspan%20class%3D%22apple-converted-space%22%3E%26nbsp%3B%3C%2Fspan%3Eo%0Aentendimento%20de%20que%20a%20modalidade%20de%20compensa%C3%A7%C3%A3o%20de%20jornada%20por%20per%C3%ADodo%20anual%0A(Banco%20de%20Horas)%20seriadesfavor%C3%A1vel%3Cspan%20class%3D%22apple-converted-space%22%3E%26nbsp%3B%3C%2Fspan%3Eao%20trabalhador%2C%20considerando-se%20que%20a%0Arealiza%C3%A7%C3%A3o%20de%20horas%20suplementares%20por%20t%C3%A3o%20longo%20per%C3%ADodo%20pode%20provocar%20danos%20%C3%A0%0Asa%C3%BAde%20e%20a%20seguran%C3%A7a%20do%20trabalho%2C%20estando%20eliminada%2C%20assim%2C%20a%20reciprocidade%20de%0Avantagens%20da%20medida.%20Para%20elucida%C3%A7%C3%A3o%20do%20tema%2C%20cito%20os%20ensinamentos%20do%20Ilustre%0AMinistro%20do%20Tribunal%20Superior%20do%20Trabalho%2C%20Maur%C3%ADcio%20Godinho%20Delgado%20(DELGADO%2C%0AMaur%C3%ADcio%20Godinho.%20Curso%20de%20Direito%20do%20Trabalho.%2012%C2%AA%20ed.%20S%C3%A3o%20Paulo%3A%20LTr%2C%202013.%0AP.%20907.)%3A%3Co%3Ap%3E%3C%2Fo%3Ap%3E%3C%2Fspan%3E%3C%2Fp%3E%0A%0A%3Cp%3E%3Ci%3E%3Cspan%20lang%3D%22PT-BR%22%3EA%20pactua%C3%A7%C3%A3o%20de%20horas%20complementares%20%C3%A0%20jornada%20padr%C3%A3o%2C%20que%20extenue%20o%0Atrabalhador%20ao%20longo%20de%20diversas%20semanas%20e%20meses%2C%20cria%20riscos%20adicionais%0Ainevit%C3%A1veis%20%C3%A0%20sa%C3%BAde%20e%20%C3%A0%20seguran%C3%A7a%20daquele%20que%20presta%20servi%C3%A7os%2C%20deteriorando%20as%0Acondi%C3%A7%C3%B5es%20de%20sa%C3%BAde%2C%20higiene%20e%20seguran%C3%A7a%20no%20trabalho%20(em%20contraponto%2C%20ali%C3%A1s%2C%0A%C3%A0quilo%20que%20estabelece%20o%20art.%3Cspan%20class%3D%22apple-converted-space%22%3E%26nbsp%3B%3C%2Fspan%3E%3C%2Fspan%3E%3Cspan%3E%3Ca%20href%3D%22http%3A%2F%2Fwww.jusbrasil.com.br%2Ftopicos%2F10641213%2Fartigo-7-da-constitui%25C3%25A7%25C3%25A3o-federal-de-1988%22%20title%3D%22Artigo%207%20da%20Constitui%C3%A7%C3%A3o%20Federal%20de%201988%22%20style%3D%22font-weight%3Ainherit%3B%0Aline-height%3Ainherit%22%3E%3Cspan%20lang%3D%22PT-BR%22%3E7%C2%BA%3C%2Fspan%3E%3C%2Fa%3E%3C%2Fspan%3E%3C%2Fi%3E%3Ci%3E%3Cspan%20lang%3D%22PT-BR%22%3E%2C%3Cspan%20class%3D%22apple-converted-space%22%3E%26nbsp%3B%3C%2Fspan%3E%3C%2Fspan%3E%3Cspan%3E%3Ca%20href%3D%22http%3A%2F%2Fwww.jusbrasil.com.br%2Ftopicos%2F10726249%2Finciso-xxii-do-artigo-7-da-constitui%25C3%25A7%25C3%25A3o-federal-de-1988%22%20title%3D%22Inciso%20XXII%20do%20Artigo%207%20da%20Constitui%C3%A7%C3%A3o%20Federal%20de%201988%22%20style%3D%22font-weight%3Ainherit%3Bline-height%3Ainherit%22%3E%3Cspan%20lang%3D%22PT-BR%22%3EXXII%3C%2Fspan%3E%3C%2Fa%3E%3C%2Fspan%3E%3C%2Fi%3E%3Ci%3E%3Cspan%20lang%3D%22PT-BR%22%3E%2C%20da%3Cspan%20class%3D%22apple-converted-space%22%3E%26nbsp%3B%3C%2Fspan%3E%3C%2Fspan%3E%3Cspan%3E%3Ca%20href%3D%22http%3A%2F%2Fwww.jusbrasil.com.br%2Flegislacao%2F112175738%2Fconstitui%25C3%25A7%25C3%25A3o-federal-constitui%25C3%25A7%25C3%25A3o-da-republica-federativa-do-brasil-1988%22%20title%3D%22CONSTITUI%C3%87%C3%83O%20DA%20REP%C3%9ABLICA%20FEDERATIVA%20DO%20BRASIL%20DE%201988%22%20style%3D%22font-weight%3Ainherit%3Bline-height%3Ainherit%22%3E%3Cspan%20lang%3D%22PT-BR%22%3EConstitui%C3%A7%C3%A3o%3C%2Fspan%3E%3C%2Fa%3E%3C%2Fspan%3E%3C%2Fi%3E%3Ci%3E%3Cspan%20lang%3D%22PT-BR%22%3E).%20O%20regime%20de%0Acompensa%C3%A7%C3%A3o%20anual%2C%20desse%20modo%2C%20escapa%20%C3%A0%20dubiedade%20instigante%20que%20respondia%20pelo%0Aprest%C3%ADgio%20do%20mecanismo%20compensat%C3%B3rio%20no%20estu%C3%A1rio%20normativo%20da%3C%2Fspan%3E%3Cspan%3E%3Ca%20href%3D%22http%3A%2F%2Fwww.jusbrasil.com.br%2Flegislacao%2F112175738%2Fconstitui%25C3%25A7%25C3%25A3o-federal-constitui%25C3%25A7%25C3%25A3o-da-republica-federativa-do-brasil-1988%22%20title%3D%22CONSTITUI%C3%87%C3%83O%20DA%20REP%C3%9ABLICA%20FEDERATIVA%20DO%20BRASIL%20DE%201988%22%20style%3D%22font-weight%3Ainherit%3Bline-height%3Ainherit%22%3E%3Cspan%20lang%3D%22PT-BR%22%3EConstitui%C3%A7%C3%A3o%3C%2Fspan%3E%3C%2Fa%3E%3C%2Fspan%3E%3C%2Fi%3E%3Cspan%20class%3D%22apple-converted-space%22%3E%3Ci%3E%3Cspan%20lang%3D%22PT-BR%22%3E%26nbsp%3B%3C%2Fspan%3E%3C%2Fi%3E%3C%2Fspan%3E%3Ci%3E%3Cspan%20lang%3D%22PT-BR%22%3Eda%20Rep%C3%BAblica%2C%20j%C3%A1%20que%20deixa%20de%20ser%0Amanejado%20em%20extens%C3%A3o%20ponderada%2C%20perdendo%2C%20nesse%20aspecto%2C%20o%20car%C3%A1ter%20de%20vantagem%0Atrabalhista%20em%20benef%C3%ADcio%20rec%C3%ADproco%20de%20ambas%20as%20partes%20contratuais.%20%5B...%5D.%3Co%3Ap%3E%3C%2Fo%3Ap%3E%3C%2Fspan%3E%3C%2Fi%3E%3C%2Fp%3E%0A%0A%3Cp%3E%3Ci%3E%3Cspan%20lang%3D%22PT-BR%22%3E%5B...%5D%20As%20vantagens%20que%0Ao%20regime%20flexibilizat%C3%B3rioconferiam%20ao%20empregador%20j%C3%A1%20eram%2C%20na%20%C3%A9poca%0A%5Banteriormente%20%C3%A0%20Lei%209.601%2F98%5D%2C%20%C3%B3bvias%2C%20propiciando%20a%20realiza%C3%A7%C3%A3o%20de%20adequa%C3%A7%C3%B5es%0At%C3%B3picas%20e%20circunstanciais%20no%20hor%C3%A1rio%20laborativo%20dos%20obreiros%20no%20contexto%20da%0Aempresa%2C%20elevando%2C%20com%20isso%2C%20a%20produtividade%20no%20trabalho.%3Co%3Ap%3E%3C%2Fo%3Ap%3E%3C%2Fspan%3E%3C%2Fi%3E%3C%2Fp%3E%0A%0A%3Cp%3E%3Ci%3E%3Cspan%20lang%3D%22PT-BR%22%3E%5B...%5D%20Efetivamente%2C%0Aquando%20utilizado%20em%20extens%C3%A3o%20ponderada%2C%20este%20mecanismo%20permitia%20%5Bcomo%20vantagens%0Aao%20empregado%5D%20a%20concentra%C3%A7%C3%A3o%20mais%20racional%20do%20tempo%20do%20obreiro%20nas%20atividades%0Alaborativas%2C%20alargando-lhe%2C%20em%20contrapartida%2C%20o%20tempo%20para%20livre%0Adisponibilidade%20pessoal%2C%20sem%20preju%C3%ADzo%20%C3%A0s%20cautelas%20recomend%C3%A1veis%20no%20tocante%20%C3%A0%0Asa%C3%BAde%20e%20seguran%C3%A7a%20laborais.%3Co%3Ap%3E%3C%2Fo%3Ap%3E%3C%2Fspan%3E%3C%2Fi%3E%3C%2Fp%3E%0A%0A%3Cp%3E%3Cspan%20lang%3D%22PT-BR%22%3EEntretanto%2C%20em%20que%20pesem%20as%0Aconstantes%20discuss%C3%B5es%20quanto%20ao%20tema%2C%20atualmente%20prevalece%20a%20tese%20de%20que%20ser%C3%A1%3Cspan%20class%3D%22apple-converted-space%22%3E%26nbsp%3B%3C%2Fspan%3Ev%C3%A1lido%3Cspan%20class%3D%22apple-converted-space%22%3E%26nbsp%3B%3C%2Fspan%3Eo%20acordoindividual%3Cspan%20class%3D%22apple-converted-space%22%3E%26nbsp%3B%3C%2Fspan%3Eescrito%20somente%20para%20institui%C3%A7%C3%A3o%20do%0Aregime%20compensat%C3%B3rio%3Cspan%20class%3D%22apple-converted-space%22%3E%26nbsp%3B%3C%2Fspan%3Etradicional%3Cspan%20class%3D%22apple-converted-space%22%3E%26nbsp%3B%3C%2Fspan%3E(semanal%20ou%20mensal)%2C%20com%20fundamento%20na%0Anova%20reda%C3%A7%C3%A3o%20da%3Cspan%20class%3D%22apple-converted-space%22%3E%26nbsp%3B%3C%2Fspan%3E%3C%2Fspan%3E%3Cspan%3E%3Ca%20href%3D%22http%3A%2F%2Fwww3.tst.jus.br%2Fjurisprudencia%2FSumulas_com_indice%2FSumulas_Ind_51_100.html%23SUM-85%22%20target%3D%22_blank%22%20style%3D%22font-weight%3Ainherit%3Bline-height%3Ainherit%22%3E%3Cspan%20lang%3D%22PT-BR%22%3ES%C3%BAmula%2085%3C%2Fspan%3E%3C%2Fa%3E%3C%2Fspan%3E%3Cspan%20class%3D%22apple-converted-space%22%3E%3Cspan%20lang%3D%22PT-BR%22%3E%26nbsp%3B%3C%2Fspan%3E%3C%2Fspan%3E%3Cspan%20lang%3D%22PT-BR%22%3E(itens%20I%2C%20II%20e%20V)%20do%20Tribunal%20Superior%20do%20Trabalho%2C%3Cspan%20class%3D%22apple-converted-space%22%3E%26nbsp%3B%3C%2Fspan%3E%3Ci%3Ein%20verbis%3C%2Fi%3E%3A%3Co%3Ap%3E%3C%2Fo%3Ap%3E%3C%2Fspan%3E%3C%2Fp%3E%0A%0A%3Cp%3E%3Ci%3E%3Cspan%20lang%3D%22PT-BR%22%3ES%C3%BAmula%20n%C2%BA%2085%2C%20do%0ATribunal%20Superior%20do%20Trabalho.%3Co%3Ap%3E%3C%2Fo%3Ap%3E%3C%2Fspan%3E%3C%2Fi%3E%3C%2Fp%3E%0A%0A%3Cp%3E%3Ci%3E%3Cspan%20lang%3D%22PT-BR%22%3ECOMPENSA%C3%87%C3%83O%20DE%20JORNADA%20(inserido%20o%20item%20V)%20-%20Res.%3Cspan%20class%3D%22apple-converted-space%22%3E%26nbsp%3B%3C%2Fspan%3E%3C%2Fspan%3E%3Cspan%3E%3Ca%20href%3D%22http%3A%2F%2Fwww.jusbrasil.com.br%2Flegislacao%2F1029532%2Fresolucao-174-2011%22%20title%3D%22Resolu%C3%A7%C3%A3o%20n%C2%BA.%20174%2C%20de%202011%22%20style%3D%22font-weight%3Ainherit%3Bline-height%3Ainherit%22%3E%3Cspan%20lang%3D%22PT-BR%22%3E174%3C%2Fspan%3E%3C%2Fa%3E%3C%2Fspan%3E%3C%2Fi%3E%3Ci%3E%3Cspan%20lang%3D%22PT-BR%22%3E%2F2011%2C%20DEJT%20divulgado%0Aem%2027%2C%2030%20e%2031.05.2011.%3Co%3Ap%3E%3C%2Fo%3Ap%3E%3C%2Fspan%3E%3C%2Fi%3E%3C%2Fp%3E%0A%0A%3Cp%20class%3D%22MsoNormal%22%3E%3Ci%3E%3Cspan%20lang%3D%22PT-BR%22%3EI.%20A%20compensa%C3%A7%C3%A3o%20de%0Ajornada%20de%20trabalho%20deve%20ser%20ajustada%20por%20acordo%20individual%20escrito%2C%20acordo%0Acoletivo%20ou%20conven%C3%A7%C3%A3o%20coletiva.%20(ex-S%C3%BAmula%20n%C2%BA%2085%20-%20primeira%20parte%20-%20alterada%0Apela%20Res.%3Cspan%20class%3D%22apple-converted-space%22%3E%26nbsp%3B%3C%2Fspan%3E%3C%2Fspan%3E%3Cspan%3E%3Ca%20href%3D%22http%3A%2F%2Fwww.jusbrasil.com.br%2Flegislacao%2F139684%2Fresolucao-121-2003%22%20title%3D%22Resolu%C3%A7%C3%A3o%20n%C2%BA%20121%20de%202003%22%20style%3D%22font-weight%3Ainherit%3Bline-height%3Ainherit%22%3E%3Cspan%20lang%3D%22PT-BR%22%3E121%3C%2Fspan%3E%3C%2Fa%3E%3C%2Fspan%3E%3C%2Fi%3E%3Ci%3E%3Cspan%20lang%3D%22PT-BR%22%3E%2F2003%2C%20DJ%2021.11.2003).%3Co%3Ap%3E%3C%2Fo%3Ap%3E%3C%2Fspan%3E%3C%2Fi%3E%3C%2Fp%3E%0A%0A%3Cp%3E%3Ci%3E%3Cspan%20lang%3D%22PT-BR%22%3EII.%20O%20acordo%0Aindividual%20para%20compensa%C3%A7%C3%A3o%20de%20horas%20%C3%A9%20v%C3%A1lido%2C%20salvo%20se%20houver%20norma%20coletiva%0Aem%20sentido%20contr%C3%A1rio.%20(ex-OJ%20n%C2%BA%20182%20da%20SBDI-1-%20inserida%20em%2008.11.2000).%3Co%3Ap%3E%3C%2Fo%3Ap%3E%3C%2Fspan%3E%3C%2Fi%3E%3C%2Fp%3E%0A%0A%3Cp%3E%3Ci%3E%3Cspan%20lang%3D%22PT-BR%22%3E%5B...%5D.%3Co%3Ap%3E%3C%2Fo%3Ap%3E%3C%2Fspan%3E%3C%2Fi%3E%3C%2Fp%3E%0A%0A%3Cp%20class%3D%22MsoNormal%22%3E%3Ci%3E%3Cspan%20lang%3D%22PT-BR%22%3EV.%20As%20disposi%C3%A7%C3%B5es%20contidas%0Anesta%20s%C3%BAmula%20n%C3%A3o%20se%20aplicam%20ao%20regime%20compensat%C3%B3rio%20na%20modalidade%20%E2%80%9Cbanco%20de%0Ahoras%E2%80%9D%2C%20que%20somente%20pode%20ser%20institu%C3%ADdo%20por%20negocia%C3%A7%C3%A3o%20coletiva.%3Co%3Ap%3E%3C%2Fo%3Ap%3E%3C%2Fspan%3E%3C%2Fi%3E%3C%2Fp%3E%0A%0A%3Cp%3E%3Cspan%20lang%3D%22PT-BR%22%3EQuanto%20ao%3Cspan%20class%3D%22apple-converted-space%22%3E%26nbsp%3B%3C%2Fspan%3Eper%C3%ADodo%2C%20como%20dito%20anteriormente%2C%20a%20compensa%C3%A7%C3%A3o%20poder%C3%A1%20ser%0Aestipulada%20para%20cumprimento%20em%20uma%20mesma%3Cspan%20class%3D%22apple-converted-space%22%3E%26nbsp%3B%3C%2Fspan%3Esemana%2Cm%C3%AAs%3Cspan%20class%3D%22apple-converted-space%22%3E%26nbsp%3B%3C%2Fspan%3Eou%3Cspan%20class%3D%22apple-converted-space%22%3E%26nbsp%3B%3C%2Fspan%3Eano.%20Sendo%20que%20dever%C3%A1%20sempre%20ser%20obedecido%20o%20limite%20temporal%20da%0Ajornada%20determinado%20pela%3Cspan%20class%3D%22apple-converted-space%22%3E%26nbsp%3B%3C%2Fspan%3E%3C%2Fspan%3E%3Cspan%3E%3Ca%20href%3D%22http%3A%2F%2Fwww.jusbrasil.com.br%2Flegislacao%2F112175738%2Fconstitui%25C3%25A7%25C3%25A3o-federal-constitui%25C3%25A7%25C3%25A3o-da-republica-federativa-do-brasil-1988%22%20title%3D%22CONSTITUI%C3%87%C3%83O%20DA%20REP%C3%9ABLICA%20FEDERATIVA%20DO%20BRASIL%20DE%201988%22%20style%3D%22font-weight%3Ainherit%3Bline-height%3Ainherit%22%3E%3Cspan%20lang%3D%22PT-BR%22%3EConstitui%C3%A7%C3%A3o%20Federal%3C%2Fspan%3E%3C%2Fa%3E%3C%2Fspan%3E%3Cspan%20class%3D%22apple-converted-space%22%3E%3Cspan%20lang%3D%22PT-BR%22%3E%26nbsp%3B%3C%2Fspan%3E%3C%2Fspan%3E%3Cspan%20lang%3D%22PT-BR%22%3E(art.%207%C2%BA%2C%20XII)%2C%20retificado%20pelo%3Cspan%20class%3D%22apple-converted-space%22%3E%26nbsp%3B%3C%2Fspan%3E%3C%2Fspan%3E%3Cspan%3E%3Ca%20href%3D%22http%3A%2F%2Fwww.jusbrasil.com.br%2Ftopicos%2F10759744%2Fpar%25C3%25A1grafo-2-artigo-59-do-decreto-lei-n-5452-de-01-de-maio-de-1943%22%20title%3D%22Par%C3%A1grafo%202%20Artigo%2059%20do%20Decreto%20Lei%20n%C2%BA%205.452%20de%2001%20de%20Maio%20de%201943%22%20style%3D%22font-weight%3Ainherit%3Bline-height%3Ainherit%22%3E%3Cspan%20lang%3D%22PT-BR%22%3Epar%C3%A1grafo%202%C2%BA%3C%2Fspan%3E%3C%2Fa%3E%3C%2Fspan%3E%3Cspan%20lang%3D%22PT-BR%22%3E%2C%20do%20artigo%3Cspan%20class%3D%22apple-converted-space%22%3E%26nbsp%3B%3C%2Fspan%3E%3C%2Fspan%3E%3Cspan%3E%3Ca%20href%3D%22http%3A%2F%2Fwww.jusbrasil.com.br%2Ftopicos%2F10759850%2Fartigo-59-do-decreto-lei-n-5452-de-01-de-maio-de-1943%22%20title%3D%22Artigo%2059%20do%20Decreto%20Lei%20n%C2%BA%205.452%20de%2001%20de%20Maio%20de%201943%22%20style%3D%22font-weight%3Ainherit%3Bline-height%3Ainherit%22%3E%3Cspan%20lang%3D%22PT-BR%22%3E59%3C%2Fspan%3E%3C%2Fa%3E%3C%2Fspan%3E%3Cspan%20lang%3D%22PT-BR%22%3E%2C%20da%3Cspan%20class%3D%22apple-converted-space%22%3E%26nbsp%3B%3C%2Fspan%3E%3C%2Fspan%3E%3Cspan%3E%3Ca%20href%3D%22http%3A%2F%2Fwww.jusbrasil.com.br%2Flegislacao%2F111983249%2Fconsolida%25C3%25A7%25C3%25A3o-das-leis-do-trabalho-decreto-lei-5452-43%22%20title%3D%22DECRETO-LEI%20N.%C2%BA%205.452%2C%20DE%201%C2%BA%20DE%20MAIO%20DE%201943%22%20style%3D%22font-weight%3Ainherit%3B%0Aline-height%3Ainherit%22%3E%3Cspan%20lang%3D%22PT-BR%22%3EConsolida%C3%A7%C3%A3o%0Adas%20Leis%20do%20Trabalho%3C%2Fspan%3E%3C%2Fa%3E%3C%2Fspan%3E%3Cspan%20lang%3D%22PT-BR%22%3E%2C%20de%3Cspan%20class%3D%22apple-converted-space%22%3E%26nbsp%3B%3C%2Fspan%3Eduas%20horas%20extras%20ao%20dia%2C%20ou%20o%3Cspan%20class%3D%22apple-converted-space%22%3E%26nbsp%3B%3C%2Fspan%3Em%C3%A1ximo%20de%20dez%20horas%20di%C3%A1rias.%3Co%3Ap%3E%3C%2Fo%3Ap%3E%3C%2Fspan%3E%3C%2Fp%3E%0A%0A%3Cp%3E%3Cspan%20lang%3D%22PT-BR%22%3EAqui%0Acabe%20a%20ressalva%20de%20que%20o%20entendimento%3Cspan%20class%3D%22apple-converted-space%22%3E%26nbsp%3B%3C%2Fspan%3Emajorit%C3%A1rio%3Cspan%20class%3D%22apple-converted-space%22%3E%26nbsp%3B%3C%2Fspan%3Equanto%20aos%20limites%20da%20jornada%0Aextraordin%C3%A1ria%20%C3%A9%20no%20sentido%20de%20que%2C%20mesmo%20se%20a%20jornada%20de%20trabalho%20normal%20for%0Ainferior%20a%20oito%20horas%2C%20dever%C3%A1%20ser%20observado%20o%20limite%20m%C3%A1ximo%20de%20duas%20horas%0Aprorrogadas%20por%20dia%2C%20para%20n%C3%A3o%20expor%20o%20empregado%20a%20longas%20prorroga%C3%A7%C3%B5es%20de%20jornada%2C%0Aem%20preju%C3%ADzo%20%C3%A0%20sua%20sa%C3%BAde%20e%20seguran%C3%A7a%20no%20trabalho.%3Co%3Ap%3E%3C%2Fo%3Ap%3E%3C%2Fspan%3E%3C%2Fp%3E%0A%0A%3Cp%3E%3Cspan%20lang%3D%22PT-BR%22%3EQuando%0Ao%20regime%20implantado%20for%20o%20Banco%20de%20Horas%2C%20o%20per%C3%ADodo%20deum%20ano%3Cspan%20class%3D%22apple-converted-space%22%3E%26nbsp%3B%3C%2Fspan%3Epara%0Acompensa%C3%A7%C3%A3o%20ser%C3%A1%20determinado%20pela%3Cspan%20class%3D%22apple-converted-space%22%3E%26nbsp%3B%3C%2Fspan%3Evalidade%3Cspan%20class%3D%22apple-converted-space%22%3E%26nbsp%3B%3C%2Fspan%3Edo%20acordo%20coletivo%20ou%20conven%C3%A7%C3%A3o%0Acoletiva%20que%20houver%20institu%C3%ADdo%20a%20medida.%3Co%3Ap%3E%3C%2Fo%3Ap%3E%3C%2Fspan%3E%3C%2Fp%3E%0A%0A%3Cp%3E%3Cspan%20lang%3D%22PT-BR%22%3ENo%20caso%20de%3Cspan%20class%3D%22apple-converted-space%22%3E%26nbsp%3B%3C%2Fspan%3Erescis%C3%A3o%20do%20contrato%20de%20trabalho%3Cspan%20class%3D%22apple-converted-space%22%3E%26nbsp%3B%3C%2Fspan%3Eno%0Acurso%20do%20Banco%20de%20Horas%2C%20antes%20de%20terminado%20o%20per%C3%ADodo%20de%20compensa%C3%A7%C3%A3o%2C%20o%0Aempregado%20deve%3Cspan%20class%3D%22apple-converted-space%22%3E%26nbsp%3B%3C%2Fspan%3Ereceber%3Cspan%20class%3D%22apple-converted-space%22%3E%26nbsp%3B%3C%2Fspan%3Eas%20horas%20prorrogadas%20e%20n%C3%A3o%20compensadas%0Acomo%20extraordin%C3%A1rias%20(art.%3Cspan%20class%3D%22apple-converted-space%22%3E%26nbsp%3B%3C%2Fspan%3E%3C%2Fspan%3E%3Cspan%3E%3Ca%20href%3D%22http%3A%2F%2Fwww.jusbrasil.com.br%2Ftopicos%2F10759850%2Fartigo-59-do-decreto-lei-n-5452-de-01-de-maio-de-1943%22%20title%3D%22Artigo%2059%20do%20Decreto%20Lei%20n%C2%BA%205.452%20de%2001%20de%20Maio%20de%201943%22%20style%3D%22font-weight%3Ainherit%3Bline-height%3Ainherit%22%3E%3Cspan%20lang%3D%22PT-BR%22%3E59%3C%2Fspan%3E%3C%2Fa%3E%3C%2Fspan%3E%3Cspan%20lang%3D%22PT-BR%22%3E%2C%3Cspan%20class%3D%22apple-converted-space%22%3E%26nbsp%3B%3C%2Fspan%3E%3C%2Fspan%3E%3Cspan%3E%3Ca%20href%3D%22http%3A%2F%2Fwww.jusbrasil.com.br%2Ftopicos%2F10759704%2Fpar%25C3%25A1grafo-3-artigo-59-do-decreto-lei-n-5452-de-01-de-maio-de-1943%22%20title%3D%22Par%C3%A1grafo%203%20Artigo%2059%20do%20Decreto%20Lei%20n%C2%BA%205.452%20de%2001%20de%20Maio%20de%201943%22%20style%3D%22font-weight%3Ainherit%3Bline-height%3Ainherit%22%3E%3Cspan%20lang%3D%22PT-BR%22%3E%C2%A7%203%C2%BA%3C%2Fspan%3E%3C%2Fa%3E%3C%2Fspan%3E%3Cspan%20lang%3D%22PT-BR%22%3E%2C%3Cspan%20class%3D%22apple-converted-space%22%3E%26nbsp%3B%3C%2Fspan%3E%3C%2Fspan%3E%3Cspan%3E%3Ca%20href%3D%22http%3A%2F%2Fwww.jusbrasil.com.br%2Flegislacao%2F111983249%2Fconsolida%25C3%25A7%25C3%25A3o-das-leis-do-trabalho-decreto-lei-5452-43%22%20title%3D%22DECRETO-LEI%20N.%C2%BA%205.452%2C%20DE%201%C2%BA%20DE%20MAIO%20DE%201943%22%20style%3D%22font-weight%3Ainherit%3B%0Aline-height%3Ainherit%22%3E%3Cspan%20lang%3D%22PT-BR%22%3ECLT%3C%2Fspan%3E%3C%2Fa%3E%3C%2Fspan%3E%3Cspan%20lang%3D%22PT-BR%22%3E).%20O%20pagamento%20das%0Ahoras%20excedentes%20deve%20ocorrer%20n%C3%A3o%20s%C3%B3%20na%20dispensa%20sem%20justa%20causa%2C%20mas%20tamb%C3%A9m%2C%0Apor%20exemplo%2C%20na%20despedida%20indireta%2C%20na%20dispensa%20com%20justa%20causa%2C%20na%20culpa%0Arec%C3%ADproca%20e%20no%20pedido%20de%20demiss%C3%A3o%3B%20j%C3%A1%20que%20n%C3%A3o%20h%C3%A1%20distin%C3%A7%C3%A3o%20quanto%20ao%20modo%20de%0Aencerramento%20do%20contrato%20de%20trabalho%20no%20dispositivo%20em%20refer%C3%AAncia.%3Co%3Ap%3E%3C%2Fo%3Ap%3E%3C%2Fspan%3E%3C%2Fp%3E%0A%0A%3Cp%3E%3Cspan%20lang%3D%22PT-BR%22%3EPor%0Aoutro%20lado%2C%20no%20caso%20do%3Cspan%20class%3D%22apple-converted-space%22%3E%26nbsp%3B%3C%2Fspan%3Eempregado%20ainda%20n%C3%A3o%20ter%20cumpridotodas%0Aas%20horas%20que%20deveria%20pela%20compensa%C3%A7%C3%A3o%20quando%20do%20encerramento%20do%20contrato%2C%20ainda%0Aque%20a%20rescis%C3%A3o%20seja%20por%20justa%20causa%2C%20ou%20pedido%20de%20demiss%C3%A3o%2C%20o%20empregador%3Cspan%20class%3D%22apple-converted-space%22%3E%26nbsp%3B%3C%2Fspan%3En%C3%A3o%20poder%C3%A1descontar%20o%20saldo%20negativo%20do%20mesmo.%20A%20justificativa%20%C3%A9%0Aque%20como%20o%20Banco%20de%20Horas%20%C3%A9%20feito%20no%20interesse%20do%20empregador%2C%20eventual%20saldo%0Anegativo%20far%C3%A1%20parte%20do%3Cspan%20class%3D%22apple-converted-space%22%3E%26nbsp%3B%3C%2Fspan%3Erisco%20da%20atividade%20econ%C3%B4mica.%3Co%3Ap%3E%3C%2Fo%3Ap%3E%3C%2Fspan%3E%3C%2Fp%3E%0A%0A%3Cp%3E%3Cspan%20lang%3D%22PT-BR%22%3EH%C3%A1%20quem%20defenda%20que%2C%20na%20hip%C3%B3tese%0Amencionada%20acima%2C%20o%20referido%20cr%C3%A9dito%20de%20horas%20a%20favor%20do%20empregador%20poderia%20ser%3Cspan%20class%3D%22apple-converted-space%22%3E%26nbsp%3B%3C%2Fspan%3Ecompensadocom%20outro%20cr%C3%A9dito%20do%20empregado%20na%20rescis%C3%A3o%2C%20pois%20do%0Acontr%C3%A1rio%20haveria%20enriquecimento%20sem%20causa%20do%20empregado%2C%20devendo-se%20observar%20o%0Alimite%20de%20um%20m%C3%AAs%20de%20remunera%C3%A7%C3%A3o%2C%20na%20forma%20do%20artigo%3C%2Fspan%3E%3Cspan%3E%3Ca%20href%3D%22http%3A%2F%2Fwww.jusbrasil.com.br%2Ftopicos%2F10710324%2Fartigo-477-do-decreto-lei-n-5452-de-01-de-maio-de-1943%22%20title%3D%22Artigo%20477%20do%20Decreto%20Lei%20n%C2%BA%205.452%20de%2001%20de%20Maio%20de%201943%22%20style%3D%22font-weight%3Ainherit%3Bline-height%3Ainherit%22%3E%3Cspan%20lang%3D%22PT-BR%22%3E477%3C%2Fspan%3E%3C%2Fa%3E%3C%2Fspan%3E%3Cspan%20lang%3D%22PT-BR%22%3E%2C%3Cspan%20class%3D%22apple-converted-space%22%3E%26nbsp%3B%3C%2Fspan%3E%3C%2Fspan%3E%3Cspan%3E%3Ca%20href%3D%22http%3A%2F%2Fwww.jusbrasil.com.br%2Ftopicos%2F10710137%2Fpar%25C3%25A1grafo-5-artigo-477-do-decreto-lei-n-5452-de-01-de-maio-de-1943%22%20title%3D%22Par%C3%A1grafo%205%20Artigo%20477%20do%20Decreto%20Lei%20n%C2%BA%205.452%20de%2001%20de%20Maio%20de%201943%22%20style%3D%22font-weight%3Ainherit%3Bline-height%3Ainherit%22%3E%3Cspan%20lang%3D%22PT-BR%22%3E%C2%A7%205%C2%BA%3C%2Fspan%3E%3C%2Fa%3E%3C%2Fspan%3E%3Cspan%20lang%3D%22PT-BR%22%3E%2C%20da%3Cspan%20class%3D%22apple-converted-space%22%3E%26nbsp%3B%3C%2Fspan%3E%3C%2Fspan%3E%3Cspan%3E%3Ca%20href%3D%22http%3A%2F%2Fwww.jusbrasil.com.br%2Flegislacao%2F111983249%2Fconsolida%25C3%25A7%25C3%25A3o-das-leis-do-trabalho-decreto-lei-5452-43%22%20title%3D%22DECRETO-LEI%20N.%C2%BA%205.452%2C%20DE%201%C2%BA%20DE%20MAIO%20DE%201943%22%20style%3D%22font-weight%3Ainherit%3B%0Aline-height%3Ainherit%22%3E%3Cspan%20lang%3D%22PT-BR%22%3EConsolida%C3%A7%C3%A3o%0Adas%20Leis%20do%20Trabalho%3C%2Fspan%3E%3C%2Fa%3E%3C%2Fspan%3E%3Cspan%20lang%3D%22PT-BR%22%3E.%3Co%3Ap%3E%3C%2Fo%3Ap%3E%3C%2Fspan%3E%3C%2Fp%3E%0A%0A%3Cp%3E%3Cspan%20lang%3D%22PT-BR%22%3ENo%20que%20tange%20ao%3Cspan%20class%3D%22apple-converted-space%22%3E%26nbsp%3B%3C%2Fspan%3Edescumprimento%3Cspan%20class%3D%22apple-converted-space%22%3E%26nbsp%3B%3C%2Fspan%3Edas%0Aformalidades%20legais%20para%20aplica%C3%A7%C3%A3o%20da%20medida%2C%20considerando%20a%20compensa%C3%A7%C3%A3o%20em%0Aper%C3%ADodosemanal%2C%20a%3Cspan%20class%3D%22apple-converted-space%22%3E%26nbsp%3B%3C%2Fspan%3E%3C%2Fspan%3E%3Cspan%3E%3Ca%20href%3D%22http%3A%2F%2Fwww3.tst.jus.br%2Fjurisprudencia%2FSumulas_com_indice%2FSumulas_Ind_51_100.html%23SUM-85%22%20target%3D%22_blank%22%20style%3D%22font-weight%3Ainherit%3Bline-height%3Ainherit%22%3E%3Cspan%20lang%3D%22PT-BR%22%3ES%C3%BAmula%2085%3C%2Fspan%3E%3C%2Fa%3E%3C%2Fspan%3E%3Cspan%20class%3D%22apple-converted-space%22%3E%3Cspan%20lang%3D%22PT-BR%22%3E%26nbsp%3B%3C%2Fspan%3E%3C%2Fspan%3E%3Cspan%20lang%3D%22PT-BR%22%3Edo%20Tribunal%20Superior%20do%20Trabalho%20determina%20que%20o%20empregador%20pagar%C3%A1%20ao%0Aempregado%20somente%20o%20adicional%20de%20horas%20extras%20para%20as%20horas%20que%20ultrapassarem%0Aoito%20horas%20di%C3%A1rias%3A%3Co%3Ap%3E%3C%2Fo%3Ap%3E%3C%2Fspan%3E%3C%2Fp%3E%0A%0A%3Cp%3E%3Ci%3E%3Cspan%20lang%3D%22PT-BR%22%3ES%C3%BAmula%20n%C2%BA%2085%2C%20do%0ATribunal%20Superior%20do%20Trabalho.%3Co%3Ap%3E%3C%2Fo%3Ap%3E%3C%2Fspan%3E%3C%2Fi%3E%3C%2Fp%3E%0A%0A%3Cp%3E%3Ci%3E%3Cspan%20lang%3D%22PT-BR%22%3ECOMPENSA%C3%87%C3%83O%20DE%20JORNADA%20(inserido%20o%20item%20V)%20-%20Res.%3Cspan%20class%3D%22apple-converted-space%22%3E%26nbsp%3B%3C%2Fspan%3E%3C%2Fspan%3E%3Cspan%3E%3Ca%20href%3D%22http%3A%2F%2Fwww.jusbrasil.com.br%2Flegislacao%2F1029532%2Fresolucao-174-2011%22%20title%3D%22Resolu%C3%A7%C3%A3o%20n%C2%BA.%20174%2C%20de%202011%22%20style%3D%22font-weight%3Ainherit%3Bline-height%3Ainherit%22%3E%3Cspan%20lang%3D%22PT-BR%22%3E174%3C%2Fspan%3E%3C%2Fa%3E%3C%2Fspan%3E%3C%2Fi%3E%3Ci%3E%3Cspan%20lang%3D%22PT-BR%22%3E%2F2011%2C%20DEJT%20divulgado%0Aem%2027%2C%2030%20e%2031.05.2011.%3Co%3Ap%3E%3C%2Fo%3Ap%3E%3C%2Fspan%3E%3C%2Fi%3E%3C%2Fp%3E%0A%0A%3Cp%3E%3Ci%3E%3Cspan%20lang%3D%22PT-BR%22%3E%5B...%5D.%3Co%3Ap%3E%3C%2Fo%3Ap%3E%3C%2Fspan%3E%3C%2Fi%3E%3C%2Fp%3E%0A%0A%3Cp%3E%3Ci%3E%3Cspan%20lang%3D%22PT-BR%22%3EIII%20%E2%80%93%20O%20mero%20n%C3%A3o%0Aatendimento%20das%20exig%C3%AAncias%20legais%20para%20a%20compensa%C3%A7%C3%A3o%20de%20jornada%2C%20inclusive%0Aquando%20encetada%20mediante%20acordo%20t%C3%A1cito%2C%20n%C3%A3o%20implica%20a%20repeti%C3%A7%C3%A3o%20do%20pagamento%0Adas%20horas%20excedentes%20%C3%A0%20jornada%20normal%20di%C3%A1ria%2C%20se%20n%C3%A3o%20dilatada%20a%20jornada%20m%C3%A1xima%0Asemanal%2C%20sendo%20devido%20apenas%20o%20respectivo%20adicional.%3Co%3Ap%3E%3C%2Fo%3Ap%3E%3C%2Fspan%3E%3C%2Fi%3E%3C%2Fp%3E%0A%0A%3Cp%3E%3Ci%3E%3Cspan%20lang%3D%22PT-BR%22%3E%5B...%5D.%3Co%3Ap%3E%3C%2Fo%3Ap%3E%3C%2Fspan%3E%3C%2Fi%3E%3C%2Fp%3E%0A%0A%3Cp%3E%3Cspan%20lang%3D%22PT-BR%22%3EIsso%0Aocorre%20porque%2C%20na%20verdade%2C%20o%20empregado%20n%C3%A3o%20est%C3%A1%20fazendo%20hora%20extra%2C%20pois%20est%C3%A1%0Atrabalhando%20apenas%20durante%20a%20jornada%20constitucional%20de%20quarenta%20e%20quatro%20horas%0Asemanais.%20Assim%2C%20ele%20receber%C3%A1%20o%20adicional%20pelas%20horas%20prorrogadas%20e%20compensadas%0Aapenas%20em%20fun%C3%A7%C3%A3o%20da%20irregularidade%20do%20regime%20de%20compensa%C3%A7%C3%A3o.%3Co%3Ap%3E%3C%2Fo%3Ap%3E%3C%2Fspan%3E%3C%2Fp%3E%0A%0A%3Cp%3E%3Cspan%20lang%3D%22PT-BR%22%3ESe%20o%20empregado%20tiver%20regime%20de%0Acompensa%C3%A7%C3%A3o%3Cspan%20class%3D%22apple-converted-space%22%3E%26nbsp%3B%3C%2Fspan%3Esemanal%3Cspan%20class%3D%22apple-converted-space%22%3E%26nbsp%3B%3C%2Fspan%3Eou%3Cspan%20class%3D%22apple-converted-space%22%3E%26nbsp%3B%3C%2Fspan%3Emensalestabelecido%20regularmente%20por%0Aacordo%20escrito%2C%20mas%3Cspan%20class%3D%22apple-converted-space%22%3E%26nbsp%3B%3C%2Fspan%3Ehabitualmentepreste%3Cspan%20class%3D%22apple-converted-space%22%3E%26nbsp%3B%3C%2Fspan%3Ehoras%20extras%3Cspan%20class%3D%22apple-converted-space%22%3E%26nbsp%3B%3C%2Fspan%3E(al%C3%A9m%0Adas%20compensadas)%2C%20restar%C3%A1%20descaracterizado%20o%20regime%20de%20compensa%C3%A7%C3%A3o%2C%20conforme%0Adisposi%C3%A7%C3%A3o%20do%20item%20IV%20da%3Cspan%20class%3D%22apple-converted-space%22%3E%26nbsp%3B%3C%2Fspan%3E%3C%2Fspan%3E%3Cspan%3E%3Ca%20href%3D%22http%3A%2F%2Fwww3.tst.jus.br%2Fjurisprudencia%2FSumulas_com_indice%2FSumulas_Ind_51_100.html%23SUM-85%22%20target%3D%22_blank%22%20style%3D%22font-weight%3Ainherit%3Bline-height%3Ainherit%22%3E%3Cspan%20lang%3D%22PT-BR%22%3ES%C3%BAmula%2085%3C%2Fspan%3E%3C%2Fa%3E%3C%2Fspan%3E%3Cspan%20class%3D%22apple-converted-space%22%3E%3Cspan%20lang%3D%22PT-BR%22%3E%26nbsp%3B%3C%2Fspan%3E%3C%2Fspan%3E%3Cspan%20lang%3D%22PT-BR%22%3Edo%20Tribunal%20Superior%20do%20Trabalho%3A%3Co%3Ap%3E%3C%2Fo%3Ap%3E%3C%2Fspan%3E%3C%2Fp%3E%0A%0A%3Cp%3E%3Ci%3E%3Cspan%20lang%3D%22PT-BR%22%3ES%C3%BAmula%20n%C2%BA%2085%2C%20do%0ATribunal%20Superior%20do%20Trabalho.%3Co%3Ap%3E%3C%2Fo%3Ap%3E%3C%2Fspan%3E%3C%2Fi%3E%3C%2Fp%3E%0A%0A%3Cp%3E%3Ci%3E%3Cspan%20lang%3D%22PT-BR%22%3ECOMPENSA%C3%87%C3%83O%20DE%20JORNADA%20(inserido%20o%20item%20V)%20-%20Res.%3Cspan%20class%3D%22apple-converted-space%22%3E%26nbsp%3B%3C%2Fspan%3E%3C%2Fspan%3E%3Cspan%3E%3Ca%20href%3D%22http%3A%2F%2Fwww.jusbrasil.com.br%2Flegislacao%2F1029532%2Fresolucao-174-2011%22%20title%3D%22Resolu%C3%A7%C3%A3o%20n%C2%BA.%20174%2C%20de%202011%22%20style%3D%22font-weight%3Ainherit%3Bline-height%3Ainherit%22%3E%3Cspan%20lang%3D%22PT-BR%22%3E174%3C%2Fspan%3E%3C%2Fa%3E%3C%2Fspan%3E%3C%2Fi%3E%3Ci%3E%3Cspan%20lang%3D%22PT-BR%22%3E%2F2011%2C%20DEJT%20divulgado%0Aem%2027%2C%2030%20e%2031.05.2011.%3Co%3Ap%3E%3C%2Fo%3Ap%3E%3C%2Fspan%3E%3C%2Fi%3E%3C%2Fp%3E%0A%0A%3Cp%3E%3Ci%3E%3Cspan%20lang%3D%22PT-BR%22%3E%5B...%5D.%3Co%3Ap%3E%3C%2Fo%3Ap%3E%3C%2Fspan%3E%3C%2Fi%3E%3C%2Fp%3E%0A%0A%3Cp%3E%3Ci%3E%3Cspan%20lang%3D%22PT-BR%22%3EIV%20%E2%80%93%20A%20presta%C3%A7%C3%A3o%20de%0Ahoras%20extras%20habituais%20descaracteriza%20o%20acordo%20de%20compensa%C3%A7%C3%A3o%20de%20jornada.%20Nesta%0Ahip%C3%B3tese%2C%20as%20horas%20que%20ultrapassarem%20a%20jornada%20semanal%20normal%20dever%C3%A3o%20ser%20pagas%0Acomo%20horas%20extraordin%C3%A1rias%20e%2C%20quanto%20%C3%A0quelas%20destinadas%20%C3%A0%20compensa%C3%A7%C3%A3o%2C%20dever%C3%A1%0Aser%20pago%20a%20mais%20apenas%20o%20adicional%20por%20trabalho%20extraordin%C3%A1rio.%3Co%3Ap%3E%3C%2Fo%3Ap%3E%3C%2Fspan%3E%3C%2Fi%3E%3C%2Fp%3E%0A%0A%3Cp%3E%3Ci%3E%3Cspan%20lang%3D%22PT-BR%22%3E%5B...%5D.%3Co%3Ap%3E%3C%2Fo%3Ap%3E%3C%2Fspan%3E%3C%2Fi%3E%3C%2Fp%3E%0A%0A%3Cp%3E%3Cspan%20lang%3D%22PT-BR%22%3EA%3Cspan%20class%3D%22apple-converted-space%22%3E%26nbsp%3B%3C%2Fspan%3Edescaracteriza%C3%A7%C3%A3o%3Cspan%20class%3D%22apple-converted-space%22%3E%26nbsp%3B%3C%2Fspan%3Ese%0Abaseia%20na%3Cspan%20class%3D%22apple-converted-space%22%3E%26nbsp%3B%3C%2Fspan%3Eincompatibilidade%3Cspan%20class%3D%22apple-converted-space%22%3E%26nbsp%3B%3C%2Fspan%3Eentre%0Ao%20regime%20de%20compensa%C3%A7%C3%A3o%20e%20a%20realiza%C3%A7%C3%A3o%20de%20horas%20extraordin%C3%A1rias.%20Assim%2C%20havendo%0Apresta%C3%A7%C3%A3o%20de%20horas%20extras%20habituais%2C%20o%20empregador%20ter%C3%A1%20que%20pagar%20ao%20empregado%20o%0Aadicional%20de%20horas%20extras%20(apenas%20o%20adicional)%20pelas%20horas%20prorrogadas%20e%0Acompensadas%2C%20e%20pagar%C3%A1%20hora%20extra%20integral%20pelas%20horas%20que%20ultrapassem%20o%20limite%0Ade%20quarenta%20e%20quatro%20horas%20semanais.%3Co%3Ap%3E%3C%2Fo%3Ap%3E%3C%2Fspan%3E%3C%2Fp%3E%0A%0A%3Cp%3E%3Cspan%20lang%3D%22PT-BR%22%3EO%20Tribunal%20Superior%20do%20Trabalho%0Afirmou%20entendimento%2C%20por%20meio%20da%3Cspan%20class%3D%22apple-converted-space%22%3E%26nbsp%3B%3C%2Fspan%3E%3C%2Fspan%3E%3Cspan%3E%3Ca%20href%3D%22http%3A%2F%2Fwww3.tst.jus.br%2Fjurisprudencia%2FSumulas_com_indice%2FSumulas_Ind_401_450.html%23SUM-444%22%20target%3D%22_blank%22%20style%3D%22font-weight%3Ainherit%3Bline-height%3Ainherit%22%3E%3Cspan%20lang%3D%22PT-BR%22%3ES%C3%BAmula%20444%3C%2Fspan%3E%3C%2Fa%3E%3C%2Fspan%3E%3Cspan%20lang%3D%22PT-BR%22%3E%2C%20no%20sentido%20de%20que%20%C3%A9%3Cspan%20class%3D%22apple-converted-space%22%3E%26nbsp%3B%3C%2Fspan%3Ev%C3%A1lido%3Cspan%20class%3D%22apple-converted-space%22%3E%26nbsp%3B%3C%2Fspan%3Eo%20regime%20de%0Acompensa%C3%A7%C3%A3o%20de%20jornada%20em%20turnos%20de%3Cspan%20class%3D%22apple-converted-space%22%3E%26nbsp%3B%3C%2Fspan%3E12%20por%2036%20horas%2C%20desde%20que%20autorizado%0Apor%20acordo%20coletivo%20ou%20conven%C3%A7%C3%A3o%20coletiva%20de%20trabalho%2C%20afastando%20a%20discuss%C3%A3o%0Aacerca%20da%20licitude%20da%20medida%20em%20fun%C3%A7%C3%A3o%20da%20prorroga%C3%A7%C3%A3o%20acima%20de%20duas%20horas%20por%0Adia%20na%20jornada%20normal.%20A%20s%C3%BAmula%20ainda%20disp%C3%B5e%20que%20fica%3Cspan%20class%3D%22apple-converted-space%22%3E%26nbsp%3B%3C%2Fspan%3E%3Ci%3E%E2%80%9Cassegurada%20a%20remunera%C3%A7%C3%A3o%20em%20dobro%0Ados%20feriados%20trabalhados%E2%80%9D%3C%2Fi%3E%3Cspan%20class%3D%22apple-converted-space%22%3E%26nbsp%3B%3C%2Fspan%3Ee%0Aque%20o%20%E2%80%9C%3Ci%3Eempregado%20n%C3%A3o%20tem%20direito%20ao%20pagamento%20de%20adicional%20referente%20ao%0Alabor%20prestado%20na%20d%C3%A9cima%20primeira%20e%20d%C3%A9cima%20segunda%20horas%E2%80%9D.%3C%2Fi%3E%3Co%3Ap%3E%3C%2Fo%3Ap%3E%3C%2Fspan%3E%3C%2Fp%3E%0A%0A%3Cp%3E%3Cspan%20lang%3D%22PT-BR%22%3ENesse%20regime%2C%20se%0Aconsidera%20que%20as%20horas%20de%20descanso%20compensam%20o%20descanso%20semanal%2C%20portanto%2C%20n%C3%A3o%0Ah%C3%A1%20pagamento%20como%20extra%20das%20horas%20trabalhadas%20em%20dias%20de%20folga.%3Co%3Ap%3E%3C%2Fo%3Ap%3E%3C%2Fspan%3E%3C%2Fp%3E%0A%0A%3Cp%3E%3Cspan%20lang%3D%22PT-BR%22%3EPor%20fim%2C%20%C3%A9%20importante%20lembrar%0Aque%2C%20para%3Cspan%20class%3D%22apple-converted-space%22%3E%26nbsp%3B%3C%2Fspan%3Eatividades%20insalubres%2Cquaisquer%20prorroga%C3%A7%C3%B5es%20de%20jornada%20(inclusive%0Acompensa%C3%A7%C3%A3o%20de%20hor%C3%A1rios)%20s%C3%B3%20poder%C3%A3o%20ser%20acordadas%20mediante%20licen%C3%A7a%20pr%C3%A9via%20das%0Aautoridades%20competentes%20em%20mat%C3%A9ria%20de%20seguran%C3%A7a%20e%20medicina%20do%20trabalho%2C%20na%0Aforma%20do%20artigo%3Cspan%20class%3D%22apple-converted-space%22%3E%26nbsp%3B%3C%2Fspan%3E%3C%2Fspan%3E%3Cspan%3E%3Ca%20href%3D%22http%3A%2F%2Fwww.jusbrasil.com.br%2Ftopicos%2F10759609%2Fartigo-60-do-decreto-lei-n-5452-de-01-de-maio-de-1943%22%20title%3D%22Artigo%2060%20do%20Decreto%20Lei%20n%C2%BA%205.452%20de%2001%20de%20Maio%20de%201943%22%20style%3D%22font-weight%3Ainherit%3Bline-height%3Ainherit%22%3E%3Cspan%20lang%3D%22PT-BR%22%3E60%3C%2Fspan%3E%3C%2Fa%3E%3C%2Fspan%3E%3Cspan%20lang%3D%22PT-BR%22%3E%2C%20da%3Cspan%20class%3D%22apple-converted-space%22%3E%26nbsp%3B%3C%2Fspan%3E%3C%2Fspan%3E%3Cspan%3E%3Ca%20href%3D%22http%3A%2F%2Fwww.jusbrasil.com.br%2Flegislacao%2F111983249%2Fconsolida%25C3%25A7%25C3%25A3o-das-leis-do-trabalho-decreto-lei-5452-43%22%20title%3D%22DECRETO-LEI%20N.%C2%BA%205.452%2C%20DE%201%C2%BA%20DE%20MAIO%20DE%201943%22%20style%3D%22font-weight%3Ainherit%3B%0Aline-height%3Ainherit%22%3E%3Cspan%20lang%3D%22PT-BR%22%3EConsolida%C3%A7%C3%A3o%0Adas%20Leis%20do%20Trabalho%3C%2Fspan%3E%3C%2Fa%3E%3C%2Fspan%3E%3Cspan%20lang%3D%22PT-BR%22%3E%2C%20n%C3%A3o%20sendo%20suficiente%2C%20neste%20caso%2C%20somente%20a%20previs%C3%A3o%0Aem%20acordo%20coletivo%20ou%20conven%C3%A7%C3%A3o%20coletiva%20de%20trabalho.%3Co%3Ap%3E%3C%2Fo%3Ap%3E%3C%2Fspan%3E%3C%2Fp%3E%0A%0A%3Cp%3E%3Cb%3E%3Cspan%3E%26nbsp%3B%3C%2Fspan%3E%3C%2Fb%3E%3C%2Fp%3E%0A%0A%3Cp%3E%3Cb%3E%3Cspan%3EFONTES%3A%3C%2Fspan%3E%3C%2Fb%3E%3Cspan%3E%3Co%3Ap%3E%3C%2Fo%3Ap%3E%3C%2Fspan%3E%3C%2Fp%3E%0A%0A%3Cp%20class%3D%22MsoNormal%22%3E%3Ca%20href%3D%22http%3A%2F%2Fwww.jusbrasil.com.br%2Flegislacao%2F112175738%2Fconstitui%25C3%25A7%25C3%25A3o-federal-constitui%25C3%25A7%25C3%25A3o-da-republica-federativa-do-brasil-1988%22%20title%3D%22CONSTITUI%C3%87%C3%83O%20DA%20REP%C3%9ABLICA%20FEDERATIVA%20DO%20BRASIL%20DE%201988%22%3E%3Cspan%20lang%3D%22PT-BR%22%3EConstitui%C3%A7%C3%A3o%20Federal%3C%2Fspan%3E%3C%2Fa%3E%3Cspan%20lang%3D%22PT-BR%22%3E%2C%201988.%3C%2Fspan%3E%3Cspan%20lang%3D%22PT-BR%22%3E%3Co%3Ap%3E%3C%2Fo%3Ap%3E%3C%2Fspan%3E%3C%2Fp%3E%0A%0A%3Cp%20class%3D%22MsoNormal%22%3E%3Ca%20href%3D%22http%3A%2F%2Fwww.jusbrasil.com.br%2Flegislacao%2F111983249%2Fconsolida%25C3%25A7%25C3%25A3o-das-leis-do-trabalho-decreto-lei-5452-43%22%20title%3D%22DECRETO-LEI%20N.%C2%BA%205.452%2C%20DE%201%C2%BA%20DE%20MAIO%20DE%201943%22%3E%3Cspan%20lang%3D%22PT-BR%22%3EConsolida%C3%A7%C3%A3o%20das%20Leis%20do%20Trabalho%3C%2Fspan%3E%3C%2Fa%3E%3Cspan%20lang%3D%22PT-BR%22%3E%2C%201943.%3C%2Fspan%3E%3Cspan%20lang%3D%22PT-BR%22%3E%3Co%3Ap%3E%3C%2Fo%3Ap%3E%3C%2Fspan%3E%3C%2Fp%3E%0A%0A%3Cp%3E%3Cspan%3E%3Ca%20href%3D%22http%3A%2F%2Fwww.planalto.gov.br%2Fccivil_03%2Fleis%2Fl9601.htm%22%20target%3D%22_blank%22%20style%3D%22font-weight%3Ainherit%3Bline-height%3Ainherit%22%3E%3Cspan%20lang%3D%22PT-BR%22%3ELei%20n%C2%BA%3Cspan%20class%3D%22apple-converted-space%22%3E%26nbsp%3B%3C%2Fspan%3E%3C%2Fspan%3E%3C%2Fa%3E%3Ca%20href%3D%22http%3A%2F%2Fwww.jusbrasil.com.br%2Flegislacao%2F103514%2Flei-9601-98%22%20title%3D%22Lei%20n%C2%BA%209.601%2C%20de%2021%20de%20janeiro%20de%201998%22%20style%3D%22font-weight%3Ainherit%3B%0Aline-height%3Ainherit%22%3E%3Cspan%20lang%3D%22PT-BR%22%3E9.601%3C%2Fspan%3E%3C%2Fa%3E%3C%2Fspan%3E%3Cspan%20lang%3D%22PT-BR%22%3E%2C%20de%2021%20de%20janeiro%20de%0A1998.%3Co%3Ap%3E%3C%2Fo%3Ap%3E%3C%2Fspan%3E%3C%2Fp%3E%0A%0A%3Cp%3E%3Cspan%3E%3Ca%20href%3D%22http%3A%2F%2Fwww3.tst.jus.br%2Fjurisprudencia%2FSumulas_com_indice%2FSumulas_Ind_401_450.html%23SUM-444%22%20target%3D%22_blank%22%20style%3D%22font-weight%3Ainherit%3Bline-height%3Ainherit%22%3E%3Cspan%20lang%3D%22PT-BR%22%3ES%C3%BAmula%20444%2C%20Tribunal%20Superior%20do%0ATrabalho%3C%2Fspan%3E%3C%2Fa%3E%3C%2Fspan%3E%3Cspan%20lang%3D%22PT-BR%22%3E.%3Co%3Ap%3E%3C%2Fo%3Ap%3E%3C%2Fspan%3E%3C%2Fp%3E%0A%0A%3Cp%3E%3Cspan%3E%3Ca%20href%3D%22http%3A%2F%2Fwww3.tst.jus.br%2Fjurisprudencia%2FSumulas_com_indice%2FSumulas_Ind_51_100.html%23SUM-85%22%20target%3D%22_blank%22%20style%3D%22font-weight%3Ainherit%3Bline-height%3Ainherit%22%3E%3Cspan%20lang%3D%22PT-BR%22%3ES%C3%BAmula%2085%2C%20Tribunal%20Superior%20do%0ATrabalho%3C%2Fspan%3E%3C%2Fa%3E%3C%2Fspan%3E%3Cspan%20lang%3D%22PT-BR%22%3E.%3Co%3Ap%3E%3C%2Fo%3Ap%3E%3C%2Fspan%3E%3C%2Fp%3E%0A%0A%3Cp%3E%3Cspan%20lang%3D%22PT-BR%22%3EDELGADO%2C%20Maur%C3%ADcio%0AGodinho.%20Curso%20de%20Direito%20do%20Trabalho.%2012%C2%AA%20ed.%20S%C3%A3o%20Paulo%3A%20LTr%2C%202013.%3C%2Fspan%3E%3Cspan%20lang%3D%22PT-BR%22%3E%20%3Co%3Ap%3E%3C%2Fo%3Ap%3E%3C%2Fspan%3E%3C%2Fp%3E%3Cp%3E%3Cspan%20lang%3D%22PT-BR%22%3ESite%3A%20http%3A%2F%2Fmarcelafaraco.jusbrasil.com.br%2Fartigos%2F154378191%2Fa-flexibilizacao-da-jornada-de-trabalho-compensacao-de-jornada-e-banco-de-horas%3C%2Fspan%3E%3C%2Fp%3E%3C%2Fh5%3E',''),(6,'HORÁRIO FLEXÍVEL','%3Ch5%20style%3D%22text-align%3A%20justify%3B%20font-family%3A%20Gotham%2C%20\'Helvetica%20Neue\'%2C%20Helvetica%2C%20Arial%2C%20sans-serif%3B%20color%3A%20rgb(51%2C%2051%2C%2051)%3B%22%3E%3Cspan%3EO%20hor%C3%A1rio%20flex%C3%ADvel%20consiste%20na%20possibilidade%20de%20gerar%20a%20mobilidade%20de%20hor%C3%A1rio%20de%20entrada%20e%20de%20sa%C3%ADda%20para%20empregados%20que%20possuam%20controle%20de%20jornada%20de%20trabalho%2C%20ou%20seja%2C%20um%20empregado%20que%20chegar%20at%C3%A9%20uma%20hora%20antes%20da%20sua%20escala%20de%20trabalho%20e%20administrar%20a%20quantidade%20equivalente%20de%20tempo%20durante%20o%20dia%20poder%C3%A1%20flexibilizar%20sua%20jornada%20de%20trabalho%20adequando%20seu%20hor%C3%A1rio%20seja%20por%20um%20interesse%20da%20empresa%20ou%20do%20pr%C3%B3prio%20empregado%20em%20determinado%20dia%20da%20semana%20sem%20que%20haja%20efetivamente%20a%20necessidade%20de%20altera%C3%A7%C3%A3o%20de%20escala%20de%20trabalho.%3C%2Fspan%3E%3C%2Fh5%3E',''),(7,'COMPENSAÇÃO DE JORNADA - \"BANCO DE HORAS\"','%3Ch5%3E%3Cp%20class%3D%22MsoNormal%22%3E%3Cspan%3EO%20Banco%20de%20Horas%0A%C3%A9%20um%20acordo%20de%20compensa%C3%A7%C3%A3o%20em%20que%20as%20horas%20excedentes%20trabalhadas%20em%20um%20dia%20s%C3%A3o%0Acompensadas%20com%20a%20correspondente%20diminui%C3%A7%C3%A3o%20da%20jornada%20em%20outro%20dia.%20Sua%0Avalidade%20est%C3%A1%20prevista%20na%20Consolida%C3%A7%C3%A3o%20das%20Leis%20do%20Trabalho%20(CLT)%2C%20no%20par%C3%A1grafo%0A2%C2%BA%20do%20artigo%2059.%20%26nbsp%3B%3C%2Fspan%3E%3C%2Fp%3E%0A%0A%3Cp%20class%3D%22MsoNormal%22%3E%3Cspan%20lang%3D%22PT-BR%22%3EA%20CLT%20prev%C3%AA%20que%0Aa%20validade%20do%20Banco%20de%20Horas%20est%C3%A1%20condicionada%20a%20sua%20institui%C3%A7%C3%A3o%20mediante%0AAcordo%20ou%20Conven%C3%A7%C3%A3o%20Coletiva%20de%20Trabalho%2C%20vale%20dizer%2C%20mediante%20a%20participa%C3%A7%C3%A3o%0Ado%20Sindicato%20da%20categoria.%20A%20ado%C3%A7%C3%A3o%20ou%20n%C3%A3o%20do%20Banco%20de%20Horas%20%C3%A9%20uma%20decis%C3%A3o%20do%0Aempregador%20e%20faz%20parte%20do%20seu%20poder%20diretivo.%20Uma%20vez%20institu%C3%ADdo%2C%20o%20trabalhador%0Adeve%20aceitar%20e%2C%20havendo%20qualquer%20irregularidade%2C%20poder%C3%A1%20o%20empregado%20se%0Ainsurgir%2C%20futuramente%2C%20ingressando%20com%20uma%20a%C3%A7%C3%A3o%20judicial.%3Co%3Ap%3E%3C%2Fo%3Ap%3E%3C%2Fspan%3E%3C%2Fp%3E%0A%0A%3Cp%20class%3D%22MsoNormal%22%3E%3Cspan%20lang%3D%22PT-BR%22%3EA%20vantagem%20para%0Ao%20trabalhador%20%C3%A9%20saber%20que%20haver%C3%A1%20possibilidade%20de%20compensar%20as%20horas%20extras%0Atrabalhadas.%20Para%20o%20empregador%2C%20a%20vantagem%20%C3%A9%20n%C3%A3o%20ter%20de%20efetuar%20o%20pagamento%20das%0Ahoras%20extras%20nem%20seus%20reflexos%20nas%20demais%20verbas%20trabalhistas.%20As%20horas%0Atrabalhadas%20al%C3%A9m%20da%20jornada%20podem%20ser%20compensadas%20com%20entrada%20mais%20tarde%20ao%0Aservi%C3%A7o%20ou%20sa%C3%ADda%20mais%20cedo%3B%20tamb%C3%A9m%20com%20folgas%20a%20mais%20durante%20a%20semana.%20O%0Aempregado%20dever%C3%A1%20estabelecer%20as%20datas%20de%20descanso%20com%20o%20empregador%2C%20para%20que%0An%C3%A3o%20coincidam%20as%20compensa%C3%A7%C3%B5es%20de%20v%C3%A1rios%20empregados%20ao%20mesmo%20tempo%2C%20de%20modo%20a%0Aevitar%20preju%C3%ADzos%20ao%20andamento%20das%20atividades%20empresariais.%3Co%3Ap%3E%3C%2Fo%3Ap%3E%3C%2Fspan%3E%3C%2Fp%3E%0A%0A%3Cp%20class%3D%22MsoNormal%22%3E%3Cspan%20lang%3D%22PT-BR%22%3EVale%20lembrar%20que%0Aa%20CLT%20estabelece%20que%2C%20para%20efeitos%20do%20Banco%20de%20Horas%2C%20o%20limite%20da%20jornada%20%C3%A9%20de%0A10%20horas%20di%C3%A1rias%2C%20ou%20seja%2C%202%20horas%20extras%20por%20dia%20e%20o%20acordo%20de%20compensa%C3%A7%C3%A3o%20tem%0Avalidade%20por%201%20ano.%20Caso%20haja%20frequente%20inobserv%C3%A2ncia%20desse%20limite%20de%2010%20horas%0Adi%C3%A1rias%2C%20bem%20como%20a%20inobserv%C3%A2ncia%20do%20per%C3%ADodo%20de%201%20ano%20para%20liquida%C3%A7%C3%A3o%20das%20horas%0Ae%20renova%C3%A7%C3%A3o%20do%20acordo%20de%20compensa%C3%A7%C3%A3o%2C%20o%20Banco%20de%20Horas%20torna-se%20inv%C3%A1lido%20e%0Atodas%20as%20horas%20excedentes%20trabalhadas%20devem%20ser%20pagas%20com%20o%20respectivo%0Aadicional%20de%20horas%20extras.%20Havendo%20irregularidade%20no%20Banco%20de%20Horas%2C%20ser%C3%A1%0Adevido%20ao%20empregado%20apenas%20o%20adicional%20sobre%20as%20horas%20extras%20j%C3%A1%20compensadas.%20%3Co%3Ap%3E%3C%2Fo%3Ap%3E%3C%2Fspan%3E%3C%2Fp%3E%0A%0A%3Cspan%20lang%3D%22PT-BR%22%3E%3Cdiv%20style%3D%22text-align%3A%20justify%3B%22%3E%3Cspan%3EAs%20horas%20extras%20trabalhadas%2C%20habitualmente%2C%0Adevem%20refletir%20nas%20demais%20verbas%20trabalhistas%2C%20tais%20como%20f%C3%A9rias%20mais%201%2F3%2C%2013%C2%BA%0Asal%C3%A1rios%2C%20dep%C3%B3sitos%20do%20FGTS%20e%20aviso%20pr%C3%A9vio.%3C%2Fspan%3E%3C%2Fdiv%3E%3C%2Fspan%3E%3C%2Fh5%3E%3Cdiv%20style%3D%22text-align%3A%20justify%3B%22%3E%3Cspan%20lang%3D%22PT-BR%22%3E%3Cbr%3E%3C%2Fspan%3E%3C%2Fdiv%3E%3Cdiv%20style%3D%22text-align%3A%20justify%3B%22%3E%3Cspan%20lang%3D%22PT-BR%22%3EFonte.%3A%26nbsp%3B%3C%2Fspan%3E%3C%2Fdiv%3E','');
/*!40000 ALTER TABLE `assunto` ENABLE KEYS */;
UNLOCK TABLES;

--
-- Table structure for table `historico_ocorrencia`
--

DROP TABLE IF EXISTS `historico_ocorrencia`;
/*!40101 SET @saved_cs_client     = @@character_set_client */;
/*!40101 SET character_set_client = utf8 */;
CREATE TABLE `historico_ocorrencia` (
  `id_historico_ocorrencia` int(11) NOT NULL AUTO_INCREMENT,
  `dsc_field` varchar(45) DEFAULT NULL,
  `dsc_field_before` varchar(1000) DEFAULT NULL,
  `dsc_field_after` varchar(1000) DEFAULT NULL,
  PRIMARY KEY (`id_historico_ocorrencia`)
) ENGINE=InnoDB DEFAULT CHARSET=latin1;
/*!40101 SET character_set_client = @saved_cs_client */;

--
-- Dumping data for table `historico_ocorrencia`
--

LOCK TABLES `historico_ocorrencia` WRITE;
/*!40000 ALTER TABLE `historico_ocorrencia` DISABLE KEYS */;
/*!40000 ALTER TABLE `historico_ocorrencia` ENABLE KEYS */;
UNLOCK TABLES;

--
-- Table structure for table `menu`
--

DROP TABLE IF EXISTS `menu`;
/*!40101 SET @saved_cs_client     = @@character_set_client */;
/*!40101 SET character_set_client = utf8 */;
CREATE TABLE `menu` (
  `id_menu` int(11) NOT NULL AUTO_INCREMENT,
  `dsc_name` varchar(100) DEFAULT NULL,
  PRIMARY KEY (`id_menu`)
) ENGINE=InnoDB AUTO_INCREMENT=9 DEFAULT CHARSET=latin1;
/*!40101 SET character_set_client = @saved_cs_client */;

--
-- Dumping data for table `menu`
--

LOCK TABLES `menu` WRITE;
/*!40000 ALTER TABLE `menu` DISABLE KEYS */;
INSERT INTO `menu` VALUES (2,'Usuários'),(3,'Acordos'),(4,'Planta'),(5,'Período'),(6,'Interpretações'),(7,'Assuntos'),(8,'Análise');
/*!40000 ALTER TABLE `menu` ENABLE KEYS */;
UNLOCK TABLES;

--
-- Table structure for table `oc_ac_as`
--

DROP TABLE IF EXISTS `oc_ac_as`;
/*!40101 SET @saved_cs_client     = @@character_set_client */;
/*!40101 SET character_set_client = utf8 */;
CREATE TABLE `oc_ac_as` (
  `id_oc_ac_as` int(11) NOT NULL AUTO_INCREMENT,
  `id_ocorrencia` int(11) NOT NULL,
  `id_tratado` int(11) NOT NULL,
  `dsc_file` varchar(100) DEFAULT NULL,
  `dsc_interpretacao` text,
  PRIMARY KEY (`id_oc_ac_as`,`id_ocorrencia`,`id_tratado`),
  KEY `fk_oc_ac_as_ocorrencia1_idx` (`id_ocorrencia`),
  KEY `fk_oc_ac_as_tratado1_idx` (`id_tratado`),
  CONSTRAINT `fk_oc_ac_as_ocorrencia1` FOREIGN KEY (`id_ocorrencia`) REFERENCES `ocorrencia` (`id_ocorrencia`) ON DELETE NO ACTION ON UPDATE NO ACTION,
  CONSTRAINT `fk_oc_ac_as_tratado1` FOREIGN KEY (`id_tratado`) REFERENCES `tratado` (`id_tratado`) ON DELETE NO ACTION ON UPDATE NO ACTION
) ENGINE=InnoDB AUTO_INCREMENT=6687 DEFAULT CHARSET=latin1;
/*!40101 SET character_set_client = @saved_cs_client */;

--
-- Dumping data for table `oc_ac_as`
--

LOCK TABLES `oc_ac_as` WRITE;
/*!40000 ALTER TABLE `oc_ac_as` DISABLE KEYS */;
INSERT INTO `oc_ac_as` VALUES (69,1,1,'','NÃO APLICÁVEL - Durante o período da suspensão contratual, NÃO serão computados os avos relativos para efeitos de pagamento do décimo terceiro salário para os empregados que aderirem a suspensão contratual.'),(70,1,2,'','NÃO APLICÁVEL - Durante o período da suspensão contratual, NÃO serão computados os avos relativos para efeitos de pagamento das férias assim como do acréscimo de terço constitucional para os empregados que aderirem a suspensão contratual.'),(71,1,3,'','A PLR/PPR em virtude do acordo celebrado em Sorocaba todos os empregados serão elegíveis ao pagamento durante a suspensão contratual não sendo deduzido nenhum avo da referência do pagamento total, seguindo todas as demais regras de acordo específico para este fim.'),(72,1,4,'','De: 01/02/2016 até 31/01/2017'),(73,1,5,'','Multa de 01(um) salário nominal, vigênte a época do evento, para cada descumprimento de obrigações previstas no acordo de Layoff.'),(74,1,6,'','100% do salário líquido do empregado, sendo salário líquido composto pela dedução dos impostos e descontos legais (INSS, IRRF e etc).'),(75,1,7,'','Serão mantidos durante a suspensão contratual os benefícios voluntariamente concedidos pela empresa, considerando que os empregados participarão com as contribuições que já faziam costumeiramente.'),(76,1,8,'','O deslocamento dos empregados para o local da realização do treinamento será custeado pela epresa de acordo com o fornecimento de vale transporte, conforme definição legal.'),(77,1,9,'','Será garantido no mínimo 60 (sessenta) horas de treinamento para cada mês de suspensão contratual, haverá a inclusão de empregados como instrutores durante a vigência da suspensão contratual assim como os temas a serem elencados serão de livre escolha da empresa desde que auxiliado por entidade educacional devidamente regulamentada para este fim.'),(78,1,10,'','Tais valores são devidos pelo FAT (Fundo de Amparo ao Trabalhador) e fica a cargo do empregado requerer tais pagamentos subsidiando-se em documentações fornecidas pela empresa, é de inteira responsabilidade do empregado eventual regularização de valores devidos ao FAT por conta de históricos de saque anteriores ao atual contrato de trabalho. '),(79,1,11,'','Será pago ao empregado que for desligado durante a vigência da suspensão contratual ou até 03 (três) meses subsequentes ao retorno ao trabalho a seguinte multa:\n03 (três) - Salários; Caso ocorra a demissão do empregado durante a vigência da suspensão ou no primeiro mês após o retorno;\n02 (dois) - Salários; Caso ocorra a demissão do empregado no segundo mês após o retorno;\n01 (um) - Salário; Caso ocorra a demissão do empregado no terceiro mês após o retorno.'),(2481,7,4,'','São estabelecidos no acordo dois períodos de vigência conforme abaixo:\n1º - De: 01/02/2016 a 31/01/2017;\n2º - De: 01/02/2017 a 31/01/2018.\nEstas referencias servem para a realização dos débitos das horas para o primeiro período e para a compensação das horas entre o primeiro e segundo período de vigência.'),(2482,7,12,'','A partir de 01/02/2016 a quantidade de dias de redução de jornada para a manufatura é de 45 (quarenta e cinco) dias.\nO total de dias serão transformados em horas devedoras que poderá chegar a 396 (Trezentas e noventa e seus horas) negativas para o empregado que possui controle de jornada.'),(2483,7,13,'','Independente da categoria (Horista ou Mensalista) do empregado a empresa deverá realizar um comunicado com antecedência mínima de 03 (três) dias consecutivos à data do efetivo descanso, que preferencialmente comtemplará os dias da semana (Segunda - Feira, Sexta - Feira ou vésperas de feriados).'),(2484,7,14,'','Este acordo abrange todos os empregados que possuam controle de jornada de trabalho na planta de Sorocaba, sendo estes Horistas ou Mensalistas da área de manufatura, os demais empregados da planta seguem acordo especifico de Flexibilização de Jornada de Trabalho.'),(2485,7,15,'','Toda compensação de horas, independente da categoria do empregado, é realizada na equivalência de hora por hora;\nQuando a Crédito (positivo):\nPoderá haver programações de jornada de trabalho diária ou aos sábados, respeitando obrigatóriamente o limite legal de jornada diária assim como a alternância de sabados;\nQuando a Débito (Negativo):\nPara que possa ocorrer o débito de horas neste acordo, a empresa deve comunicar a todos os empregados com pelo menos 03(três) dias de antecedência informando quais serão os dias que haverá a redução de jornada, uma vez comunicado e usufruido os dias de parada todas as horas relativas ao período serão debitas (negativo) no saldo de compensação de cada empregado.'),(2486,7,16,'','Para os empregados que forem desligados sem justa causa, e estiver com saldo negativo de horas, estas não serão descontadas das verbas rescisórias, caso haja saldo de horas positivas, estas serão pagas acrescidas do percentual extraordinário previsto na CCT vigênte.\nAo empregado que pedir demissão ou for desligado por justa causa, haverá o desconto das horas negativas caso as possua e caso o saldo de horas seja positivo as receberá acrescidas do percentual de acréscimo previsto na CCT.\nNota: Para qualquer pagamento do saldo credor ao empregado que se desligar, independente do motivo, haverá a dedução deste saldo da quantidade de horas creditadas em virtude do 31º dia de cada mês que fora até a data do desligamento lançados a crédito para o empregado e componham seu saldo credor, estas por sua vez serão pagas com base no valor da hora sem qualquer acréscimo extraordinário.'),(2487,7,17,'','Condição válida somente a empregados da Categoria - Horista:\nPara os empregados desta categoria, durante o período do referido acordo os meses que contarem com o 31º dia, as horas deste último dia serão lançadas automaticamente a crédito (positivo) para a composição do saldo total, não sendo desta forma remunerados como salário.'),(2488,7,18,'','Para as semanas em que houverem feriados aos sábados, a compensação semanal de horas do sábado, 0:48 minutos diários de segunda a sexta-feira, serão lançadas a crédito (postiivo) para a composição do saldo de compensação do referido acordo.'),(2489,3,1,'','NÃO APLICÁVEL - Durante o período da suspensão contratual, NÃO serão computados os avos relativos para efeitos de pagamento do décimo terceiro salário para os empregados que aderirem a suspensão contratual.'),(2490,3,2,'','NÃO APLICÁVEL - Durante o período da suspensão contratual, NÃO serão computados os avos relativos para efeitos de pagamento das férias assim como do acréscimo de terço constitucional para os empregados que aderirem a suspensão contratual.'),(2491,3,3,'','NÃO APLICÁVEL - Durante o período da suspensão contratual, NÃO serão computados os avos relativos para efeitos de pagamento do PPR (Programa de Participação nos Resultados) para os empregados que aderirem a suspensão contratual.'),(2492,3,4,'','De: 01/10/2015 até 31/03/2016'),(2493,3,5,'','Multa de 02(dois) pisos salariais da categoria, vigênte a época do evento, por infração e por empregado prejudicado, revertendo em favor da parte prejudicada.'),(2494,3,6,'','100% do salário líquido do empregado, sendo salário líquido composto pela dedução dos impostos e descontos legais (INSS, IRRF e etc)'),(2495,3,7,'','Serão mantidos durante a suspensão contratual os benefícios voluntariamente concedidos pela empresa, considerando que os empregados participarão com as contribuições que já faziam costumeiramente.'),(2496,3,8,'','O deslocamento dos empregados para o local da realização do treinamento será custeado pela epresa de acordo com o fornecimento de vale transporte, conforme definição legal.'),(2497,3,9,'','Será garantido no mínimo 60 (sessenta) horas de treinamento para cada mês de suspensão contratual, haverá a inclusão de empregados como instrutores durante a vigência da suspensão contratual assim como os temas a serem elencados serão de livre escolha da empresa desde que auxiliado por entidade educacional devidamente regulamentada para este fim.'),(2498,3,10,'','Tais valores são devidos pelo FAT (Fundo de Amparo ao Trabalhador) e fica a cargo do empregado requerer tais pagamentos subsidiando-se em documentações fornecidas pela empresa, é de inteira responsabilidade do empregado eventual regularização de valores devidos ao FAT por conta de históricos de saque anteriores ao atual contrato de trabalho. '),(2499,3,11,'','Será pago ao empregado que for desligado durante a vigência da suspensão contratual ou até 03 (três) meses subsequentes ao retorno ao trabalho a seguinte multa:\nMinímo 100% do último salário nominal do empregado;\nSalário residual inerente aos dias que faltarem para completar os 90 dias após o encerramento do período de suspensão contratual. (Ex. Desligado no 10º dia após o encerramento pagar-se-á multa de 80 dias de salário juntamente com as verbas rescisórias e sem prejuizo destas).'),(3348,2,1,'','NÃO APLICÁVEL - Durante o período da suspensão contratual, NÃO serão computados os avos relativos para efeitos de pagamento do décimo terceiro salário para os empregados que aderirem a suspensão contratual.'),(3349,2,2,'','NÃO APLICÁVEL - Durante o período da suspensão contratual, NÃO serão computados os avos relativos para efeitos de pagamento das férias assim como do acréscimo de terço constitucional para os empregados que aderirem a suspensão contratual.'),(3350,2,3,'','A PLR/PPR em virtude do acordo celebrado em Sorocaba todos os empregados serão elegíveis ao pagamento durante a suspensão contratual não sendo deduzido nenhum avo da referência do pagamento total, seguindo todas as demais regras de acordo específico para este fim.'),(3351,2,4,'','De: 14/09/2015 até 13/09/2016'),(3352,2,5,'','Multa de 01(um) piso de salário normativo, vigênte a época do evento, para cada descumprimento de obrigações previstas no acordo de Layoff multiplicado pela quantidade de empregados prejudicados.'),(3353,2,6,'','80% do salário líquido do empregado, sendo salário líquido composto pela dedução dos impostos e descontos legais (INSS, IRRF e etc).'),(3354,2,7,'','Serão mantidos durante a suspensão contratual os benefícios voluntariamente concedidos pela empresa, considerando que os empregados participarão com as contribuições que já faziam costumeiramente.'),(3355,2,8,'','O deslocamento dos empregados para o local da realização do treinamento será custeado pela epresa de acordo com o fornecimento de vale transporte, conforme definição legal.'),(3356,2,9,'','Será garantido no mínimo 60 (sessenta) horas de treinamento para cada mês de suspensão contratual, haverá a inclusão de empregados como instrutores durante a vigência da suspensão contratual assim como os temas a serem elencados serão de livre escolha da empresa desde que auxiliado por entidade educacional devidamente regulamentada para este fim.'),(3357,2,10,'','Tais valores são devidos pelo FAT (Fundo de Amparo ao Trabalhador) e fica a cargo do empregado requerer tais pagamentos subsidiando-se em documentações fornecidas pela empresa, é de inteira responsabilidade do empregado eventual regularização de valores devidos ao FAT por conta de históricos de saque anteriores ao atual contrato de trabalho. '),(3358,2,11,'','Será pago ao empregado que for desligado até 03 (três) meses subsequentes ao retorno ao trabalho a seguinte multa:\n01 (um) - Salário Nominal.'),(3370,4,1,'','NÃO APLICÁVEL - Durante o período da suspensão contratual, NÃO serão computados os avos relativos para efeitos de pagamento do décimo terceiro salário para os empregados que aderirem a suspensão contratual.'),(3371,4,2,'','NÃO APLICÁVEL - Durante o período da suspensão contratual, NÃO serão computados os avos relativos para efeitos de pagamento das férias assim como do acréscimo de terço constitucional para os empregados que aderirem a suspensão contratual.'),(3372,4,3,'','NÃO APLICÁVEL - Durante o período da suspensão contratual, NÃO serão computados os avos relativos para efeitos de pagamento do PPR (Programa de Participação nos Resultados) para os empregados que aderirem a suspensão contratual.'),(3373,4,4,'','De: 01/02/2016 até 31/01/2017'),(3374,4,5,'','Multa de 1% (um por cento) do piso salárial mínimo da categoria, vigênte a época do evento, por infração e por empregado prejudicado, revertendo em favor da parte prejudicada.'),(3375,4,6,'','100% do salário líquido do empregado, sendo salário líquido composto pela dedução dos impostos e descontos legais (INSS, IRRF e etc), sendo o pagamento proporcional caso o inicio e/ou término do curso for durante o mês.'),(3376,4,7,'','Serão mantidos durante a suspensão contratual os benefícios voluntariamente concedidos pela empresa, considerando que os empregados participarão com as contribuições que já faziam costumeiramente.'),(3377,4,8,'','O deslocamento dos empregados para o local da realização do treinamento será custeado pela epresa de acordo com o fornecimento de vale transporte, conforme definição legal.'),(3378,4,9,'','Será garantido no mínimo 60 (sessenta) horas de treinamento para cada mês de suspensão contratual, haverá a inclusão de empregados como instrutores durante a vigência da suspensão contratual assim como os temas a serem elencados serão de livre escolha da empresa desde que auxiliado por entidade educacional devidamente regulamentada para este fim.'),(3379,4,10,'','Tais valores são devidos pelo FAT (Fundo de Amparo ao Trabalhador) e fica a cargo do empregado requerer tais pagamentos subsidiando-se em documentações fornecidas pela empresa, é de inteira responsabilidade do empregado eventual regularização de valores devidos ao FAT por conta de históricos de saque anteriores ao atual contrato de trabalho. '),(3380,4,11,'','Será pago ao empregado que for desligado durante a vigência da suspensão contratual ou até 03 (três) meses subsequentes ao retorno ao trabalho a seguinte multa:\nMinímo 100% do último salário nominal do empregado;\nSalário residual inerente aos dias que faltarem para completar os 90 dias após o encerramento do período de suspensão contratual. (Ex. Desligado no 10º dia após o encerramento pagar-se-á multa de 80 dias de salário juntamente com as verbas rescisórias e sem prejuizo destas).'),(3381,4,13,'','O prazo de notificação quanto a ausência tanto por parte do empregado como por parte da empresa deverá ocorrer com 03 (três) dias consecutivos de antecedência, a forma de comunicação poderá ser via e-mail coletivo e exposição nos quadros de aviso quando por parte da empresa, quando por parte do empregado poderá ser feita pessoalmente entre ele e o gestor imediato.'),(3382,4,14,'','Empregados que possuam controle de Jornada de trabalho em toda a planta, sejam os que estejam em atividade normal e também para os demais empregados admitidos no decorrer do acordo. '),(3383,5,1,'','APLICÁVEL - Durante o período da suspensão contratual, serão computados os avos relativos para efeitos de pagamento do décimo terceiro salário para os empregados que aderirem a suspensão contratual.'),(3384,5,2,'','APLICÁVEL - Durante o período da suspensão contratual, serão computados os avos relativos para efeitos de pagamento das férias assim como do acréscimo de terço constitucional para os empregados que aderirem a suspensão contratual.'),(3385,5,3,'','APLICÁVEL - Durante o período da suspensão contratual, serão computados os avos relativos para efeitos de pagamento do PLR (Participação dos Lucros e Resultados) para os empregados que aderirem a suspensão contratual.'),(3386,5,4,'','De: 01/12/2015 até 30/11/2016.'),(3387,5,5,'','Multa de 1% (um por cento) do piso salárial mínimo da categoria, vigênte a época do evento, por infração e por empregado prejudicado, revertendo em favor da parte prejudicada.'),(3388,5,6,'','100% do salário líquido do empregado, sendo salário líquido composto pela dedução dos impostos e descontos legais (INSS, IRRF e etc).'),(3389,5,7,'','Serão mantidos durante a suspensão contratual os benefícios voluntariamente concedidos pela empresa, considerando que os empregados participarão com as contribuições que já faziam costumeiramente.'),(3390,5,8,'','O deslocamento dos empregados para o local da realização do treinamento será custeado pela epresa de acordo com o fornecimento de vale transporte, conforme definição legal.'),(3391,5,9,'','Será garantido no mínimo 60 (sessenta) horas de treinamento para cada mês de suspensão contratual, haverá a inclusão de empregados como instrutores durante a vigência da suspensão contratual assim como os temas a serem elencados serão de livre escolha da empresa desde que auxiliado por entidade educacional devidamente regulamentada para este fim.'),(3392,5,10,'','Tais valores são devidos pelo FAT (Fundo de Amparo ao Trabalhador) e fica a cargo do empregado requerer tais pagamentos subsidiando-se em documentações fornecidas pela empresa, é de inteira responsabilidade do empregado eventual regularização de valores devidos ao FAT por conta de históricos de saque anteriores ao atual contrato de trabalho. '),(3393,5,11,'','Será pago ao empregado que for desligado durante a vigência da suspensão contratual ou até 03 (três) meses subsequentes ao retorno ao trabalho a seguinte multa:\n100% da ultima remuneração mensal anterior a suspensão do contrato, mais multa indenizatória de 01(um) salário nominal.\nDo quarto ao décimo sexto mês após o retorno do empregado, caso ele seja dispensado sem justa causa, a empresa pagará o valor equivalente às parcelas do Seguro Desemprego que o empregado deixou de ter direito em decorência do recebimento da Bolsa de Qualificação; não aplicável para pedidos de demissão e desligamento por justa causa.\n'),(6625,8,4,'','De: 01/02/2016 até 31/01/2017'),(6626,8,13,'','O prazo de notificação quanto a ausência tanto por parte do empregado como por parte da empresa deverá ocorrer com 03 (três) dias consecutivos de antecedência, a forma de comunicação poderá ser via e-mail coletivo e exposição nos quadros de aviso quando por parte da empresa, quando por parte do empregado poderá ser feita pessoalmente entre ele e o gestor imediato.'),(6627,8,14,'','Empregados que possuam controle de Jornada de trabalho em toda a planta, sejam os que estejam em atividade normal e também para os demais empregados admitidos no decorrer do acordo. '),(6658,10,4,'','De: 01/10/2015 até 30/09/2016'),(6659,10,5,'','O descumprimento de quaisquer das condições estabelecidas na cláusula 5ª da Convenção Coletiva de Trabalho, será obejeto de notificação da empresa pelo sindicato, e caso a irregularidade não seja sanada no prazo de 20 (vinte) dias, as horas trabalhadas irregularmentes em compensação serão consideradas como extras.'),(6660,10,8,'','A empresa se responsabilizará pelo transporte dos empregados em todos os dias de compensação\nConforme: Cláusula 5ª Item II parágrafo 1º alinea e) da CCT - 2015/2016 de Contagem'),(6661,10,13,'','A data prevista para a folga deverá ser comunicada pela empresa empresa aos empregados com antecedência minima de 24 horas.\nConforme: Cláusula 5ª Item II parágrafo 1º alinea a) da CCT - 2015/2016 de Contagem\nPara que a recuperação das horas descansadas seja realizada, deverá a empresa comunicar os empregados com antecedência minima de 72 (setenta e duas) horas.\nConforme: Cláusula 5ª Item II parágrafo 1º alinea c) da CCT - 2015/2016 de Contagem\nHá a necessidade de comunicação previa das folgas para o Sindicato da categoria com antecedência minima de 10 (dez) dias.'),(6662,10,14,'','Este regime de compensação de horas abrange todos os empregados que possuam controle de jornada de trabalho e pertencem ao perímetro de validade da Convenção Coletiva de Trabalho de Contagem'),(6663,10,15,'','A compensação poderá ser realizada de segunda-feira a sábado, desde que a jornada diária não ultrapasse a 10(dez) horas, e a compensação seja limitada a 36 (trinta e seis) horas no mês e a 02(dois) sábados no mês. Deverá ser respeitado o intervalo mínimo de 35 (trinta e cinco) horas quando ocorrer o descanso semana remunerado.'),(6664,10,21,'','Para a FOLGA CONCEDIDA ANTECIPADAMENTE, o trabalho correspondente para compensa-la deverá ser realizado em até 300 (trezentos) dias subsequentes ao dia em que a folga foi concedida, limitados a 31/12/2016.\nPara os trabalhos EXTRAORDINÁRIOS ANTECIPADOS poderá ocorrer exclusivamente para compensação semanal e de dias pontes, caso não seja concedida a folga dentro da semana ou nos dias pontes, a empresa pagará ao empregado, no primeiro pagamento após o referido período trabalhado das horas não compensadas, como extraordinárias, tomando como base o salário hora normal do mês do pagamento acrescido com o percentual de 100%.'),(6680,11,4,'','De 01/10/2015 até 30/09/2016'),(6681,11,5,'','O descumprimento de quaisquer das condições estabelecidas na cláusula 5ª da Convenção Coletiva de Trabalho, será obejeto de notificação da empresa pelo sindicato, e caso a irregularidade não seja sanada no prazo de 20 (vinte) dias, as horas trabalhadas irregularmentes em compensação serão consideradas como extras.'),(6682,11,8,'','A empresa se responsabilizará pelo transporte dos empregados em todos os dias de compensação Conforme: Cláusula 5ª Item II parágrafo 1º alinea e) da CCT - 2015/2016 de Contagem'),(6683,11,13,'','A data prevista para a folga deverá ser comunicada pela empresa empresa aos empregados com antecedência minima de 24 horas. Conforme: Cláusula 5ª Item II parágrafo 1º alinea a) da CCT - 2015/2016 de Contagem Para que a recuperação das horas descansadas seja realizada, deverá a empresa comunicar os empregados com antecedência minima de 72 (setenta e duas) horas. Conforme: Cláusula 5ª Item II parágrafo 1º alinea c) da CCT - 2015/2016 de Contagem Há a necessidade de comunicação previa das folgas para o Sindicato da categoria com antecedência minima de 10 (dez) dias.'),(6684,11,14,'','Este regime de compensação de horas abrange todos os empregados que possuam controle de jornada de trabalho e pertencem ao perímetro de validade da Convenção Coletiva de Trabalho.'),(6685,11,15,'','A compensação poderá ser realizada de segunda-feira a sábado, desde que a jornada diária não ultrapasse a 10(dez) horas, e a compensação seja limitada a 36 (trinta e seis) horas no mês e a 02(dois) sábados no mês. Deverá ser respeitado o intervalo mínimo de 35 (trinta e cinco) horas quando ocorrer o descanso semana remunerado.'),(6686,11,21,'','Para a FOLGA CONCEDIDA ANTECIPADAMENTE, o trabalho correspondente para compensa-la deverá ser realizado em até 300 (trezentos) dias subsequentes ao dia em que a folga foi concedida, limitados a 31/12/2016. Para os trabalhos EXTRAORDINÁRIOS ANTECIPADOS poderá ocorrer exclusivamente para compensação semanal e de dias pontes, caso não seja concedida a folga dentro da semana ou nos dias pontes, a empresa pagará ao empregado, no primeiro pagamento após o referido período trabalhado das horas não compensadas, como extraordinárias, tomando como base o salário hora normal do mês do pagamento acrescido com o percentual de 100%.');
/*!40000 ALTER TABLE `oc_ac_as` ENABLE KEYS */;
UNLOCK TABLES;

--
-- Table structure for table `ocorrencia`
--

DROP TABLE IF EXISTS `ocorrencia`;
/*!40101 SET @saved_cs_client     = @@character_set_client */;
/*!40101 SET character_set_client = utf8 */;
CREATE TABLE `ocorrencia` (
  `id_ocorrencia` int(11) NOT NULL AUTO_INCREMENT,
  `id_assunto` int(11) NOT NULL,
  `id_planta` int(11) NOT NULL,
  `id_periodo` int(11) NOT NULL,
  `dsc_resumo` varchar(1000) DEFAULT NULL,
  `dsc_file` varchar(100) DEFAULT NULL,
  PRIMARY KEY (`id_ocorrencia`,`id_assunto`,`id_planta`,`id_periodo`),
  KEY `fk_ocorrencia_assunto1_idx` (`id_assunto`),
  KEY `fk_ocorrencia_planta1_idx` (`id_planta`),
  KEY `fk_ocorrencia_periodo1_idx` (`id_periodo`),
  CONSTRAINT `fk_ocorrencia_assunto1` FOREIGN KEY (`id_assunto`) REFERENCES `assunto` (`id_assunto`) ON DELETE NO ACTION ON UPDATE NO ACTION,
  CONSTRAINT `fk_ocorrencia_periodo1` FOREIGN KEY (`id_periodo`) REFERENCES `periodo` (`id_periodo`) ON DELETE NO ACTION ON UPDATE NO ACTION,
  CONSTRAINT `fk_ocorrencia_planta1` FOREIGN KEY (`id_planta`) REFERENCES `planta` (`id_planta`) ON DELETE NO ACTION ON UPDATE NO ACTION
) ENGINE=InnoDB AUTO_INCREMENT=12 DEFAULT CHARSET=latin1;
/*!40101 SET character_set_client = @saved_cs_client */;

--
-- Dumping data for table `ocorrencia`
--

LOCK TABLES `ocorrencia` WRITE;
/*!40000 ALTER TABLE `ocorrencia` DISABLE KEYS */;
INSERT INTO `ocorrencia` VALUES (1,1,1,1,NULL,'Acordo_Assinado_Suspensão_de_Trabalho_(Layoff)1.pdf          '),(2,1,2,2,NULL,'Acordo_LAYOFF1.pdf           '),(3,1,3,2,NULL,'Acordo_Layoff_-_CTG1.pdf           '),(4,1,4,2,NULL,'ACORDO_LAYOFF1.pdf           '),(5,1,5,2,NULL,'Acordo_Layoff_ICRegistrado1596981208.pdf        '),(7,4,1,1,NULL,'Acordo_Assinado_Redução_de_Dias4.pdf              '),(8,7,1,1,NULL,'Acordo_Assinado_Flexibilização_de_Jornada.pdf                 '),(9,2,5,1,NULL,''),(10,7,3,2,NULL,'Cláusula_5ª_Item_II_-_CCT_2015-2016.pdf          '),(11,7,6,1,NULL,'Cláusula_5ª_Item_II_-_CCT_2015-20161.pdf      ');
/*!40000 ALTER TABLE `ocorrencia` ENABLE KEYS */;
UNLOCK TABLES;

--
-- Table structure for table `periodo`
--

DROP TABLE IF EXISTS `periodo`;
/*!40101 SET @saved_cs_client     = @@character_set_client */;
/*!40101 SET character_set_client = utf8 */;
CREATE TABLE `periodo` (
  `id_periodo` int(11) NOT NULL AUTO_INCREMENT,
  `dsc_periodo` varchar(45) NOT NULL,
  PRIMARY KEY (`id_periodo`)
) ENGINE=InnoDB AUTO_INCREMENT=3 DEFAULT CHARSET=latin1;
/*!40101 SET character_set_client = @saved_cs_client */;

--
-- Dumping data for table `periodo`
--

LOCK TABLES `periodo` WRITE;
/*!40000 ALTER TABLE `periodo` DISABLE KEYS */;
INSERT INTO `periodo` VALUES (1,'2016'),(2,'2015');
/*!40000 ALTER TABLE `periodo` ENABLE KEYS */;
UNLOCK TABLES;

--
-- Table structure for table `planta`
--

DROP TABLE IF EXISTS `planta`;
/*!40101 SET @saved_cs_client     = @@character_set_client */;
/*!40101 SET character_set_client = utf8 */;
CREATE TABLE `planta` (
  `id_planta` int(11) NOT NULL AUTO_INCREMENT,
  `dsc_planta` varchar(45) NOT NULL,
  PRIMARY KEY (`id_planta`)
) ENGINE=InnoDB AUTO_INCREMENT=7 DEFAULT CHARSET=latin1;
/*!40101 SET character_set_client = @saved_cs_client */;

--
-- Dumping data for table `planta`
--

LOCK TABLES `planta` WRITE;
/*!40000 ALTER TABLE `planta` DISABLE KEYS */;
INSERT INTO `planta` VALUES (1,'Sorocaba'),(2,'Piracicaba'),(3,'Contagem'),(4,'Sete Lagoas'),(5,'Curitiba'),(6,'Nova Lima');
/*!40000 ALTER TABLE `planta` ENABLE KEYS */;
UNLOCK TABLES;

--
-- Table structure for table `transactions`
--

DROP TABLE IF EXISTS `transactions`;
/*!40101 SET @saved_cs_client     = @@character_set_client */;
/*!40101 SET character_set_client = utf8 */;
CREATE TABLE `transactions` (
  `id_transactions` int(11) NOT NULL AUTO_INCREMENT,
  `dsc_name` varchar(100) DEFAULT NULL,
  `controller` varchar(100) DEFAULT NULL,
  PRIMARY KEY (`id_transactions`)
) ENGINE=InnoDB AUTO_INCREMENT=18 DEFAULT CHARSET=latin1;
/*!40101 SET character_set_client = @saved_cs_client */;

--
-- Dumping data for table `transactions`
--

LOCK TABLES `transactions` WRITE;
/*!40000 ALTER TABLE `transactions` DISABLE KEYS */;
INSERT INTO `transactions` VALUES (2,'Admin. Usuários','usuario/retrieve'),(4,'Alterar Senha','usuario/trocar_senha'),(5,'Novo Usuário','usuario/create'),(6,'Novo Acordo','assunto/create'),(7,'Admin. Acordos','assunto/retrieve'),(8,'Nova Planta','planta/create'),(9,'Admin. Plantas','planta/retrieve'),(10,'Novo Período','periodo/create'),(11,'Admin. Períodos','periodo/retrieve'),(12,'Nova Interpretação','ocorrencia/create'),(13,'Admin. Interpretações','ocorrencia/retrieve'),(14,'Acordos','assunto/conceito'),(15,'Novo Assunto','tratado/create'),(16,'Admin. Assuntos','tratado/retrieve'),(17,'Comparações','ocorrencia/comparacao');
/*!40000 ALTER TABLE `transactions` ENABLE KEYS */;
UNLOCK TABLES;

--
-- Table structure for table `tratado`
--

DROP TABLE IF EXISTS `tratado`;
/*!40101 SET @saved_cs_client     = @@character_set_client */;
/*!40101 SET character_set_client = utf8 */;
CREATE TABLE `tratado` (
  `id_tratado` int(11) NOT NULL AUTO_INCREMENT,
  `dsc_tratado` varchar(45) NOT NULL,
  PRIMARY KEY (`id_tratado`)
) ENGINE=InnoDB AUTO_INCREMENT=22 DEFAULT CHARSET=latin1;
/*!40101 SET character_set_client = @saved_cs_client */;

--
-- Dumping data for table `tratado`
--

LOCK TABLES `tratado` WRITE;
/*!40000 ALTER TABLE `tratado` DISABLE KEYS */;
INSERT INTO `tratado` VALUES (1,'DÉCIMO TERCEIRO'),(2,'FÉRIAS'),(3,'PPR/PLR'),(4,'VIGÊNCIA'),(5,'PENALIDADES'),(6,'AJUDA COMPENSATÓRIA'),(7,'BENEFÍCIOS'),(8,'TRANSPORTE'),(9,'PROGRAMA DE QUALIFICAÇÃO PROFISSIONAL'),(10,'BOLSA QUALIFICAÇÃO PROFISSIONAL'),(11,'ESTABILIDADE / MULTA POR DISPENSA'),(12,'QTD. DE DIAS DE REDUÇÃO'),(13,'PRAZO PARA COMUNICAÇÃO'),(14,'ABRANGÊNCIA'),(15,'COMPENSAÇÃO DAS HORAS'),(16,'DESLIGAMENTO OU PEDIDO DE DEMISSÃO'),(17,'DIAS \"31\"'),(18,'FERIADOS EM SÁBADOS'),(19,'QTD. DE HRS DE FLEXIBILIDADE'),(20,'SITUAÇÕES EXCEPCIONAIS'),(21,'FORMA');
/*!40000 ALTER TABLE `tratado` ENABLE KEYS */;
UNLOCK TABLES;

--
-- Table structure for table `user_menu`
--

DROP TABLE IF EXISTS `user_menu`;
/*!40101 SET @saved_cs_client     = @@character_set_client */;
/*!40101 SET character_set_client = utf8 */;
CREATE TABLE `user_menu` (
  `id_user_roles` int(11) NOT NULL,
  `id_menu` int(11) NOT NULL,
  `id_transactions` int(11) NOT NULL,
  PRIMARY KEY (`id_user_roles`,`id_menu`,`id_transactions`),
  KEY `fk_user_menu_transactions1_idx` (`id_transactions`),
  KEY `fk_user_menu_user_roles1_idx` (`id_user_roles`),
  KEY `fk_user_menu_menu1_idx` (`id_menu`),
  CONSTRAINT `fk_user_menu_menu1` FOREIGN KEY (`id_menu`) REFERENCES `menu` (`id_menu`) ON DELETE NO ACTION ON UPDATE NO ACTION,
  CONSTRAINT `fk_user_menu_transactions1` FOREIGN KEY (`id_transactions`) REFERENCES `transactions` (`id_transactions`) ON DELETE NO ACTION ON UPDATE NO ACTION,
  CONSTRAINT `fk_user_menu_user_roles1` FOREIGN KEY (`id_user_roles`) REFERENCES `user_roles` (`id_user_roles`) ON DELETE NO ACTION ON UPDATE NO ACTION
) ENGINE=InnoDB DEFAULT CHARSET=latin1;
/*!40101 SET character_set_client = @saved_cs_client */;

--
-- Dumping data for table `user_menu`
--

LOCK TABLES `user_menu` WRITE;
/*!40000 ALTER TABLE `user_menu` DISABLE KEYS */;
INSERT INTO `user_menu` VALUES (1,2,2),(1,2,4),(2,2,4),(1,2,5),(1,3,6),(1,3,7),(1,4,8),(1,4,9),(1,5,10),(1,5,11),(1,6,12),(1,6,13),(1,3,14),(1,7,15),(1,7,16),(1,8,17),(2,8,17);
/*!40000 ALTER TABLE `user_menu` ENABLE KEYS */;
UNLOCK TABLES;

--
-- Table structure for table `user_roles`
--

DROP TABLE IF EXISTS `user_roles`;
/*!40101 SET @saved_cs_client     = @@character_set_client */;
/*!40101 SET character_set_client = utf8 */;
CREATE TABLE `user_roles` (
  `id_user_roles` int(11) NOT NULL AUTO_INCREMENT,
  `dsc_name` varchar(45) DEFAULT NULL,
  PRIMARY KEY (`id_user_roles`)
) ENGINE=InnoDB AUTO_INCREMENT=4 DEFAULT CHARSET=latin1;
/*!40101 SET character_set_client = @saved_cs_client */;

--
-- Dumping data for table `user_roles`
--

LOCK TABLES `user_roles` WRITE;
/*!40000 ALTER TABLE `user_roles` DISABLE KEYS */;
INSERT INTO `user_roles` VALUES (1,'Administrador'),(2,'Usuário');
/*!40000 ALTER TABLE `user_roles` ENABLE KEYS */;
UNLOCK TABLES;

--
-- Table structure for table `users`
--

DROP TABLE IF EXISTS `users`;
/*!40101 SET @saved_cs_client     = @@character_set_client */;
/*!40101 SET character_set_client = utf8 */;
CREATE TABLE `users` (
  `id` tinyint(4) NOT NULL AUTO_INCREMENT,
  `username` varchar(10) NOT NULL,
  `password` varchar(45) NOT NULL,
  `dsc_name` varchar(100) DEFAULT NULL,
  `dsc_matricula` varchar(45) DEFAULT NULL,
  `id_user_roles` int(11) NOT NULL,
  `ativo` varchar(1) DEFAULT NULL,
  `dt_added` datetime DEFAULT NULL,
  `dt_updated` datetime DEFAULT NULL,
  `email` varchar(45) DEFAULT NULL,
  PRIMARY KEY (`id`,`id_user_roles`),
  KEY `fk_users_user_roles_idx` (`id_user_roles`)
) ENGINE=MyISAM AUTO_INCREMENT=40 DEFAULT CHARSET=latin1;
/*!40101 SET character_set_client = @saved_cs_client */;

--
-- Dumping data for table `users`
--

LOCK TABLES `users` WRITE;
/*!40000 ALTER TABLE `users` DISABLE KEYS */;
INSERT INTO `users` VALUES (1,'BFONSECA','202cb962ac59075b964b07152d234b70','BRUCE FONSECA','123',1,'A',NULL,NULL,'bruce@bflabs.com.br'),(2,'UY941','202cb962ac59075b964b07152d234b70','LEANDRO METROVINE','24009587',1,'A',NULL,NULL,'leandro.metrovine@cnhind.com'),(39,'USER','202cb962ac59075b964b07152d234b70','USER','USER',2,'A','0000-00-00 00:00:00','0000-00-00 00:00:00','user@user.com');
/*!40000 ALTER TABLE `users` ENABLE KEYS */;
UNLOCK TABLES;
/*!40103 SET TIME_ZONE=@OLD_TIME_ZONE */;

/*!40101 SET SQL_MODE=@OLD_SQL_MODE */;
/*!40014 SET FOREIGN_KEY_CHECKS=@OLD_FOREIGN_KEY_CHECKS */;
/*!40014 SET UNIQUE_CHECKS=@OLD_UNIQUE_CHECKS */;
/*!40101 SET CHARACTER_SET_CLIENT=@OLD_CHARACTER_SET_CLIENT */;
/*!40101 SET CHARACTER_SET_RESULTS=@OLD_CHARACTER_SET_RESULTS */;
/*!40101 SET COLLATION_CONNECTION=@OLD_COLLATION_CONNECTION */;
/*!40111 SET SQL_NOTES=@OLD_SQL_NOTES */;

-- Dump completed on 2016-04-26 20:34:46
