CREATE DATABASE  IF NOT EXISTS `bflabs4` /*!40100 DEFAULT CHARACTER SET latin1 COLLATE latin1_general_ci */;
USE `bflabs4`;
-- MySQL dump 10.13  Distrib 5.6.13, for Win32 (x86)
--
-- Host: mysql08.bflabs.hospedagemdesites.ws    Database: bflabs4
-- ------------------------------------------------------
-- Server version	5.6.21-69.0-log

/*!40101 SET @OLD_CHARACTER_SET_CLIENT=@@CHARACTER_SET_CLIENT */;
/*!40101 SET @OLD_CHARACTER_SET_RESULTS=@@CHARACTER_SET_RESULTS */;
/*!40101 SET @OLD_COLLATION_CONNECTION=@@COLLATION_CONNECTION */;
/*!40101 SET NAMES utf8 */;
/*!40103 SET @OLD_TIME_ZONE=@@TIME_ZONE */;
/*!40103 SET TIME_ZONE='+00:00' */;
/*!40014 SET @OLD_UNIQUE_CHECKS=@@UNIQUE_CHECKS, UNIQUE_CHECKS=0 */;
/*!40014 SET @OLD_FOREIGN_KEY_CHECKS=@@FOREIGN_KEY_CHECKS, FOREIGN_KEY_CHECKS=0 */;
/*!40101 SET @OLD_SQL_MODE=@@SQL_MODE, SQL_MODE='NO_AUTO_VALUE_ON_ZERO' */;
/*!40111 SET @OLD_SQL_NOTES=@@SQL_NOTES, SQL_NOTES=0 */;

--
-- Table structure for table `assunto`
--

DROP TABLE IF EXISTS `assunto`;
/*!40101 SET @saved_cs_client     = @@character_set_client */;
/*!40101 SET character_set_client = utf8 */;
CREATE TABLE `assunto` (
  `id_assunto` int(11) NOT NULL AUTO_INCREMENT,
  `dsc_assunto` varchar(200) NOT NULL,
  `dsc_conceito` text,
  `dsc_file` varchar(100) DEFAULT NULL,
  PRIMARY KEY (`id_assunto`)
) ENGINE=InnoDB AUTO_INCREMENT=9 DEFAULT CHARSET=latin1;
/*!40101 SET character_set_client = @saved_cs_client */;

--
-- Dumping data for table `assunto`
--

LOCK TABLES `assunto` WRITE;
/*!40000 ALTER TABLE `assunto` DISABLE KEYS */;
INSERT INTO `assunto` VALUES (1,'SUSPENÇÃO CONTRATURAL - \"LAYOFF\"','<p class=\"MsoNormal\" style=\"text-align: justify; line-height: 16pt; vertical-align: baseline; background-image: initial; background-attachment: initial; background-size: initial; background-origin: initial; background-clip: initial; background-position: initial; background-repeat: initial;\"><span style=\"font-family: verdana, sans-serif; font-size: medium;\"><span lang=\"PT-BR\" style=\"letter-spacing: 0.15pt;\">Essa medida tem a vantagem de\npermitir que a empresa se ajuste a eventual redução na demanda, diminuindo\ntemporariamente os seus custos e proporcionando uma rápida recuperação da\nprodução na hipótese de melhoria do cenário econômico. Não obstante, o lay-off\nprecisa ser devidamente negociado entre empresa e o Sindicato dos\ntrabalhadores.</span><span lang=\"PT-BR\"><o:p></o:p></span></span></p><p class=\"MsoNormal\" style=\"margin: 15pt 0cm; text-align: justify; line-height: 16pt; vertical-align: baseline; background-image: initial; background-attachment: initial; background-size: initial; background-origin: initial; background-clip: initial; background-position: initial; background-repeat: initial;\"><span style=\"font-family: verdana, sans-serif; font-size: medium;\"><span lang=\"PT-BR\" style=\"letter-spacing: 0.15pt;\">O lay-off pode ter duas formas:</span><span lang=\"PT-BR\"><o:p></o:p></span></span></p><p class=\"MsoNormal\" style=\"margin: 15pt 0cm; text-align: justify; line-height: 16pt; vertical-align: baseline; background-image: initial; background-attachment: initial; background-size: initial; background-origin: initial; background-clip: initial; background-position: initial; background-repeat: initial;\"><span style=\"font-family: verdana, sans-serif; font-size: medium;\"><span lang=\"PT-BR\" style=\"letter-spacing: 0.15pt;\">i) redução temporária da jornada\nde trabalho e do salário (até o limite de 25%, devendo ser proporcional e\nrespeitado o salário mínimo nacional); ou</span><span lang=\"PT-BR\"><o:p></o:p></span></span></p><p class=\"MsoNormal\" style=\"margin: 15pt 0cm; text-align: justify; line-height: 16pt; vertical-align: baseline; background-image: initial; background-attachment: initial; background-size: initial; background-origin: initial; background-clip: initial; background-position: initial; background-repeat: initial;\"><span style=\"font-family: verdana, sans-serif; font-size: medium;\"><span lang=\"PT-BR\" style=\"letter-spacing: 0.15pt;\">ii) suspensão dos contratos de\ntrabalho para requalificação profissional.</span><span lang=\"PT-BR\"><o:p></o:p></span></span></p><p class=\"MsoNormal\" style=\"margin: 15pt 0cm; text-align: justify; line-height: 16pt; vertical-align: baseline; background-image: initial; background-attachment: initial; background-size: initial; background-origin: initial; background-clip: initial; background-position: initial; background-repeat: initial;\"><span style=\"font-family: verdana, sans-serif; font-size: medium;\"><span lang=\"PT-BR\" style=\"letter-spacing: 0.15pt;\">Considerando que o lay-off só\npode ser realizado com a aprovação em assembleia dos empregados conduzida através do Sindicato, a empresa precisa negociar com\no sindicato dos trabalhadores a deliberação e aprovação do plano de suspensão.</span><span lang=\"PT-BR\"><o:p></o:p></span></span></p><p class=\"MsoNormal\" style=\"margin: 15pt 0cm; text-align: justify; line-height: 16pt; vertical-align: baseline; background-image: initial; background-attachment: initial; background-size: initial; background-origin: initial; background-clip: initial; background-position: initial; background-repeat: initial;\"><span style=\"font-family: verdana, sans-serif; font-size: medium;\"><span lang=\"PT-BR\" style=\"letter-spacing: 0.15pt;\">O prazo de lay-off é variável e\ndepende dos motivos da medida. Quando a empresa adota a suspensão dos contratos\nde trabalho por motivos de mercado ou estruturais e tecnológicos o lay-off pode\ndurar no máximo cinco meses, podendo ser renovado por um período igual e os\ncustos com a Bolsa de qualificação ficará a cargo da empresa.</span><span lang=\"PT-BR\"><o:p></o:p></span></span></p><p class=\"MsoNormal\" style=\"margin: 15pt 0cm; text-align: justify; line-height: 16pt; vertical-align: baseline; background-image: initial; background-attachment: initial; background-size: initial; background-origin: initial; background-clip: initial; background-position: initial; background-repeat: initial;\"><span style=\"font-family: verdana, sans-serif; font-size: medium;\"><span lang=\"PT-BR\" style=\"letter-spacing: 0.15pt;\">Em casos de lay-off através de\nredução de salário e jornada, não há valores pagos pelo Fundo de Amparo ao\nTrabalhador - FAT, e a empresa permanece com a obrigação de pagamento de\nsalários.</span><span lang=\"PT-BR\"><o:p></o:p></span></span></p><p class=\"MsoNormal\" style=\"margin: 15pt 0cm; text-align: justify; line-height: 16pt; vertical-align: baseline; background-image: initial; background-attachment: initial; background-size: initial; background-origin: initial; background-clip: initial; background-position: initial; background-repeat: initial;\"><span style=\"font-family: verdana, sans-serif; font-size: medium;\"><span lang=\"PT-BR\" style=\"letter-spacing: 0.15pt;\">Por outro lado, na hipótese de\nsuspensão do contrato de trabalho para requalificação profissional, o FAT\npagará os salários dos empregados, respeitado o limite do teto do seguro\ndesemprego aplicável à época da suspensão contratual. Eventualmente os\nSindicatos solicitam à empresa para que o pagamento da diferença ocorra para\naqueles empregados que percebam salários superiores, mas que isto depende de\nnegociação entre empresa e Sindicato, não sendo uma obrigação legal.</span><span lang=\"PT-BR\"><o:p></o:p></span></span></p><p class=\"MsoNormal\" style=\"margin: 15pt 0cm; text-align: justify; line-height: 16pt; vertical-align: baseline; background-image: initial; background-attachment: initial; background-size: initial; background-origin: initial; background-clip: initial; background-position: initial; background-repeat: initial;\"><span style=\"font-family: verdana, sans-serif; font-size: medium;\"><span lang=\"PT-BR\" style=\"letter-spacing: 0.15pt;\">Durante o período de suspensão\ncontratual ocorre a qualificação da mão de obra realizada através de entidades\nhabilitadas para o fornecimento do formação profissional, a entidade de\nreferencia seria o SENAI (Serviço Nacional de Aprendizagem Industrial). Os\nempregados devem comprovar presença mínima 75%, sob pena de não receber os\nvalores da bolsa paga pelo FAT.</span><span lang=\"PT-BR\"><o:p></o:p></span></span></p><p class=\"MsoNormal\" style=\"margin: 15pt 0cm; text-align: justify; line-height: 16pt; vertical-align: baseline; background-image: initial; background-attachment: initial; background-size: initial; background-origin: initial; background-clip: initial; background-position: initial; background-repeat: initial;\"><span style=\"letter-spacing: 0.2px; line-height: 21.3333px; font-family: verdana, sans-serif; font-size: medium;\">Há ainda no parágrado 5º do artigo 476-A da CLT, a previsão do pagamento de uma multa de no mínimo 100% da ultima remuneração do empregado caso ele seja desligado durante a participação no regime de suspensação contratual ou até 03(três) meses após o encerramento.</span></p><p class=\"MsoNormal\" style=\"margin: 15pt 0cm; text-align: justify; line-height: 16pt; vertical-align: baseline; background-image: initial; background-attachment: initial; background-size: initial; background-origin: initial; background-clip: initial; background-position: initial; background-repeat: initial;\"><span style=\"font-family: verdana, sans-serif; font-size: medium;\"><span lang=\"PT-BR\" style=\"line-height: 16pt; letter-spacing: 0.15pt;\">A medida poderá ser suspensa nos\ncasos de irregularidade do regime de lay-off por parte da empresa.&nbsp;</span><span style=\"line-height: 16pt; letter-spacing: 0.15pt;\">Isto poderá ocorrer nos\nseguintes casos:</span></span></p><p class=\"MsoNormal\" style=\"margin: 11.25pt 11.25pt 11.25pt 22.5pt; text-indent: -18pt; line-height: 16pt; vertical-align: baseline; background-image: initial; background-attachment: initial; background-size: initial; background-origin: initial; background-clip: initial; background-position: initial; background-repeat: initial;\"><span style=\"font-family: verdana, sans-serif; font-size: medium;\"><span lang=\"PT-BR\" style=\"letter-spacing: 0.15pt;\">·&nbsp;&nbsp;&nbsp;&nbsp;&nbsp;&nbsp;&nbsp;&nbsp;&nbsp;Não\nverificação do motivo indicado pela empresa para adoção do regime;</span><span lang=\"PT-BR\"><o:p></o:p></span></span></p><p class=\"MsoNormal\" style=\"margin: 11.25pt 11.25pt 11.25pt 22.5pt; text-indent: -18pt; line-height: 16pt; vertical-align: baseline; background-image: initial; background-attachment: initial; background-size: initial; background-origin: initial; background-clip: initial; background-position: initial; background-repeat: initial;\"><span style=\"font-family: verdana, sans-serif; font-size: medium;\"><span lang=\"PT-BR\" style=\"letter-spacing: 0.15pt;\">·&nbsp;&nbsp;&nbsp;&nbsp;&nbsp;&nbsp;&nbsp;&nbsp;&nbsp;Falta\ndas comunicações ou recusa de participação no procedimento de informação e\nnegociação por parte do empregador;</span><span lang=\"PT-BR\"><o:p></o:p></span></span></p><p class=\"MsoNormal\" style=\"margin: 11.25pt 11.25pt 11.25pt 22.5pt; text-indent: -18pt; line-height: 16pt; vertical-align: baseline; background-image: initial; background-attachment: initial; background-size: initial; background-origin: initial; background-clip: initial; background-position: initial; background-repeat: initial;\"><span style=\"font-family: verdana, sans-serif; font-size: medium;\"><span lang=\"PT-BR\" style=\"letter-spacing: 0.15pt;\">·&nbsp;&nbsp;&nbsp;&nbsp;&nbsp;&nbsp;&nbsp;&nbsp;&nbsp;Falta\nde pagamento pontual das contribuições para a seguridade social sobre a\nremuneração auferida pelos trabalhadores;</span><span lang=\"PT-BR\"><o:p></o:p></span></span></p><p class=\"MsoNormal\" style=\"margin: 11.25pt 11.25pt 11.25pt 22.5pt; text-indent: -18pt; line-height: 16pt; vertical-align: baseline; background-image: initial; background-attachment: initial; background-size: initial; background-origin: initial; background-clip: initial; background-position: initial; background-repeat: initial;\"><span style=\"font-family: verdana, sans-serif; font-size: medium;\"><span lang=\"PT-BR\" style=\"letter-spacing: 0.15pt;\">·&nbsp;&nbsp;&nbsp;&nbsp;&nbsp;&nbsp;&nbsp;&nbsp;&nbsp;Admissão\nde novos trabalhadores ou renovação de contrato de trabalho para preenchimento\nde posto de trabalho suscetível de ser assegurado por trabalhador em situação\nde redução ou suspensão;</span><span lang=\"PT-BR\"><o:p></o:p></span></span></p><p class=\"MsoNormal\" style=\"margin: 11.25pt 11.25pt 11.25pt 22.5pt; text-indent: -18pt; line-height: 16pt; vertical-align: baseline; background-image: initial; background-attachment: initial; background-size: initial; background-origin: initial; background-clip: initial; background-position: initial; background-repeat: initial;\"><span style=\"font-family: verdana, sans-serif; font-size: medium;\"><span lang=\"PT-BR\" style=\"letter-spacing: 0.15pt;\">·&nbsp;&nbsp;&nbsp;&nbsp;&nbsp;&nbsp;&nbsp;&nbsp;&nbsp;A\ndecisão que ponha termo à aplicação da medida deve indicar os trabalhadores a\nquem se aplica e produz efeitos a partir do momento em que o empregado seja\nnotificado.</span><span lang=\"PT-BR\"><o:p></o:p></span></span></p><p class=\"MsoNormal\" style=\"margin: 15pt 0cm; text-align: justify; line-height: 16pt; vertical-align: baseline; background-image: initial; background-attachment: initial; background-size: initial; background-origin: initial; background-clip: initial; background-position: initial; background-repeat: initial;\"><span style=\"font-family: verdana, sans-serif; font-size: medium;\"><span lang=\"PT-BR\" style=\"letter-spacing: 0.15pt;\">Referência Legal: Artigo 476 - A\n- Consolidação das Leis do Trabalho - CLT</span><span lang=\"PT-BR\"><o:p></o:p></span></span></p><p class=\"MsoNormal\" style=\"margin: 15pt 0cm; text-align: justify; line-height: 16pt; vertical-align: baseline; background-image: initial; background-attachment: initial; background-size: initial; background-origin: initial; background-clip: initial; background-position: initial; background-repeat: initial;\"><span lang=\"PT-BR\" style=\"letter-spacing: 0.15pt; font-family: verdana, sans-serif; font-size: medium;\">&nbsp;Fonte:http://www.migalhas.com.br/</span></p>','CLT_-_Art.476-A_.pdf'),(2,'SEMANA ESPANHOLA','<h2 style=\"text-align: justify; margin: 0cm 0cm 0.0001pt;\"><span lang=\"PT-BR\" style=\"font-size: 13pt; line-height: 115%; font-family: Calibri, sans-serif; letter-spacing: 0.15pt;\">A\nResolução TP nº 01/2016, do TribunalPleno do TRT-SP - 2ª Região editou a Súmula\n48, que valida a adoção do regimede compensação denominado semana espanhola, na\nqual se adota, de formaalternada, jornadas semanais de 48 e 40 horas perfazendo\numa média de 44 horas,desde que tal condição conste de acordo ou convenção\ncoletiva de trabalho.</span></h2>',''),(3,'PROGRAMA DE PROTEÇÃO AO EMPREGO - PPE','<p class=\"MsoNormal\" style=\"margin-bottom: 0.0001pt; text-align: justify; line-height: normal; background-image: initial; background-attachment: initial; background-size: initial; background-origin: initial; background-clip: initial; background-position: initial; background-repeat: initial;\"><span lang=\"PT-BR\" style=\"font-size: 13pt; font-family: Helvetica, sans-serif; letter-spacing: 0.15pt; background-image: initial; background-attachment: initial; background-size: initial; background-origin: initial; background-clip: initial; background-position: initial; background-repeat: initial;\">O Programa de Proteção ao Emprego\n(PPE) é regulado pela Medida Provisória&nbsp;</span><a href=\"http://www.jusbrasil.com.br/legislacao/205855337/medida-provisoria-680-15\" title=\"MEDIDA PROVISÓRIA Nº 680, DE 6 DE JULHO DE 2015.\"><span lang=\"PT-BR\" style=\"font-size: 13pt; font-family: Helvetica, sans-serif; letter-spacing: 0.15pt; background-image: initial; background-attachment: initial; background-size: initial; background-origin: initial; background-clip: initial; background-position: initial; background-repeat: initial;\">680</span></a><span lang=\"PT-BR\" style=\"font-size: 13pt; font-family: Helvetica, sans-serif; letter-spacing: 0.15pt; background-image: initial; background-attachment: initial; background-size: initial; background-origin: initial; background-clip: initial; background-position: initial; background-repeat: initial;\">/2015 estando válido desde 7 de Julho\nde 2015, em pauta atual nas discussões no Poder Legislativo, podendo ser\nconvertido em lei.<o:p></o:p></span></p><p class=\"MsoNormal\" style=\"margin-bottom: 0.0001pt; text-align: justify; line-height: normal; background-image: initial; background-attachment: initial; background-size: initial; background-origin: initial; background-clip: initial; background-position: initial; background-repeat: initial;\"><span lang=\"PT-BR\" style=\"font-size: 13pt; font-family: Helvetica, sans-serif; letter-spacing: 0.15pt; background-image: initial; background-attachment: initial; background-size: initial; background-origin: initial; background-clip: initial; background-position: initial; background-repeat: initial;\"><o:p>&nbsp;</o:p></span></p><p class=\"MsoNormal\" style=\"margin-bottom: 15pt; text-align: justify; line-height: normal; background-image: initial; background-attachment: initial; background-size: initial; background-origin: initial; background-clip: initial; background-position: initial; background-repeat: initial;\"><span lang=\"PT-BR\" style=\"font-size: 13pt; font-family: Helvetica, sans-serif; letter-spacing: 0.15pt; background-image: initial; background-attachment: initial; background-size: initial; background-origin: initial; background-clip: initial; background-position: initial; background-repeat: initial;\">Em tempos de crise, a legislação trabalhista deve\nacompanhar as evoluções das relações empregatícias e possibilitar a proteção\ndos trabalhadores, sem inviabilizar a atividade empresarial.<o:p></o:p></span></p><p class=\"MsoNormal\" style=\"margin-bottom: 15pt; text-align: justify; line-height: normal; background-image: initial; background-attachment: initial; background-size: initial; background-origin: initial; background-clip: initial; background-position: initial; background-repeat: initial;\"><span lang=\"PT-BR\" style=\"font-size: 13pt; font-family: Helvetica, sans-serif; letter-spacing: 0.15pt; background-image: initial; background-attachment: initial; background-size: initial; background-origin: initial; background-clip: initial; background-position: initial; background-repeat: initial;\">O PPE é uma tentativa do Poder Executivo de contribuir\ncom as empresas, que devido à crise com a diminuição da demanda, necessitam\ndiminuir a produção, diminuindo turnos e outros gastos, além de proteger o\ntrabalhador contra a dispensa arbitrária, mesmo com redução salarial,\nacompanhada de redução da carga horária. Também trata-se de medida que visa\ndiminuir os gastos do Governo com seguro desemprego, pois ao menos em tese, os\ngastos com o programa seriam menores que os gastos com pagamento de seguro\ndesemprego, caso as empresas ao invés de aderirem ao programa realizassem\ndispensas sem justa causa.<o:p></o:p></span></p><p class=\"MsoNormal\" style=\"margin-bottom: 15pt; text-align: justify; line-height: normal; background-image: initial; background-attachment: initial; background-size: initial; background-origin: initial; background-clip: initial; background-position: initial; background-repeat: initial;\"><span lang=\"PT-BR\" style=\"font-size: 13pt; font-family: Helvetica, sans-serif; letter-spacing: 0.15pt; background-image: initial; background-attachment: initial; background-size: initial; background-origin: initial; background-clip: initial; background-position: initial; background-repeat: initial;\">A empresa deve fazer adesão ao programa para que o\nmesmo tenha validade, o que deverá ocorrer até 31 de dezembro de 2016.<o:p></o:p></span></p><p class=\"MsoNormal\" style=\"margin-bottom: 15pt; text-align: justify; line-height: normal; background-image: initial; background-attachment: initial; background-size: initial; background-origin: initial; background-clip: initial; background-position: initial; background-repeat: initial;\"><span lang=\"PT-BR\" style=\"font-size: 13pt; font-family: Helvetica, sans-serif; letter-spacing: 0.15pt; background-image: initial; background-attachment: initial; background-size: initial; background-origin: initial; background-clip: initial; background-position: initial; background-repeat: initial;\">Atualmente qualquer empresa pode aderir, embora pode\nhaver limitação futura por Comitê Interministerial responsável por tal programa<o:p></o:p></span></p><p class=\"MsoNormal\" style=\"margin-bottom: 15pt; text-align: justify; line-height: normal; background-image: initial; background-attachment: initial; background-size: initial; background-origin: initial; background-clip: initial; background-position: initial; background-repeat: initial;\"><span lang=\"PT-BR\" style=\"font-size: 13pt; font-family: Helvetica, sans-serif; letter-spacing: 0.15pt; background-image: initial; background-attachment: initial; background-size: initial; background-origin: initial; background-clip: initial; background-position: initial; background-repeat: initial;\">A adesão se realiza por acordo coletivo específico com\no sindicato da categoria estando comprovada a situação de dificuldades\neconômico-financeiras perante o Comitê Interministerial do PPE. Uma vez\nrealizada a adesão, os empregados são obrigados a acatar a redução na jornada\nde trabalho e nos seus vencimentos.<o:p></o:p></span></p><p class=\"MsoNormal\" style=\"margin-bottom: 15pt; text-align: justify; line-height: normal; background-image: initial; background-attachment: initial; background-size: initial; background-origin: initial; background-clip: initial; background-position: initial; background-repeat: initial;\"><span lang=\"PT-BR\" style=\"font-size: 13pt; font-family: Helvetica, sans-serif; letter-spacing: 0.15pt; background-image: initial; background-attachment: initial; background-size: initial; background-origin: initial; background-clip: initial; background-position: initial; background-repeat: initial;\">A dificuldade financeira é presumida se o Indicador\nLíquido de Emprego for igual a 1%, ou seja, nos 12 meses anteriores à adesão, o\ntotal de empregados da empresa deve ter diminuído ficado estável ou aumentado\nno máximo 1 %. Nos demais casos a empresa poder requerer a adesão com\ninformações adicionais, que será analisado pelo Comitê Interministerial do PPE.<o:p></o:p></span></p><p class=\"MsoNormal\" style=\"margin-bottom: 15pt; text-align: justify; line-height: normal; background-image: initial; background-attachment: initial; background-size: initial; background-origin: initial; background-clip: initial; background-position: initial; background-repeat: initial;\"><span lang=\"PT-BR\" style=\"font-size: 13pt; font-family: Helvetica, sans-serif; letter-spacing: 0.15pt; background-image: initial; background-attachment: initial; background-size: initial; background-origin: initial; background-clip: initial; background-position: initial; background-repeat: initial;\">A empresa também deve comprovar a impossibilidade de\nutilização de banco de horas e férias coletivas em relação aos seus empregados.<o:p></o:p></span></p><p class=\"MsoNormal\" style=\"margin-bottom: 15pt; text-align: justify; line-height: normal; background-image: initial; background-attachment: initial; background-size: initial; background-origin: initial; background-clip: initial; background-position: initial; background-repeat: initial;\"><span lang=\"PT-BR\" style=\"font-size: 13pt; font-family: Helvetica, sans-serif; letter-spacing: 0.15pt; background-image: initial; background-attachment: initial; background-size: initial; background-origin: initial; background-clip: initial; background-position: initial; background-repeat: initial;\">Fonte: <o:p></o:p></span></p><p class=\"MsoNormal\" style=\"margin-bottom: 15pt; text-align: justify; line-height: normal; background-image: initial; background-attachment: initial; background-size: initial; background-origin: initial; background-clip: initial; background-position: initial; background-repeat: initial;\"><a href=\"http://www.planalto.gov.br/ccivil_03/_Ato2015-2018/2015/Lei/L13189.htm\"><span lang=\"PT-BR\" style=\"font-size: 13pt; font-family: Helvetica, sans-serif; letter-spacing: 0.15pt; background-image: initial; background-attachment: initial; background-size: initial; background-origin: initial; background-clip: initial; background-position: initial; background-repeat: initial;\">http://www.planalto.gov.br/ccivil_03/_Ato2015-2018/2015/Lei/L13189.htm</span></a><span lang=\"PT-BR\" style=\"font-size: 13pt; font-family: Helvetica, sans-serif; letter-spacing: 0.15pt; background-image: initial; background-attachment: initial; background-size: initial; background-origin: initial; background-clip: initial; background-position: initial; background-repeat: initial;\"><o:p></o:p></span></p><p class=\"MsoNormal\" style=\"margin-bottom: 15pt; text-align: justify; line-height: normal; background-image: initial; background-attachment: initial; background-size: initial; background-origin: initial; background-clip: initial; background-position: initial; background-repeat: initial;\"><a href=\"http://www.planalto.gov.br/ccivil_03/_Ato2015-2018/2015/Mpv/mpv680.htm\"><span lang=\"PT-BR\" style=\"font-size: 13pt; font-family: Helvetica, sans-serif; letter-spacing: 0.15pt; background-image: initial; background-attachment: initial; background-size: initial; background-origin: initial; background-clip: initial; background-position: initial; background-repeat: initial;\">http://www.planalto.gov.br/ccivil_03/_Ato2015-2018/2015/Mpv/mpv680.htm</span></a><span lang=\"PT-BR\" style=\"font-size: 13pt; font-family: Helvetica, sans-serif; letter-spacing: 0.15pt; background-image: initial; background-attachment: initial; background-size: initial; background-origin: initial; background-clip: initial; background-position: initial; background-repeat: initial;\"><o:p></o:p></span></p><p class=\"MsoNormal\" style=\"margin-bottom: 15pt; text-align: justify; line-height: normal; background-image: initial; background-attachment: initial; background-size: initial; background-origin: initial; background-clip: initial; background-position: initial; background-repeat: initial;\"><a href=\"http://www.planejamento.gov.br/apresentacoes/apresentacoes-2015/apresentacao_ppe.pdf\"><span lang=\"PT-BR\" style=\"font-size: 13pt; font-family: Helvetica, sans-serif; letter-spacing: 0.15pt; background-image: initial; background-attachment: initial; background-size: initial; background-origin: initial; background-clip: initial; background-position: initial; background-repeat: initial;\">http://www.planejamento.gov.br/apresentacoes/apresentacoes-2015/apresentacao_ppe.pdf</span></a><span lang=\"PT-BR\" style=\"font-size: 13pt; font-family: Helvetica, sans-serif; letter-spacing: 0.15pt; background-image: initial; background-attachment: initial; background-size: initial; background-origin: initial; background-clip: initial; background-position: initial; background-repeat: initial;\"><o:p></o:p></span></p><p class=\"MsoNormal\" style=\"margin-bottom: 0.0001pt; text-align: justify; line-height: 18pt; background-image: initial; background-attachment: initial; background-size: initial; background-origin: initial; background-clip: initial; background-position: initial; background-repeat: initial;\">\n\n\n\n\n\n\n\n\n\n\n\n\n\n\n\n\n\n\n\n\n\n\n\n<br></p><span lang=\"PT-BR\" style=\"font-size: 13pt; line-height: 115%; font-family: Helvetica, sans-serif; letter-spacing: 0.15pt; background-image: initial; background-attachment: initial; background-size: initial; background-origin: initial; background-clip: initial; background-position: initial; background-repeat: initial;\"></span>','Apresentação_PPE_-_Governo.pdf'),(4,'REDUÇÃO DE DIAS - MANUFATURA','<p class=\"MsoNormal\" style=\"text-align:justify\"><span lang=\"PT-BR\" style=\"font-size: 13pt; line-height: 115%; font-family: Helvetica, sans-serif; letter-spacing: 0.15pt; background-image: initial; background-attachment: initial; background-size: initial; background-origin: initial; background-clip: initial; background-position: initial; background-repeat: initial;\">A\nredução de dias ou “Down Days” nada mais é do que uma forma de compensação de\nhoras a Débito (negativo) e Crédito (positivo) e esta ferramenta de\nflexibilidade foi adotada no Brasil através da&nbsp;<a href=\"http://www.normaslegais.com.br/legislacao/tributario/l9601.htm\"><span style=\"color: rgb(51, 51, 51);\">Lei 9.601/98</span></a>,\nque alterou o art. 59 da CLT,&nbsp;momento em que o país atravessava uma recessão\neconômica que gerou a demissão de trabalhadores, além do encerramento de\natividades das empresas.<o:p></o:p></span></p>\n\n<p class=\"MsoNormal\" style=\"text-align: justify; widows: 2; font-stretch: normal; orphans: 2;\"><span lang=\"PT-BR\" style=\"font-size: 13pt; line-height: 115%; font-family: Helvetica, sans-serif; letter-spacing: 0.15pt; background-image: initial; background-attachment: initial; background-size: initial; background-origin: initial; background-clip: initial; background-position: initial; background-repeat: initial;\">O\nGoverno procurou, através da edição desta lei, flexibilizar alguns direitos\ntrabalhistas previstos na&nbsp;<a href=\"http://www.guiatrabalhista.com.br/tematicas/clt.htm\"><span style=\"color: rgb(51, 51, 51);\">CLT</span></a>&nbsp;de\nforma a combater o desemprego e amenizar o impacto trabalhista, autorizando as\nempresas, em momentos de dificuldades ou crises temporárias, a conceder folga a\nseus empregados com a possibilidade de recuperação destas horas posteriormente.<o:p></o:p></span></p>\n\n<p class=\"MsoNormal\" style=\"text-align: justify; widows: 2; font-stretch: normal; orphans: 2;\"><span lang=\"PT-BR\" style=\"font-size: 13pt; line-height: 115%; font-family: Helvetica, sans-serif; letter-spacing: 0.15pt; background-image: initial; background-attachment: initial; background-size: initial; background-origin: initial; background-clip: initial; background-position: initial; background-repeat: initial;\">A\nlei prevê também que esta prática só é legal se for acordada em Convenção ou\nAcordo Coletivo de Trabalho com a participação do&nbsp;<a href=\"http://www.guiatrabalhista.com.br/guia/sindicato.htm\"><span style=\"color: rgb(51, 51, 51);\">Sindicato</span></a>&nbsp;da\ncategoria representativa. A quantidade de horas trabalhadas, horários, período\ne forma de compensação das horas de redução de jornada devem constar na\nconvenção ou acordo coletivo de trabalho.<o:p></o:p></span></p>\n\n<p class=\"MsoNormal\" style=\"text-align: justify; widows: 2; font-stretch: normal; orphans: 2;\"><span lang=\"PT-BR\" style=\"font-size: 13pt; line-height: 115%; font-family: Helvetica, sans-serif; letter-spacing: 0.15pt; background-image: initial; background-attachment: initial; background-size: initial; background-origin: initial; background-clip: initial; background-position: initial; background-repeat: initial;\">A\ndecisão também deve ser discutida e votada, geralmente por aclamação com os\ntrabalhadores, uma vez que são estes os envolvidos.<o:p></o:p></span></p>\n\n<p class=\"MsoNormal\" style=\"text-align: justify; widows: 2; font-stretch: normal; orphans: 2;\"><span lang=\"PT-BR\" style=\"font-size: 13pt; line-height: 115%; font-family: Helvetica, sans-serif; letter-spacing: 0.15pt; background-image: initial; background-attachment: initial; background-size: initial; background-origin: initial; background-clip: initial; background-position: initial; background-repeat: initial;\">Trata-se\nde uma ferramenta importante que visa proporcionar ao empregador e ao empregado\numa flexibilização na jornada, evitando&nbsp;uma onerosidade sobre&nbsp;a&nbsp;<a href=\"http://www.guiatrabalhista.com.br/guia/folha_pagamento.htm\"><span style=\"color: rgb(51, 51, 51);\">folha de\npagamento</span></a>&nbsp;(pela desnecessidade do pagamento de horas extras) e\npossibilitando a ausência do empregado (sem o prejuízo do salário) desde que\nobservadas as exigências legais.<o:p></o:p></span></p>\n\n<p class=\"MsoNormal\" style=\"text-align: justify; widows: 2; font-stretch: normal; orphans: 2;\"><span lang=\"PT-BR\" style=\"font-size: 13pt; line-height: 115%; font-family: Helvetica, sans-serif; letter-spacing: 0.15pt; background-image: initial; background-attachment: initial; background-size: initial; background-origin: initial; background-clip: initial; background-position: initial; background-repeat: initial;\"><o:p>&nbsp;</o:p></span></p>\n\n<p class=\"MsoNormal\" style=\"text-align:justify\"><span lang=\"PT-BR\" style=\"font-size: 13pt; line-height: 115%; font-family: Helvetica, sans-serif; letter-spacing: 0.15pt; background-image: initial; background-attachment: initial; background-size: initial; background-origin: initial; background-clip: initial; background-position: initial; background-repeat: initial;\">Requisitos\na serem observados:<o:p></o:p></span></p>\n\n<p class=\"MsoListParagraphCxSpFirst\" style=\"text-align: justify; text-indent: -18pt; widows: 2; font-stretch: normal; orphans: 2;\"><!--[if !supportLists]--><span lang=\"PT-BR\" style=\"font-size: 13pt; line-height: 115%; font-family: Symbol; letter-spacing: 0.15pt;\">·<span style=\"font-stretch: normal; font-size: 7pt; line-height: normal; font-family: \'Times New Roman\';\">&nbsp;&nbsp;&nbsp;&nbsp;&nbsp;&nbsp;&nbsp;\n</span></span><!--[endif]--><span lang=\"PT-BR\" style=\"font-size: 13pt; line-height: 115%; font-family: Helvetica, sans-serif; letter-spacing: 0.15pt; background-image: initial; background-attachment: initial; background-size: initial; background-origin: initial; background-clip: initial; background-position: initial; background-repeat: initial;\">Previsão em Convenção ou Acordo\nColetivo de trabalho;<o:p></o:p></span></p>\n\n<p class=\"MsoListParagraphCxSpMiddle\" style=\"text-align:justify;text-indent:-18.0pt;\nmso-list:l0 level1 lfo1\"><!--[if !supportLists]--><span lang=\"PT-BR\" style=\"font-size: 13pt; line-height: 115%; font-family: Symbol; letter-spacing: 0.15pt;\">·<span style=\"font-stretch: normal; font-size: 7pt; line-height: normal; font-family: \'Times New Roman\';\">&nbsp;&nbsp;&nbsp;&nbsp;&nbsp;&nbsp;&nbsp;\n</span></span><!--[endif]--><span lang=\"PT-BR\" style=\"font-size: 13pt; line-height: 115%; font-family: Helvetica, sans-serif; letter-spacing: 0.15pt; background-image: initial; background-attachment: initial; background-size: initial; background-origin: initial; background-clip: initial; background-position: initial; background-repeat: initial;\">Aprovação dos empregados\ndevidamente representados pelo Sindicado da Categoria;<o:p></o:p></span></p>\n\n<p class=\"MsoListParagraphCxSpMiddle\" style=\"text-align:justify;text-indent:-18.0pt;\nmso-list:l0 level1 lfo1\"><!--[if !supportLists]--><span lang=\"PT-BR\" style=\"font-size: 13pt; line-height: 115%; font-family: Symbol; letter-spacing: 0.15pt;\">·<span style=\"font-stretch: normal; font-size: 7pt; line-height: normal; font-family: \'Times New Roman\';\">&nbsp;&nbsp;&nbsp;&nbsp;&nbsp;&nbsp;&nbsp;\n</span></span><!--[endif]--><span lang=\"PT-BR\" style=\"font-size: 13pt; line-height: 115%; font-family: Helvetica, sans-serif; letter-spacing: 0.15pt; background-image: initial; background-attachment: initial; background-size: initial; background-origin: initial; background-clip: initial; background-position: initial; background-repeat: initial;\">Jornada máxima diária de 10\n(dez) horas, salvo os regimes de escala (como o de 12 x 36);<o:p></o:p></span></p>\n\n<p class=\"MsoListParagraphCxSpMiddle\" style=\"text-align:justify;text-indent:-18.0pt;\nmso-list:l0 level1 lfo1\"><span style=\"widows: 2; font-stretch: normal; orphans: 2;\"><!--[if !supportLists]--><span lang=\"PT-BR\" style=\"font-size: 13pt; line-height: 115%; font-family: Symbol; letter-spacing: 0.15pt;\">·<span style=\"font-stretch: normal; font-size: 7pt; line-height: normal; font-family: \'Times New Roman\';\">&nbsp;&nbsp;&nbsp;&nbsp;&nbsp;&nbsp;&nbsp;\n</span></span><!--[endif]--><span lang=\"PT-BR\" style=\"font-size: 13pt; line-height: 115%; font-family: Helvetica, sans-serif; letter-spacing: 0.15pt; background-image: initial; background-attachment: initial; background-size: initial; background-origin: initial; background-clip: initial; background-position: initial; background-repeat: initial;\">Jornada máxima semanal de 44\n(quarenta e quatro) horas previstas durante o ano do acordo;</span><o:p></o:p></span></p>\n\n<p class=\"MsoListParagraphCxSpMiddle\" style=\"text-align:justify;text-indent:-18.0pt;\nmso-list:l0 level1 lfo1\"><!--[if !supportLists]--><span lang=\"PT-BR\" style=\"font-size: 13pt; line-height: 115%; font-family: Symbol; letter-spacing: 0.15pt;\">·<span style=\"font-stretch: normal; font-size: 7pt; line-height: normal; font-family: \'Times New Roman\';\">&nbsp;&nbsp;&nbsp;&nbsp;&nbsp;&nbsp;&nbsp;\n</span></span><!--[endif]--><span lang=\"PT-BR\" style=\"font-size: 13pt; line-height: 115%; font-family: Helvetica, sans-serif; letter-spacing: 0.15pt; background-image: initial; background-attachment: initial; background-size: initial; background-origin: initial; background-clip: initial; background-position: initial; background-repeat: initial;\">Compensação das horas dentro do\nperíodo máximo de 1 (um) ano;<o:p></o:p></span></p>\n\n<p class=\"MsoListParagraphCxSpLast\" style=\"text-align:justify;text-indent:-18.0pt;\nmso-list:l0 level1 lfo1\"><!--[if !supportLists]--><span lang=\"PT-BR\" style=\"font-size: 13pt; line-height: 115%; font-family: Symbol; letter-spacing: 0.15pt;\">·<span style=\"font-stretch: normal; font-size: 7pt; line-height: normal; font-family: \'Times New Roman\';\">&nbsp;&nbsp;&nbsp;&nbsp;&nbsp;&nbsp;&nbsp;\n</span></span><!--[endif]--><span lang=\"PT-BR\" style=\"font-size: 13pt; line-height: 115%; font-family: Helvetica, sans-serif; letter-spacing: 0.15pt; background-image: initial; background-attachment: initial; background-size: initial; background-origin: initial; background-clip: initial; background-position: initial; background-repeat: initial;\">Deve ser mantido pela empresa o\ncontrole individual do saldo de horas bem como o acesso e acompanhamento do\nsaldo por parte do empregado;<o:p></o:p></span></p>\n\n<p class=\"MsoNormal\" style=\"text-align:justify\"><span lang=\"PT-BR\" style=\"font-size: 13pt; line-height: 115%; font-family: Helvetica, sans-serif; letter-spacing: 0.15pt; background-image: initial; background-attachment: initial; background-size: initial; background-origin: initial; background-clip: initial; background-position: initial; background-repeat: initial;\">A\nlegislação prevê ainda multa para o empregador caso o empregado esteja\ntrabalhando mais de duas horas extras por dia, a empresa pode ser multada,\ndependendo da quantidade de empregados, no valor que varia de R$&nbsp;40,25 a\nR$ 4.025,00, dobrando em caso de reincidência. <o:p></o:p></span></p>\n\n<p class=\"MsoNormal\" style=\"text-align: justify; widows: 2; font-stretch: normal; orphans: 2;\"><span lang=\"PT-BR\" style=\"font-size: 13pt; line-height: 115%; font-family: Helvetica, sans-serif; letter-spacing: 0.15pt; background-image: initial; background-attachment: initial; background-size: initial; background-origin: initial; background-clip: initial; background-position: initial; background-repeat: initial;\">Nos\ncasos em que o Acordo ou a Convenção estabelecer penalidade pelo descumprimento\ndo acordo do&nbsp; banco de horas, a empresa sofrerá a penalidade firmada no\nacordo, sendo o valor da multa variável.<o:p></o:p></span></p>\n\n<p class=\"MsoNormal\" style=\"text-align:justify\"><span lang=\"PT-BR\" style=\"font-size: 13pt; line-height: 115%; font-family: Helvetica, sans-serif; letter-spacing: 0.15pt; background-image: initial; background-attachment: initial; background-size: initial; background-origin: initial; background-clip: initial; background-position: initial; background-repeat: initial;\"><o:p>&nbsp;</o:p></span></p>\n\n<p class=\"MsoNormal\" style=\"text-align:justify\"><span lang=\"PT-BR\" style=\"font-size: 13pt; line-height: 115%; font-family: Helvetica, sans-serif; letter-spacing: 0.15pt; background-image: initial; background-attachment: initial; background-size: initial; background-origin: initial; background-clip: initial; background-position: initial; background-repeat: initial;\">Fonte:\n<a href=\"http://www.guiatrabalhista.com.br/tematicas/banco-horas.htm\">http://www.guiatrabalhista.com.br/tematicas/banco-horas.htm</a><o:p></o:p></span></p>\n\n<span lang=\"PT-BR\" style=\"font-size: 13pt; line-height: 115%; font-family: Helvetica, sans-serif; letter-spacing: 0.15pt; background-image: initial; background-attachment: initial; background-size: initial; background-origin: initial; background-clip: initial; background-position: initial; background-repeat: initial;\">Art. 59 - § 2º:&nbsp;Poderá ser dispensado o\nacréscimo de salário se, por força de acordo ou convenção coletiva de trabalho,\no excesso de horas em um dia for compensado pela correspondente diminuição em\noutro dia, de maneira que não exceda, no período máximo de um ano, à soma das\njornadas semanais de trabalho previstas, nem seja ultrapassado o limite máximo\nde dez horas diárias.</span>','Acordo_Assinado_Redução_de_Dias.pdf'),(5,'FLEXIBILIDADE DE JORNADA','<h5><p><span lang=\"PT-BR\">A<span class=\"apple-converted-space\">&nbsp;</span>Compensação de Jornada<span class=\"apple-converted-space\">&nbsp;</span>é\no regime de trabalho em que o empregado prorroga a sua jornada laboral em\nalguns dias e reduz a jornada em outros dias, de forma que, no final, ele\nobedeça à jornada normal de um período (um módulo), sem que haja o pagamento de\nhoras extras. Comumente considera-se como “Compensação de Jornada” a forma clássica de sua aplicação, sendo\nesta por períodos<span class=\"apple-converted-space\">&nbsp;</span>semanais<span class=\"apple-converted-space\">&nbsp;</span>ou<span class=\"apple-converted-space\">&nbsp;</span>mensais; e como “Banco de Horas” a forma de\nflexibilização da jornada instituída pela<span class=\"apple-converted-space\">&nbsp;</span></span><span><a href=\"http://www.planalto.gov.br/ccivil_03/leis/l9601.htm\" target=\"_blank\" style=\"font-weight:inherit;line-height:inherit\"><span lang=\"PT-BR\">Lei nº</span></a><a href=\"http://www.jusbrasil.com.br/legislacao/103514/lei-9601-98\" title=\"Lei nº 9.601, de 21 de janeiro de 1998\" style=\"font-weight:inherit;\nline-height:inherit\"><span lang=\"PT-BR\">9.601</span></a></span><span lang=\"PT-BR\">/98 e suas alterações\nposteriores, cuja compensação se dá no período de<span class=\"apple-converted-space\">&nbsp;</span>um ano.<o:p></o:p></span></p>\n\n<p><span lang=\"PT-BR\">Quando pensamos em uma\nflexibilização da jornada de trabalho, a primeira dúvida que surge se refere ao<span class=\"apple-converted-space\">&nbsp;</span>modo de sua instituição. Tal questionamento originou-se da\nambiguidade do inciso<span class=\"apple-converted-space\">&nbsp;</span></span><span><a href=\"http://www.jusbrasil.com.br/topicos/10726563/inciso-xiii-do-artigo-7-da-constitui%C3%A7%C3%A3o-federal-de-1988\" title=\"Inciso XIII do Artigo 7 da Constituição Federal de 1988\" style=\"font-weight:inherit;line-height:inherit\"><span lang=\"PT-BR\">XIII</span></a></span><span lang=\"PT-BR\">, do artigo<span class=\"apple-converted-space\">&nbsp;</span></span><span><a href=\"http://www.jusbrasil.com.br/topicos/10641213/artigo-7-da-constitui%C3%A7%C3%A3o-federal-de-1988\" title=\"Artigo 7 da Constituição Federal de 1988\" style=\"font-weight:inherit;\nline-height:inherit\"><span lang=\"PT-BR\">7º</span></a></span><span lang=\"PT-BR\">, da<span class=\"apple-converted-space\">&nbsp;</span></span><span><a href=\"http://www.jusbrasil.com.br/legislacao/112175738/constitui%C3%A7%C3%A3o-federal-constitui%C3%A7%C3%A3o-da-republica-federativa-do-brasil-1988\" title=\"CONSTITUIÇÃO DA REPÚBLICA FEDERATIVA DO BRASIL DE 1988\" style=\"font-weight:inherit;line-height:inherit\"><span lang=\"PT-BR\">Constituição Federal</span></a></span><span lang=\"PT-BR\">, ao mencionar “<i>facultada\na compensação de horários e a redução da jornada, mediante acordo ou convenção\ncoletiva de trabalho</i>”. Assim, a dúvida, ainda recorrente entre\nempregadores, seria sobre a possibilidade ou impossibilidade de instituição da\ncompensação de jornada mediante acordo individual entre empregador e empregado,\njá que o referido dispositivo afastou o verbete “<i>acordo</i>” da qualificação\nrestritiva “<i>coletivo</i>”.<o:p></o:p></span></p>\n\n<p><span lang=\"PT-BR\">Neste sentido, há quem defenda\nque a construção do texto teria sido<span class=\"apple-converted-space\">&nbsp;</span>proposital, justamente para ampliar o\nacesso à medida, uma vez que, caso sua implantação fosse aceita apenas por meio\nde negociação coletiva, a compensação seria inviabilizada em diversos\nsegmentos, como, por exemplo, no âmbito de pequenos empreendimentos (onde é\nrara a celebração de acordos coletivos e convenções coletivas) e entidades de\nDireito Público. Ademais, também se justifica tal entendimento ao se verificar\nque a</span><span><a href=\"http://www.jusbrasil.com.br/legislacao/112175738/constitui%C3%A7%C3%A3o-federal-constitui%C3%A7%C3%A3o-da-republica-federativa-do-brasil-1988\" title=\"CONSTITUIÇÃO DA REPÚBLICA FEDERATIVA DO BRASIL DE 1988\" style=\"font-weight:inherit;line-height:inherit\"><span lang=\"PT-BR\">Constituição Federal</span></a></span><span class=\"apple-converted-space\"><span lang=\"PT-BR\">&nbsp;</span></span><span lang=\"PT-BR\">teve o cuidado de se reportar expressamente a “<i>acordo coletivo e\nconvenção coletiva</i>” ou “<i>negociação coletiva</i>” quanto pretendeu\nrestringir a aplicação da medida referente, como se vê nos incisos<span class=\"apple-converted-space\">&nbsp;</span></span><span><a href=\"http://www.jusbrasil.com.br/topicos/10726839/inciso-vi-do-artigo-7-da-constitui%C3%A7%C3%A3o-federal-de-1988\" title=\"Inciso VI do Artigo 7 da Constituição Federal de 1988\" style=\"font-weight:\ninherit;line-height:inherit\"><span lang=\"PT-BR\">VI</span></a></span><span lang=\"PT-BR\">,<span class=\"apple-converted-space\">&nbsp;</span></span><span><a href=\"http://www.jusbrasil.com.br/topicos/10726534/inciso-xiv-do-artigo-7-da-constitui%C3%A7%C3%A3o-federal-de-1988\" title=\"Inciso XIV do Artigo 7 da Constituição Federal de 1988\" style=\"font-weight:inherit;line-height:inherit\"><span lang=\"PT-BR\">XIV</span></a></span><span class=\"apple-converted-space\"><span lang=\"PT-BR\">&nbsp;</span></span><span lang=\"PT-BR\">e<span class=\"apple-converted-space\">&nbsp;</span></span><span><a href=\"http://www.jusbrasil.com.br/topicos/10726123/inciso-xxvi-do-artigo-7-da-constitui%C3%A7%C3%A3o-federal-de-1988\" title=\"Inciso XXVI do Artigo 7 da Constituição Federal de 1988\" style=\"font-weight:inherit;line-height:inherit\"><span lang=\"PT-BR\">XXVI</span></a></span><span lang=\"PT-BR\">, do seu artigo<span class=\"apple-converted-space\">&nbsp;</span></span><span><a href=\"http://www.jusbrasil.com.br/topicos/10641213/artigo-7-da-constitui%C3%A7%C3%A3o-federal-de-1988\" title=\"Artigo 7 da Constituição Federal de 1988\" style=\"font-weight:inherit;\nline-height:inherit\"><span lang=\"PT-BR\">7º</span></a></span><span lang=\"PT-BR\">. Não menos\nimportante, também se argumenta a este favor ao se ressaltar que a compensação\nde jornada, em seu formato tradicional (por período semanal ou mensal), seria\numa medida predominantemente favorável ao trabalhador, caracterizando um\ncontrassenso da<span class=\"apple-converted-space\">&nbsp;</span></span><span><a href=\"http://www.jusbrasil.com.br/legislacao/112175738/constitui%C3%A7%C3%A3o-federal-constitui%C3%A7%C3%A3o-da-republica-federativa-do-brasil-1988\" title=\"CONSTITUIÇÃO DA REPÚBLICA FEDERATIVA DO BRASIL DE 1988\" style=\"font-weight:inherit;line-height:inherit\"><span lang=\"PT-BR\">Constituição Federal</span></a></span><span class=\"apple-converted-space\"><span lang=\"PT-BR\">&nbsp;</span></span><span lang=\"PT-BR\">engessar a sua aplicação, já que o artigo<span class=\"apple-converted-space\">&nbsp;</span></span><span><a href=\"http://www.jusbrasil.com.br/topicos/10641213/artigo-7-da-constitui%C3%A7%C3%A3o-federal-de-1988\" title=\"Artigo 7 da Constituição Federal de 1988\" style=\"font-weight:inherit;\nline-height:inherit\"><span lang=\"PT-BR\">7º</span></a></span><span class=\"apple-converted-space\"><span lang=\"PT-BR\">&nbsp;</span></span><span lang=\"PT-BR\">fala em direitos que “<i>visem à melhoria de sua condição social</i>”.<o:p></o:p></span></p>\n\n<p><span lang=\"PT-BR\">Noutra esteira, independentemente\ndo posicionamento adotado quanto à possibilidade de utilização de acordo\nindividual para implementação da flexibilização da jornada, desde a vigência da<span class=\"apple-converted-space\">&nbsp;</span></span><span><a href=\"http://www.planalto.gov.br/ccivil_03/leis/l9601.htm\" target=\"_blank\" style=\"font-weight:inherit;line-height:inherit\"><span lang=\"PT-BR\">Lei</span></a><a href=\"http://www.jusbrasil.com.br/legislacao/103514/lei-9601-98\" title=\"Lei nº 9.601, de 21 de janeiro de 1998\" style=\"font-weight:inherit;\nline-height:inherit\"><span lang=\"PT-BR\">9.601</span></a></span><span lang=\"PT-BR\">/98, é<span class=\"apple-converted-space\">&nbsp;</span>majoritário<span class=\"apple-converted-space\">&nbsp;</span>o\nentendimento de que a modalidade de compensação de jornada por período anual\n(Banco de Horas) seriadesfavorável<span class=\"apple-converted-space\">&nbsp;</span>ao trabalhador, considerando-se que a\nrealização de horas suplementares por tão longo período pode provocar danos à\nsaúde e a segurança do trabalho, estando eliminada, assim, a reciprocidade de\nvantagens da medida. Para elucidação do tema, cito os ensinamentos do Ilustre\nMinistro do Tribunal Superior do Trabalho, Maurício Godinho Delgado (DELGADO,\nMaurício Godinho. Curso de Direito do Trabalho. 12ª ed. São Paulo: LTr, 2013.\nP. 907.):<o:p></o:p></span></p>\n\n<p><i><span lang=\"PT-BR\">A pactuação de horas complementares à jornada padrão, que extenue o\ntrabalhador ao longo de diversas semanas e meses, cria riscos adicionais\ninevitáveis à saúde e à segurança daquele que presta serviços, deteriorando as\ncondições de saúde, higiene e segurança no trabalho (em contraponto, aliás,\nàquilo que estabelece o art.<span class=\"apple-converted-space\">&nbsp;</span></span><span><a href=\"http://www.jusbrasil.com.br/topicos/10641213/artigo-7-da-constitui%C3%A7%C3%A3o-federal-de-1988\" title=\"Artigo 7 da Constituição Federal de 1988\" style=\"font-weight:inherit;\nline-height:inherit\"><span lang=\"PT-BR\">7º</span></a></span></i><i><span lang=\"PT-BR\">,<span class=\"apple-converted-space\">&nbsp;</span></span><span><a href=\"http://www.jusbrasil.com.br/topicos/10726249/inciso-xxii-do-artigo-7-da-constitui%C3%A7%C3%A3o-federal-de-1988\" title=\"Inciso XXII do Artigo 7 da Constituição Federal de 1988\" style=\"font-weight:inherit;line-height:inherit\"><span lang=\"PT-BR\">XXII</span></a></span></i><i><span lang=\"PT-BR\">, da<span class=\"apple-converted-space\">&nbsp;</span></span><span><a href=\"http://www.jusbrasil.com.br/legislacao/112175738/constitui%C3%A7%C3%A3o-federal-constitui%C3%A7%C3%A3o-da-republica-federativa-do-brasil-1988\" title=\"CONSTITUIÇÃO DA REPÚBLICA FEDERATIVA DO BRASIL DE 1988\" style=\"font-weight:inherit;line-height:inherit\"><span lang=\"PT-BR\">Constituição</span></a></span></i><i><span lang=\"PT-BR\">). O regime de\ncompensação anual, desse modo, escapa à dubiedade instigante que respondia pelo\nprestígio do mecanismo compensatório no estuário normativo da</span><span><a href=\"http://www.jusbrasil.com.br/legislacao/112175738/constitui%C3%A7%C3%A3o-federal-constitui%C3%A7%C3%A3o-da-republica-federativa-do-brasil-1988\" title=\"CONSTITUIÇÃO DA REPÚBLICA FEDERATIVA DO BRASIL DE 1988\" style=\"font-weight:inherit;line-height:inherit\"><span lang=\"PT-BR\">Constituição</span></a></span></i><span class=\"apple-converted-space\"><i><span lang=\"PT-BR\">&nbsp;</span></i></span><i><span lang=\"PT-BR\">da República, já que deixa de ser\nmanejado em extensão ponderada, perdendo, nesse aspecto, o caráter de vantagem\ntrabalhista em benefício recíproco de ambas as partes contratuais. [...].<o:p></o:p></span></i></p>\n\n<p><i><span lang=\"PT-BR\">[...] As vantagens que\no regime flexibilizatórioconferiam ao empregador já eram, na época\n[anteriormente à Lei 9.601/98], óbvias, propiciando a realização de adequações\ntópicas e circunstanciais no horário laborativo dos obreiros no contexto da\nempresa, elevando, com isso, a produtividade no trabalho.<o:p></o:p></span></i></p>\n\n<p><i><span lang=\"PT-BR\">[...] Efetivamente,\nquando utilizado em extensão ponderada, este mecanismo permitia [como vantagens\nao empregado] a concentração mais racional do tempo do obreiro nas atividades\nlaborativas, alargando-lhe, em contrapartida, o tempo para livre\ndisponibilidade pessoal, sem prejuízo às cautelas recomendáveis no tocante à\nsaúde e segurança laborais.<o:p></o:p></span></i></p>\n\n<p><span lang=\"PT-BR\">Entretanto, em que pesem as\nconstantes discussões quanto ao tema, atualmente prevalece a tese de que será<span class=\"apple-converted-space\">&nbsp;</span>válido<span class=\"apple-converted-space\">&nbsp;</span>o acordoindividual<span class=\"apple-converted-space\">&nbsp;</span>escrito somente para instituição do\nregime compensatório<span class=\"apple-converted-space\">&nbsp;</span>tradicional<span class=\"apple-converted-space\">&nbsp;</span>(semanal ou mensal), com fundamento na\nnova redação da<span class=\"apple-converted-space\">&nbsp;</span></span><span><a href=\"http://www3.tst.jus.br/jurisprudencia/Sumulas_com_indice/Sumulas_Ind_51_100.html#SUM-85\" target=\"_blank\" style=\"font-weight:inherit;line-height:inherit\"><span lang=\"PT-BR\">Súmula 85</span></a></span><span class=\"apple-converted-space\"><span lang=\"PT-BR\">&nbsp;</span></span><span lang=\"PT-BR\">(itens I, II e V) do Tribunal Superior do Trabalho,<span class=\"apple-converted-space\">&nbsp;</span><i>in verbis</i>:<o:p></o:p></span></p>\n\n<p><i><span lang=\"PT-BR\">Súmula nº 85, do\nTribunal Superior do Trabalho.<o:p></o:p></span></i></p>\n\n<p><i><span lang=\"PT-BR\">COMPENSAÇÃO DE JORNADA (inserido o item V) - Res.<span class=\"apple-converted-space\">&nbsp;</span></span><span><a href=\"http://www.jusbrasil.com.br/legislacao/1029532/resolucao-174-2011\" title=\"Resolução nº. 174, de 2011\" style=\"font-weight:inherit;line-height:inherit\"><span lang=\"PT-BR\">174</span></a></span></i><i><span lang=\"PT-BR\">/2011, DEJT divulgado\nem 27, 30 e 31.05.2011.<o:p></o:p></span></i></p>\n\n<p class=\"MsoNormal\"><i><span lang=\"PT-BR\">I. A compensação de\njornada de trabalho deve ser ajustada por acordo individual escrito, acordo\ncoletivo ou convenção coletiva. (ex-Súmula nº 85 - primeira parte - alterada\npela Res.<span class=\"apple-converted-space\">&nbsp;</span></span><span><a href=\"http://www.jusbrasil.com.br/legislacao/139684/resolucao-121-2003\" title=\"Resolução nº 121 de 2003\" style=\"font-weight:inherit;line-height:inherit\"><span lang=\"PT-BR\">121</span></a></span></i><i><span lang=\"PT-BR\">/2003, DJ 21.11.2003).<o:p></o:p></span></i></p>\n\n<p><i><span lang=\"PT-BR\">II. O acordo\nindividual para compensação de horas é válido, salvo se houver norma coletiva\nem sentido contrário. (ex-OJ nº 182 da SBDI-1- inserida em 08.11.2000).<o:p></o:p></span></i></p>\n\n<p><i><span lang=\"PT-BR\">[...].<o:p></o:p></span></i></p>\n\n<p class=\"MsoNormal\"><i><span lang=\"PT-BR\">V. As disposições contidas\nnesta súmula não se aplicam ao regime compensatório na modalidade “banco de\nhoras”, que somente pode ser instituído por negociação coletiva.<o:p></o:p></span></i></p>\n\n<p><span lang=\"PT-BR\">Quanto ao<span class=\"apple-converted-space\">&nbsp;</span>período, como dito anteriormente, a compensação poderá ser\nestipulada para cumprimento em uma mesma<span class=\"apple-converted-space\">&nbsp;</span>semana,mês<span class=\"apple-converted-space\">&nbsp;</span>ou<span class=\"apple-converted-space\">&nbsp;</span>ano. Sendo que deverá sempre ser obedecido o limite temporal da\njornada determinado pela<span class=\"apple-converted-space\">&nbsp;</span></span><span><a href=\"http://www.jusbrasil.com.br/legislacao/112175738/constitui%C3%A7%C3%A3o-federal-constitui%C3%A7%C3%A3o-da-republica-federativa-do-brasil-1988\" title=\"CONSTITUIÇÃO DA REPÚBLICA FEDERATIVA DO BRASIL DE 1988\" style=\"font-weight:inherit;line-height:inherit\"><span lang=\"PT-BR\">Constituição Federal</span></a></span><span class=\"apple-converted-space\"><span lang=\"PT-BR\">&nbsp;</span></span><span lang=\"PT-BR\">(art. 7º, XII), retificado pelo<span class=\"apple-converted-space\">&nbsp;</span></span><span><a href=\"http://www.jusbrasil.com.br/topicos/10759744/par%C3%A1grafo-2-artigo-59-do-decreto-lei-n-5452-de-01-de-maio-de-1943\" title=\"Parágrafo 2 Artigo 59 do Decreto Lei nº 5.452 de 01 de Maio de 1943\" style=\"font-weight:inherit;line-height:inherit\"><span lang=\"PT-BR\">parágrafo 2º</span></a></span><span lang=\"PT-BR\">, do artigo<span class=\"apple-converted-space\">&nbsp;</span></span><span><a href=\"http://www.jusbrasil.com.br/topicos/10759850/artigo-59-do-decreto-lei-n-5452-de-01-de-maio-de-1943\" title=\"Artigo 59 do Decreto Lei nº 5.452 de 01 de Maio de 1943\" style=\"font-weight:inherit;line-height:inherit\"><span lang=\"PT-BR\">59</span></a></span><span lang=\"PT-BR\">, da<span class=\"apple-converted-space\">&nbsp;</span></span><span><a href=\"http://www.jusbrasil.com.br/legislacao/111983249/consolida%C3%A7%C3%A3o-das-leis-do-trabalho-decreto-lei-5452-43\" title=\"DECRETO-LEI N.º 5.452, DE 1º DE MAIO DE 1943\" style=\"font-weight:inherit;\nline-height:inherit\"><span lang=\"PT-BR\">Consolidação\ndas Leis do Trabalho</span></a></span><span lang=\"PT-BR\">, de<span class=\"apple-converted-space\">&nbsp;</span>duas horas extras ao dia, ou o<span class=\"apple-converted-space\">&nbsp;</span>máximo de dez horas diárias.<o:p></o:p></span></p>\n\n<p><span lang=\"PT-BR\">Aqui\ncabe a ressalva de que o entendimento<span class=\"apple-converted-space\">&nbsp;</span>majoritário<span class=\"apple-converted-space\">&nbsp;</span>quanto aos limites da jornada\nextraordinária é no sentido de que, mesmo se a jornada de trabalho normal for\ninferior a oito horas, deverá ser observado o limite máximo de duas horas\nprorrogadas por dia, para não expor o empregado a longas prorrogações de jornada,\nem prejuízo à sua saúde e segurança no trabalho.<o:p></o:p></span></p>\n\n<p><span lang=\"PT-BR\">Quando\no regime implantado for o Banco de Horas, o período deum ano<span class=\"apple-converted-space\">&nbsp;</span>para\ncompensação será determinado pela<span class=\"apple-converted-space\">&nbsp;</span>validade<span class=\"apple-converted-space\">&nbsp;</span>do acordo coletivo ou convenção\ncoletiva que houver instituído a medida.<o:p></o:p></span></p>\n\n<p><span lang=\"PT-BR\">No caso de<span class=\"apple-converted-space\">&nbsp;</span>rescisão do contrato de trabalho<span class=\"apple-converted-space\">&nbsp;</span>no\ncurso do Banco de Horas, antes de terminado o período de compensação, o\nempregado deve<span class=\"apple-converted-space\">&nbsp;</span>receber<span class=\"apple-converted-space\">&nbsp;</span>as horas prorrogadas e não compensadas\ncomo extraordinárias (art.<span class=\"apple-converted-space\">&nbsp;</span></span><span><a href=\"http://www.jusbrasil.com.br/topicos/10759850/artigo-59-do-decreto-lei-n-5452-de-01-de-maio-de-1943\" title=\"Artigo 59 do Decreto Lei nº 5.452 de 01 de Maio de 1943\" style=\"font-weight:inherit;line-height:inherit\"><span lang=\"PT-BR\">59</span></a></span><span lang=\"PT-BR\">,<span class=\"apple-converted-space\">&nbsp;</span></span><span><a href=\"http://www.jusbrasil.com.br/topicos/10759704/par%C3%A1grafo-3-artigo-59-do-decreto-lei-n-5452-de-01-de-maio-de-1943\" title=\"Parágrafo 3 Artigo 59 do Decreto Lei nº 5.452 de 01 de Maio de 1943\" style=\"font-weight:inherit;line-height:inherit\"><span lang=\"PT-BR\">§ 3º</span></a></span><span lang=\"PT-BR\">,<span class=\"apple-converted-space\">&nbsp;</span></span><span><a href=\"http://www.jusbrasil.com.br/legislacao/111983249/consolida%C3%A7%C3%A3o-das-leis-do-trabalho-decreto-lei-5452-43\" title=\"DECRETO-LEI N.º 5.452, DE 1º DE MAIO DE 1943\" style=\"font-weight:inherit;\nline-height:inherit\"><span lang=\"PT-BR\">CLT</span></a></span><span lang=\"PT-BR\">). O pagamento das\nhoras excedentes deve ocorrer não só na dispensa sem justa causa, mas também,\npor exemplo, na despedida indireta, na dispensa com justa causa, na culpa\nrecíproca e no pedido de demissão; já que não há distinção quanto ao modo de\nencerramento do contrato de trabalho no dispositivo em referência.<o:p></o:p></span></p>\n\n<p><span lang=\"PT-BR\">Por\noutro lado, no caso do<span class=\"apple-converted-space\">&nbsp;</span>empregado ainda não ter cumpridotodas\nas horas que deveria pela compensação quando do encerramento do contrato, ainda\nque a rescisão seja por justa causa, ou pedido de demissão, o empregador<span class=\"apple-converted-space\">&nbsp;</span>não poderádescontar o saldo negativo do mesmo. A justificativa é\nque como o Banco de Horas é feito no interesse do empregador, eventual saldo\nnegativo fará parte do<span class=\"apple-converted-space\">&nbsp;</span>risco da atividade econômica.<o:p></o:p></span></p>\n\n<p><span lang=\"PT-BR\">Há quem defenda que, na hipótese\nmencionada acima, o referido crédito de horas a favor do empregador poderia ser<span class=\"apple-converted-space\">&nbsp;</span>compensadocom outro crédito do empregado na rescisão, pois do\ncontrário haveria enriquecimento sem causa do empregado, devendo-se observar o\nlimite de um mês de remuneração, na forma do artigo</span><span><a href=\"http://www.jusbrasil.com.br/topicos/10710324/artigo-477-do-decreto-lei-n-5452-de-01-de-maio-de-1943\" title=\"Artigo 477 do Decreto Lei nº 5.452 de 01 de Maio de 1943\" style=\"font-weight:inherit;line-height:inherit\"><span lang=\"PT-BR\">477</span></a></span><span lang=\"PT-BR\">,<span class=\"apple-converted-space\">&nbsp;</span></span><span><a href=\"http://www.jusbrasil.com.br/topicos/10710137/par%C3%A1grafo-5-artigo-477-do-decreto-lei-n-5452-de-01-de-maio-de-1943\" title=\"Parágrafo 5 Artigo 477 do Decreto Lei nº 5.452 de 01 de Maio de 1943\" style=\"font-weight:inherit;line-height:inherit\"><span lang=\"PT-BR\">§ 5º</span></a></span><span lang=\"PT-BR\">, da<span class=\"apple-converted-space\">&nbsp;</span></span><span><a href=\"http://www.jusbrasil.com.br/legislacao/111983249/consolida%C3%A7%C3%A3o-das-leis-do-trabalho-decreto-lei-5452-43\" title=\"DECRETO-LEI N.º 5.452, DE 1º DE MAIO DE 1943\" style=\"font-weight:inherit;\nline-height:inherit\"><span lang=\"PT-BR\">Consolidação\ndas Leis do Trabalho</span></a></span><span lang=\"PT-BR\">.<o:p></o:p></span></p>\n\n<p><span lang=\"PT-BR\">No que tange ao<span class=\"apple-converted-space\">&nbsp;</span>descumprimento<span class=\"apple-converted-space\">&nbsp;</span>das\nformalidades legais para aplicação da medida, considerando a compensação em\nperíodosemanal, a<span class=\"apple-converted-space\">&nbsp;</span></span><span><a href=\"http://www3.tst.jus.br/jurisprudencia/Sumulas_com_indice/Sumulas_Ind_51_100.html#SUM-85\" target=\"_blank\" style=\"font-weight:inherit;line-height:inherit\"><span lang=\"PT-BR\">Súmula 85</span></a></span><span class=\"apple-converted-space\"><span lang=\"PT-BR\">&nbsp;</span></span><span lang=\"PT-BR\">do Tribunal Superior do Trabalho determina que o empregador pagará ao\nempregado somente o adicional de horas extras para as horas que ultrapassarem\noito horas diárias:<o:p></o:p></span></p>\n\n<p><i><span lang=\"PT-BR\">Súmula nº 85, do\nTribunal Superior do Trabalho.<o:p></o:p></span></i></p>\n\n<p><i><span lang=\"PT-BR\">COMPENSAÇÃO DE JORNADA (inserido o item V) - Res.<span class=\"apple-converted-space\">&nbsp;</span></span><span><a href=\"http://www.jusbrasil.com.br/legislacao/1029532/resolucao-174-2011\" title=\"Resolução nº. 174, de 2011\" style=\"font-weight:inherit;line-height:inherit\"><span lang=\"PT-BR\">174</span></a></span></i><i><span lang=\"PT-BR\">/2011, DEJT divulgado\nem 27, 30 e 31.05.2011.<o:p></o:p></span></i></p>\n\n<p><i><span lang=\"PT-BR\">[...].<o:p></o:p></span></i></p>\n\n<p><i><span lang=\"PT-BR\">III – O mero não\natendimento das exigências legais para a compensação de jornada, inclusive\nquando encetada mediante acordo tácito, não implica a repetição do pagamento\ndas horas excedentes à jornada normal diária, se não dilatada a jornada máxima\nsemanal, sendo devido apenas o respectivo adicional.<o:p></o:p></span></i></p>\n\n<p><i><span lang=\"PT-BR\">[...].<o:p></o:p></span></i></p>\n\n<p><span lang=\"PT-BR\">Isso\nocorre porque, na verdade, o empregado não está fazendo hora extra, pois está\ntrabalhando apenas durante a jornada constitucional de quarenta e quatro horas\nsemanais. Assim, ele receberá o adicional pelas horas prorrogadas e compensadas\napenas em função da irregularidade do regime de compensação.<o:p></o:p></span></p>\n\n<p><span lang=\"PT-BR\">Se o empregado tiver regime de\ncompensação<span class=\"apple-converted-space\">&nbsp;</span>semanal<span class=\"apple-converted-space\">&nbsp;</span>ou<span class=\"apple-converted-space\">&nbsp;</span>mensalestabelecido regularmente por\nacordo escrito, mas<span class=\"apple-converted-space\">&nbsp;</span>habitualmentepreste<span class=\"apple-converted-space\">&nbsp;</span>horas extras<span class=\"apple-converted-space\">&nbsp;</span>(além\ndas compensadas), restará descaracterizado o regime de compensação, conforme\ndisposição do item IV da<span class=\"apple-converted-space\">&nbsp;</span></span><span><a href=\"http://www3.tst.jus.br/jurisprudencia/Sumulas_com_indice/Sumulas_Ind_51_100.html#SUM-85\" target=\"_blank\" style=\"font-weight:inherit;line-height:inherit\"><span lang=\"PT-BR\">Súmula 85</span></a></span><span class=\"apple-converted-space\"><span lang=\"PT-BR\">&nbsp;</span></span><span lang=\"PT-BR\">do Tribunal Superior do Trabalho:<o:p></o:p></span></p>\n\n<p><i><span lang=\"PT-BR\">Súmula nº 85, do\nTribunal Superior do Trabalho.<o:p></o:p></span></i></p>\n\n<p><i><span lang=\"PT-BR\">COMPENSAÇÃO DE JORNADA (inserido o item V) - Res.<span class=\"apple-converted-space\">&nbsp;</span></span><span><a href=\"http://www.jusbrasil.com.br/legislacao/1029532/resolucao-174-2011\" title=\"Resolução nº. 174, de 2011\" style=\"font-weight:inherit;line-height:inherit\"><span lang=\"PT-BR\">174</span></a></span></i><i><span lang=\"PT-BR\">/2011, DEJT divulgado\nem 27, 30 e 31.05.2011.<o:p></o:p></span></i></p>\n\n<p><i><span lang=\"PT-BR\">[...].<o:p></o:p></span></i></p>\n\n<p><i><span lang=\"PT-BR\">IV – A prestação de\nhoras extras habituais descaracteriza o acordo de compensação de jornada. Nesta\nhipótese, as horas que ultrapassarem a jornada semanal normal deverão ser pagas\ncomo horas extraordinárias e, quanto àquelas destinadas à compensação, deverá\nser pago a mais apenas o adicional por trabalho extraordinário.<o:p></o:p></span></i></p>\n\n<p><i><span lang=\"PT-BR\">[...].<o:p></o:p></span></i></p>\n\n<p><span lang=\"PT-BR\">A<span class=\"apple-converted-space\">&nbsp;</span>descaracterização<span class=\"apple-converted-space\">&nbsp;</span>se\nbaseia na<span class=\"apple-converted-space\">&nbsp;</span>incompatibilidade<span class=\"apple-converted-space\">&nbsp;</span>entre\no regime de compensação e a realização de horas extraordinárias. Assim, havendo\nprestação de horas extras habituais, o empregador terá que pagar ao empregado o\nadicional de horas extras (apenas o adicional) pelas horas prorrogadas e\ncompensadas, e pagará hora extra integral pelas horas que ultrapassem o limite\nde quarenta e quatro horas semanais.<o:p></o:p></span></p>\n\n<p><span lang=\"PT-BR\">O Tribunal Superior do Trabalho\nfirmou entendimento, por meio da<span class=\"apple-converted-space\">&nbsp;</span></span><span><a href=\"http://www3.tst.jus.br/jurisprudencia/Sumulas_com_indice/Sumulas_Ind_401_450.html#SUM-444\" target=\"_blank\" style=\"font-weight:inherit;line-height:inherit\"><span lang=\"PT-BR\">Súmula 444</span></a></span><span lang=\"PT-BR\">, no sentido de que é<span class=\"apple-converted-space\">&nbsp;</span>válido<span class=\"apple-converted-space\">&nbsp;</span>o regime de\ncompensação de jornada em turnos de<span class=\"apple-converted-space\">&nbsp;</span>12 por 36 horas, desde que autorizado\npor acordo coletivo ou convenção coletiva de trabalho, afastando a discussão\nacerca da licitude da medida em função da prorrogação acima de duas horas por\ndia na jornada normal. A súmula ainda dispõe que fica<span class=\"apple-converted-space\">&nbsp;</span><i>“assegurada a remuneração em dobro\ndos feriados trabalhados”</i><span class=\"apple-converted-space\">&nbsp;</span>e\nque o “<i>empregado não tem direito ao pagamento de adicional referente ao\nlabor prestado na décima primeira e décima segunda horas”.</i><o:p></o:p></span></p>\n\n<p><span lang=\"PT-BR\">Nesse regime, se\nconsidera que as horas de descanso compensam o descanso semanal, portanto, não\nhá pagamento como extra das horas trabalhadas em dias de folga.<o:p></o:p></span></p>\n\n<p><span lang=\"PT-BR\">Por fim, é importante lembrar\nque, para<span class=\"apple-converted-space\">&nbsp;</span>atividades insalubres,quaisquer prorrogações de jornada (inclusive\ncompensação de horários) só poderão ser acordadas mediante licença prévia das\nautoridades competentes em matéria de segurança e medicina do trabalho, na\nforma do artigo<span class=\"apple-converted-space\">&nbsp;</span></span><span><a href=\"http://www.jusbrasil.com.br/topicos/10759609/artigo-60-do-decreto-lei-n-5452-de-01-de-maio-de-1943\" title=\"Artigo 60 do Decreto Lei nº 5.452 de 01 de Maio de 1943\" style=\"font-weight:inherit;line-height:inherit\"><span lang=\"PT-BR\">60</span></a></span><span lang=\"PT-BR\">, da<span class=\"apple-converted-space\">&nbsp;</span></span><span><a href=\"http://www.jusbrasil.com.br/legislacao/111983249/consolida%C3%A7%C3%A3o-das-leis-do-trabalho-decreto-lei-5452-43\" title=\"DECRETO-LEI N.º 5.452, DE 1º DE MAIO DE 1943\" style=\"font-weight:inherit;\nline-height:inherit\"><span lang=\"PT-BR\">Consolidação\ndas Leis do Trabalho</span></a></span><span lang=\"PT-BR\">, não sendo suficiente, neste caso, somente a previsão\nem acordo coletivo ou convenção coletiva de trabalho.<o:p></o:p></span></p>\n\n<p><b><span>&nbsp;</span></b></p>\n\n<p><b><span>FONTES:</span></b><span><o:p></o:p></span></p>\n\n<p class=\"MsoNormal\"><a href=\"http://www.jusbrasil.com.br/legislacao/112175738/constitui%C3%A7%C3%A3o-federal-constitui%C3%A7%C3%A3o-da-republica-federativa-do-brasil-1988\" title=\"CONSTITUIÇÃO DA REPÚBLICA FEDERATIVA DO BRASIL DE 1988\"><span lang=\"PT-BR\">Constituição Federal</span></a><span lang=\"PT-BR\">, 1988.</span><span lang=\"PT-BR\"><o:p></o:p></span></p>\n\n<p class=\"MsoNormal\"><a href=\"http://www.jusbrasil.com.br/legislacao/111983249/consolida%C3%A7%C3%A3o-das-leis-do-trabalho-decreto-lei-5452-43\" title=\"DECRETO-LEI N.º 5.452, DE 1º DE MAIO DE 1943\"><span lang=\"PT-BR\">Consolidação das Leis do Trabalho</span></a><span lang=\"PT-BR\">, 1943.</span><span lang=\"PT-BR\"><o:p></o:p></span></p>\n\n<p><span><a href=\"http://www.planalto.gov.br/ccivil_03/leis/l9601.htm\" target=\"_blank\" style=\"font-weight:inherit;line-height:inherit\"><span lang=\"PT-BR\">Lei nº<span class=\"apple-converted-space\">&nbsp;</span></span></a><a href=\"http://www.jusbrasil.com.br/legislacao/103514/lei-9601-98\" title=\"Lei nº 9.601, de 21 de janeiro de 1998\" style=\"font-weight:inherit;\nline-height:inherit\"><span lang=\"PT-BR\">9.601</span></a></span><span lang=\"PT-BR\">, de 21 de janeiro de\n1998.<o:p></o:p></span></p>\n\n<p><span><a href=\"http://www3.tst.jus.br/jurisprudencia/Sumulas_com_indice/Sumulas_Ind_401_450.html#SUM-444\" target=\"_blank\" style=\"font-weight:inherit;line-height:inherit\"><span lang=\"PT-BR\">Súmula 444, Tribunal Superior do\nTrabalho</span></a></span><span lang=\"PT-BR\">.<o:p></o:p></span></p>\n\n<p><span><a href=\"http://www3.tst.jus.br/jurisprudencia/Sumulas_com_indice/Sumulas_Ind_51_100.html#SUM-85\" target=\"_blank\" style=\"font-weight:inherit;line-height:inherit\"><span lang=\"PT-BR\">Súmula 85, Tribunal Superior do\nTrabalho</span></a></span><span lang=\"PT-BR\">.<o:p></o:p></span></p>\n\n<p><span lang=\"PT-BR\">DELGADO, Maurício\nGodinho. Curso de Direito do Trabalho. 12ª ed. São Paulo: LTr, 2013.</span><span lang=\"PT-BR\"> <o:p></o:p></span></p><p><span lang=\"PT-BR\">Site: http://marcelafaraco.jusbrasil.com.br/artigos/154378191/a-flexibilizacao-da-jornada-de-trabalho-compensacao-de-jornada-e-banco-de-horas</span></p></h5>',''),(6,'HORÁRIO FLEXÍVEL','<h5 style=\"text-align: justify; font-family: Gotham, \'Helvetica Neue\', Helvetica, Arial, sans-serif; color: rgb(51, 51, 51);\"><span>O horário flexível consiste na possibilidade de gerar a mobilidade de horário de entrada e de saída para empregados que possuam controle de jornada de trabalho, ou seja, um empregado que chegar até uma hora antes da sua escala de trabalho e administrar a quantidade equivalente de tempo durante o dia poderá flexibilizar sua jornada de trabalho adequando seu horário seja por um interesse da empresa ou do próprio empregado em determinado dia da semana sem que haja efetivamente a necessidade de alteração de escala de trabalho.</span></h5>',''),(7,'COMPENSAÇÃO DE JORNADA - \"BANCO DE HORAS\"','<h5><p class=\"MsoNormal\"><span>O Banco de Horas\né um acordo de compensação em que as horas excedentes trabalhadas em um dia são\ncompensadas com a correspondente diminuição da jornada em outro dia. Sua\nvalidade está prevista na Consolidação das Leis do Trabalho (CLT), no parágrafo\n2º do artigo 59. &nbsp;</span></p>\n\n<p class=\"MsoNormal\"><span lang=\"PT-BR\">A CLT prevê que\na validade do Banco de Horas está condicionada a sua instituição mediante\nAcordo ou Convenção Coletiva de Trabalho, vale dizer, mediante a participação\ndo Sindicato da categoria. A adoção ou não do Banco de Horas é uma decisão do\nempregador e faz parte do seu poder diretivo. Uma vez instituído, o trabalhador\ndeve aceitar e, havendo qualquer irregularidade, poderá o empregado se\ninsurgir, futuramente, ingressando com uma ação judicial.<o:p></o:p></span></p>\n\n<p class=\"MsoNormal\"><span lang=\"PT-BR\">A vantagem para\no trabalhador é saber que haverá possibilidade de compensar as horas extras\ntrabalhadas. Para o empregador, a vantagem é não ter de efetuar o pagamento das\nhoras extras nem seus reflexos nas demais verbas trabalhistas. As horas\ntrabalhadas além da jornada podem ser compensadas com entrada mais tarde ao\nserviço ou saída mais cedo; também com folgas a mais durante a semana. O\nempregado deverá estabelecer as datas de descanso com o empregador, para que\nnão coincidam as compensações de vários empregados ao mesmo tempo, de modo a\nevitar prejuízos ao andamento das atividades empresariais.<o:p></o:p></span></p>\n\n<p class=\"MsoNormal\"><span lang=\"PT-BR\">Vale lembrar que\na CLT estabelece que, para efeitos do Banco de Horas, o limite da jornada é de\n10 horas diárias, ou seja, 2 horas extras por dia e o acordo de compensação tem\nvalidade por 1 ano. Caso haja frequente inobservância desse limite de 10 horas\ndiárias, bem como a inobservância do período de 1 ano para liquidação das horas\ne renovação do acordo de compensação, o Banco de Horas torna-se inválido e\ntodas as horas excedentes trabalhadas devem ser pagas com o respectivo\nadicional de horas extras. Havendo irregularidade no Banco de Horas, será\ndevido ao empregado apenas o adicional sobre as horas extras já compensadas. <o:p></o:p></span></p>\n\n<span lang=\"PT-BR\"><div style=\"text-align: justify;\"><span>As horas extras trabalhadas, habitualmente,\ndevem refletir nas demais verbas trabalhistas, tais como férias mais 1/3, 13º\nsalários, depósitos do FGTS e aviso prévio.</span></div></span></h5><div style=\"text-align: justify;\"><span lang=\"PT-BR\"><br></span></div><div style=\"text-align: justify;\"><span lang=\"PT-BR\">Fonte.:&nbsp;</span></div><div style=\"text-align: justify;\"><span lang=\"PT-BR\"><br></span></div><div style=\"text-align: justify;\"><span lang=\"PT-BR\"><br></span></div><div style=\"text-align: justify;\"><span lang=\"PT-BR\"><br></span></div>',''),(8,'Trabalho em Casa - \"Home Office\"','<p>ASDFHSDFHSDFGJHSFGS</p>','');
/*!40000 ALTER TABLE `assunto` ENABLE KEYS */;
UNLOCK TABLES;

--
-- Table structure for table `historico_ocorrencia`
--

DROP TABLE IF EXISTS `historico_ocorrencia`;
/*!40101 SET @saved_cs_client     = @@character_set_client */;
/*!40101 SET character_set_client = utf8 */;
CREATE TABLE `historico_ocorrencia` (
  `id_historico_ocorrencia` int(11) NOT NULL AUTO_INCREMENT,
  `dsc_field` varchar(45) DEFAULT NULL,
  `dsc_field_before` varchar(1000) DEFAULT NULL,
  `dsc_field_after` varchar(1000) DEFAULT NULL,
  PRIMARY KEY (`id_historico_ocorrencia`)
) ENGINE=InnoDB DEFAULT CHARSET=latin1;
/*!40101 SET character_set_client = @saved_cs_client */;

--
-- Dumping data for table `historico_ocorrencia`
--

LOCK TABLES `historico_ocorrencia` WRITE;
/*!40000 ALTER TABLE `historico_ocorrencia` DISABLE KEYS */;
/*!40000 ALTER TABLE `historico_ocorrencia` ENABLE KEYS */;
UNLOCK TABLES;

--
-- Table structure for table `menu`
--

DROP TABLE IF EXISTS `menu`;
/*!40101 SET @saved_cs_client     = @@character_set_client */;
/*!40101 SET character_set_client = utf8 */;
CREATE TABLE `menu` (
  `id_menu` int(11) NOT NULL AUTO_INCREMENT,
  `dsc_name` varchar(100) DEFAULT NULL,
  PRIMARY KEY (`id_menu`)
) ENGINE=InnoDB AUTO_INCREMENT=9 DEFAULT CHARSET=latin1;
/*!40101 SET character_set_client = @saved_cs_client */;

--
-- Dumping data for table `menu`
--

LOCK TABLES `menu` WRITE;
/*!40000 ALTER TABLE `menu` DISABLE KEYS */;
INSERT INTO `menu` VALUES (2,'Usuários'),(3,'Acordos'),(4,'Planta'),(5,'Período'),(6,'Interpretações'),(7,'Assuntos'),(8,'Análise');
/*!40000 ALTER TABLE `menu` ENABLE KEYS */;
UNLOCK TABLES;

--
-- Table structure for table `oc_ac_as`
--

DROP TABLE IF EXISTS `oc_ac_as`;
/*!40101 SET @saved_cs_client     = @@character_set_client */;
/*!40101 SET character_set_client = utf8 */;
CREATE TABLE `oc_ac_as` (
  `id_oc_ac_as` int(11) NOT NULL AUTO_INCREMENT,
  `id_ocorrencia` int(11) NOT NULL,
  `id_tratado` int(11) NOT NULL,
  `dsc_file` varchar(100) DEFAULT NULL,
  `dsc_interpretacao` text,
  PRIMARY KEY (`id_oc_ac_as`,`id_ocorrencia`,`id_tratado`),
  KEY `fk_oc_ac_as_ocorrencia1_idx` (`id_ocorrencia`),
  KEY `fk_oc_ac_as_tratado1_idx` (`id_tratado`),
  CONSTRAINT `fk_oc_ac_as_ocorrencia1` FOREIGN KEY (`id_ocorrencia`) REFERENCES `ocorrencia` (`id_ocorrencia`) ON DELETE NO ACTION ON UPDATE NO ACTION,
  CONSTRAINT `fk_oc_ac_as_tratado1` FOREIGN KEY (`id_tratado`) REFERENCES `tratado` (`id_tratado`) ON DELETE NO ACTION ON UPDATE NO ACTION
) ENGINE=InnoDB AUTO_INCREMENT=6687 DEFAULT CHARSET=latin1;
/*!40101 SET character_set_client = @saved_cs_client */;

--
-- Dumping data for table `oc_ac_as`
--

LOCK TABLES `oc_ac_as` WRITE;
/*!40000 ALTER TABLE `oc_ac_as` DISABLE KEYS */;
INSERT INTO `oc_ac_as` VALUES (69,1,1,'','NÃO APLICÁVEL - Durante o período da suspensão contratual, NÃO serão computados os avos relativos para efeitos de pagamento do décimo terceiro salário para os empregados que aderirem a suspensão contratual.'),(70,1,2,'','NÃO APLICÁVEL - Durante o período da suspensão contratual, NÃO serão computados os avos relativos para efeitos de pagamento das férias assim como do acréscimo de terço constitucional para os empregados que aderirem a suspensão contratual.'),(71,1,3,'','A PLR/PPR em virtude do acordo celebrado em Sorocaba todos os empregados serão elegíveis ao pagamento durante a suspensão contratual não sendo deduzido nenhum avo da referência do pagamento total, seguindo todas as demais regras de acordo específico para este fim.'),(72,1,4,'','De: 01/02/2016 até 31/01/2017'),(73,1,5,'','Multa de 01(um) salário nominal, vigênte a época do evento, para cada descumprimento de obrigações previstas no acordo de Layoff.'),(74,1,6,'','100% do salário líquido do empregado, sendo salário líquido composto pela dedução dos impostos e descontos legais (INSS, IRRF e etc).'),(75,1,7,'','Serão mantidos durante a suspensão contratual os benefícios voluntariamente concedidos pela empresa, considerando que os empregados participarão com as contribuições que já faziam costumeiramente.'),(76,1,8,'','O deslocamento dos empregados para o local da realização do treinamento será custeado pela epresa de acordo com o fornecimento de vale transporte, conforme definição legal.'),(77,1,9,'','Será garantido no mínimo 60 (sessenta) horas de treinamento para cada mês de suspensão contratual, haverá a inclusão de empregados como instrutores durante a vigência da suspensão contratual assim como os temas a serem elencados serão de livre escolha da empresa desde que auxiliado por entidade educacional devidamente regulamentada para este fim.'),(78,1,10,'','Tais valores são devidos pelo FAT (Fundo de Amparo ao Trabalhador) e fica a cargo do empregado requerer tais pagamentos subsidiando-se em documentações fornecidas pela empresa, é de inteira responsabilidade do empregado eventual regularização de valores devidos ao FAT por conta de históricos de saque anteriores ao atual contrato de trabalho. '),(79,1,11,'','Será pago ao empregado que for desligado durante a vigência da suspensão contratual ou até 03 (três) meses subsequentes ao retorno ao trabalho a seguinte multa:\n03 (três) - Salários; Caso ocorra a demissão do empregado durante a vigência da suspensão ou no primeiro mês após o retorno;\n02 (dois) - Salários; Caso ocorra a demissão do empregado no segundo mês após o retorno;\n01 (um) - Salário; Caso ocorra a demissão do empregado no terceiro mês após o retorno.'),(2481,7,4,'','São estabelecidos no acordo dois períodos de vigência conforme abaixo:\n1º - De: 01/02/2016 a 31/01/2017;\n2º - De: 01/02/2017 a 31/01/2018.\nEstas referencias servem para a realização dos débitos das horas para o primeiro período e para a compensação das horas entre o primeiro e segundo período de vigência.'),(2482,7,12,'','A partir de 01/02/2016 a quantidade de dias de redução de jornada para a manufatura é de 45 (quarenta e cinco) dias.\nO total de dias serão transformados em horas devedoras que poderá chegar a 396 (Trezentas e noventa e seus horas) negativas para o empregado que possui controle de jornada.'),(2483,7,13,'','Independente da categoria (Horista ou Mensalista) do empregado a empresa deverá realizar um comunicado com antecedência mínima de 03 (três) dias consecutivos à data do efetivo descanso, que preferencialmente comtemplará os dias da semana (Segunda - Feira, Sexta - Feira ou vésperas de feriados).'),(2484,7,14,'','Este acordo abrange todos os empregados que possuam controle de jornada de trabalho na planta de Sorocaba, sendo estes Horistas ou Mensalistas da área de manufatura, os demais empregados da planta seguem acordo especifico de Flexibilização de Jornada de Trabalho.'),(2485,7,15,'','Toda compensação de horas, independente da categoria do empregado, é realizada na equivalência de hora por hora;\nQuando a Crédito (positivo):\nPoderá haver programações de jornada de trabalho diária ou aos sábados, respeitando obrigatóriamente o limite legal de jornada diária assim como a alternância de sabados;\nQuando a Débito (Negativo):\nPara que possa ocorrer o débito de horas neste acordo, a empresa deve comunicar a todos os empregados com pelo menos 03(três) dias de antecedência informando quais serão os dias que haverá a redução de jornada, uma vez comunicado e usufruido os dias de parada todas as horas relativas ao período serão debitas (negativo) no saldo de compensação de cada empregado.'),(2486,7,16,'','Para os empregados que forem desligados sem justa causa, e estiver com saldo negativo de horas, estas não serão descontadas das verbas rescisórias, caso haja saldo de horas positivas, estas serão pagas acrescidas do percentual extraordinário previsto na CCT vigênte.\nAo empregado que pedir demissão ou for desligado por justa causa, haverá o desconto das horas negativas caso as possua e caso o saldo de horas seja positivo as receberá acrescidas do percentual de acréscimo previsto na CCT.\nNota: Para qualquer pagamento do saldo credor ao empregado que se desligar, independente do motivo, haverá a dedução deste saldo da quantidade de horas creditadas em virtude do 31º dia de cada mês que fora até a data do desligamento lançados a crédito para o empregado e componham seu saldo credor, estas por sua vez serão pagas com base no valor da hora sem qualquer acréscimo extraordinário.'),(2487,7,17,'','Condição válida somente a empregados da Categoria - Horista:\nPara os empregados desta categoria, durante o período do referido acordo os meses que contarem com o 31º dia, as horas deste último dia serão lançadas automaticamente a crédito (positivo) para a composição do saldo total, não sendo desta forma remunerados como salário.'),(2488,7,18,'','Para as semanas em que houverem feriados aos sábados, a compensação semanal de horas do sábado, 0:48 minutos diários de segunda a sexta-feira, serão lançadas a crédito (postiivo) para a composição do saldo de compensação do referido acordo.'),(2489,3,1,'','NÃO APLICÁVEL - Durante o período da suspensão contratual, NÃO serão computados os avos relativos para efeitos de pagamento do décimo terceiro salário para os empregados que aderirem a suspensão contratual.'),(2490,3,2,'','NÃO APLICÁVEL - Durante o período da suspensão contratual, NÃO serão computados os avos relativos para efeitos de pagamento das férias assim como do acréscimo de terço constitucional para os empregados que aderirem a suspensão contratual.'),(2491,3,3,'','NÃO APLICÁVEL - Durante o período da suspensão contratual, NÃO serão computados os avos relativos para efeitos de pagamento do PPR (Programa de Participação nos Resultados) para os empregados que aderirem a suspensão contratual.'),(2492,3,4,'','De: 01/10/2015 até 31/03/2016'),(2493,3,5,'','Multa de 02(dois) pisos salariais da categoria, vigênte a época do evento, por infração e por empregado prejudicado, revertendo em favor da parte prejudicada.'),(2494,3,6,'','100% do salário líquido do empregado, sendo salário líquido composto pela dedução dos impostos e descontos legais (INSS, IRRF e etc)'),(2495,3,7,'','Serão mantidos durante a suspensão contratual os benefícios voluntariamente concedidos pela empresa, considerando que os empregados participarão com as contribuições que já faziam costumeiramente.'),(2496,3,8,'','O deslocamento dos empregados para o local da realização do treinamento será custeado pela epresa de acordo com o fornecimento de vale transporte, conforme definição legal.'),(2497,3,9,'','Será garantido no mínimo 60 (sessenta) horas de treinamento para cada mês de suspensão contratual, haverá a inclusão de empregados como instrutores durante a vigência da suspensão contratual assim como os temas a serem elencados serão de livre escolha da empresa desde que auxiliado por entidade educacional devidamente regulamentada para este fim.'),(2498,3,10,'','Tais valores são devidos pelo FAT (Fundo de Amparo ao Trabalhador) e fica a cargo do empregado requerer tais pagamentos subsidiando-se em documentações fornecidas pela empresa, é de inteira responsabilidade do empregado eventual regularização de valores devidos ao FAT por conta de históricos de saque anteriores ao atual contrato de trabalho. '),(2499,3,11,'','Será pago ao empregado que for desligado durante a vigência da suspensão contratual ou até 03 (três) meses subsequentes ao retorno ao trabalho a seguinte multa:\nMinímo 100% do último salário nominal do empregado;\nSalário residual inerente aos dias que faltarem para completar os 90 dias após o encerramento do período de suspensão contratual. (Ex. Desligado no 10º dia após o encerramento pagar-se-á multa de 80 dias de salário juntamente com as verbas rescisórias e sem prejuizo destas).'),(3348,2,1,'','NÃO APLICÁVEL - Durante o período da suspensão contratual, NÃO serão computados os avos relativos para efeitos de pagamento do décimo terceiro salário para os empregados que aderirem a suspensão contratual.'),(3349,2,2,'','NÃO APLICÁVEL - Durante o período da suspensão contratual, NÃO serão computados os avos relativos para efeitos de pagamento das férias assim como do acréscimo de terço constitucional para os empregados que aderirem a suspensão contratual.'),(3350,2,3,'','A PLR/PPR em virtude do acordo celebrado em Sorocaba todos os empregados serão elegíveis ao pagamento durante a suspensão contratual não sendo deduzido nenhum avo da referência do pagamento total, seguindo todas as demais regras de acordo específico para este fim.'),(3351,2,4,'','De: 14/09/2015 até 13/09/2016'),(3352,2,5,'','Multa de 01(um) piso de salário normativo, vigênte a época do evento, para cada descumprimento de obrigações previstas no acordo de Layoff multiplicado pela quantidade de empregados prejudicados.'),(3353,2,6,'','80% do salário líquido do empregado, sendo salário líquido composto pela dedução dos impostos e descontos legais (INSS, IRRF e etc).'),(3354,2,7,'','Serão mantidos durante a suspensão contratual os benefícios voluntariamente concedidos pela empresa, considerando que os empregados participarão com as contribuições que já faziam costumeiramente.'),(3355,2,8,'','O deslocamento dos empregados para o local da realização do treinamento será custeado pela epresa de acordo com o fornecimento de vale transporte, conforme definição legal.'),(3356,2,9,'','Será garantido no mínimo 60 (sessenta) horas de treinamento para cada mês de suspensão contratual, haverá a inclusão de empregados como instrutores durante a vigência da suspensão contratual assim como os temas a serem elencados serão de livre escolha da empresa desde que auxiliado por entidade educacional devidamente regulamentada para este fim.'),(3357,2,10,'','Tais valores são devidos pelo FAT (Fundo de Amparo ao Trabalhador) e fica a cargo do empregado requerer tais pagamentos subsidiando-se em documentações fornecidas pela empresa, é de inteira responsabilidade do empregado eventual regularização de valores devidos ao FAT por conta de históricos de saque anteriores ao atual contrato de trabalho. '),(3358,2,11,'','Será pago ao empregado que for desligado até 03 (três) meses subsequentes ao retorno ao trabalho a seguinte multa:\n01 (um) - Salário Nominal.'),(3370,4,1,'','NÃO APLICÁVEL - Durante o período da suspensão contratual, NÃO serão computados os avos relativos para efeitos de pagamento do décimo terceiro salário para os empregados que aderirem a suspensão contratual.'),(3371,4,2,'','NÃO APLICÁVEL - Durante o período da suspensão contratual, NÃO serão computados os avos relativos para efeitos de pagamento das férias assim como do acréscimo de terço constitucional para os empregados que aderirem a suspensão contratual.'),(3372,4,3,'','NÃO APLICÁVEL - Durante o período da suspensão contratual, NÃO serão computados os avos relativos para efeitos de pagamento do PPR (Programa de Participação nos Resultados) para os empregados que aderirem a suspensão contratual.'),(3373,4,4,'','De: 01/02/2016 até 31/01/2017'),(3374,4,5,'','Multa de 1% (um por cento) do piso salárial mínimo da categoria, vigênte a época do evento, por infração e por empregado prejudicado, revertendo em favor da parte prejudicada.'),(3375,4,6,'','100% do salário líquido do empregado, sendo salário líquido composto pela dedução dos impostos e descontos legais (INSS, IRRF e etc), sendo o pagamento proporcional caso o inicio e/ou término do curso for durante o mês.'),(3376,4,7,'','Serão mantidos durante a suspensão contratual os benefícios voluntariamente concedidos pela empresa, considerando que os empregados participarão com as contribuições que já faziam costumeiramente.'),(3377,4,8,'','O deslocamento dos empregados para o local da realização do treinamento será custeado pela epresa de acordo com o fornecimento de vale transporte, conforme definição legal.'),(3378,4,9,'','Será garantido no mínimo 60 (sessenta) horas de treinamento para cada mês de suspensão contratual, haverá a inclusão de empregados como instrutores durante a vigência da suspensão contratual assim como os temas a serem elencados serão de livre escolha da empresa desde que auxiliado por entidade educacional devidamente regulamentada para este fim.'),(3379,4,10,'','Tais valores são devidos pelo FAT (Fundo de Amparo ao Trabalhador) e fica a cargo do empregado requerer tais pagamentos subsidiando-se em documentações fornecidas pela empresa, é de inteira responsabilidade do empregado eventual regularização de valores devidos ao FAT por conta de históricos de saque anteriores ao atual contrato de trabalho. '),(3380,4,11,'','Será pago ao empregado que for desligado durante a vigência da suspensão contratual ou até 03 (três) meses subsequentes ao retorno ao trabalho a seguinte multa:\nMinímo 100% do último salário nominal do empregado;\nSalário residual inerente aos dias que faltarem para completar os 90 dias após o encerramento do período de suspensão contratual. (Ex. Desligado no 10º dia após o encerramento pagar-se-á multa de 80 dias de salário juntamente com as verbas rescisórias e sem prejuizo destas).'),(3381,4,13,'','O prazo de notificação quanto a ausência tanto por parte do empregado como por parte da empresa deverá ocorrer com 03 (três) dias consecutivos de antecedência, a forma de comunicação poderá ser via e-mail coletivo e exposição nos quadros de aviso quando por parte da empresa, quando por parte do empregado poderá ser feita pessoalmente entre ele e o gestor imediato.'),(3382,4,14,'','Empregados que possuam controle de Jornada de trabalho em toda a planta, sejam os que estejam em atividade normal e também para os demais empregados admitidos no decorrer do acordo. '),(3383,5,1,'','APLICÁVEL - Durante o período da suspensão contratual, serão computados os avos relativos para efeitos de pagamento do décimo terceiro salário para os empregados que aderirem a suspensão contratual.'),(3384,5,2,'','APLICÁVEL - Durante o período da suspensão contratual, serão computados os avos relativos para efeitos de pagamento das férias assim como do acréscimo de terço constitucional para os empregados que aderirem a suspensão contratual.'),(3385,5,3,'','APLICÁVEL - Durante o período da suspensão contratual, serão computados os avos relativos para efeitos de pagamento do PLR (Participação dos Lucros e Resultados) para os empregados que aderirem a suspensão contratual.'),(3386,5,4,'','De: 01/12/2015 até 30/11/2016.'),(3387,5,5,'','Multa de 1% (um por cento) do piso salárial mínimo da categoria, vigênte a época do evento, por infração e por empregado prejudicado, revertendo em favor da parte prejudicada.'),(3388,5,6,'','100% do salário líquido do empregado, sendo salário líquido composto pela dedução dos impostos e descontos legais (INSS, IRRF e etc).'),(3389,5,7,'','Serão mantidos durante a suspensão contratual os benefícios voluntariamente concedidos pela empresa, considerando que os empregados participarão com as contribuições que já faziam costumeiramente.'),(3390,5,8,'','O deslocamento dos empregados para o local da realização do treinamento será custeado pela epresa de acordo com o fornecimento de vale transporte, conforme definição legal.'),(3391,5,9,'','Será garantido no mínimo 60 (sessenta) horas de treinamento para cada mês de suspensão contratual, haverá a inclusão de empregados como instrutores durante a vigência da suspensão contratual assim como os temas a serem elencados serão de livre escolha da empresa desde que auxiliado por entidade educacional devidamente regulamentada para este fim.'),(3392,5,10,'','Tais valores são devidos pelo FAT (Fundo de Amparo ao Trabalhador) e fica a cargo do empregado requerer tais pagamentos subsidiando-se em documentações fornecidas pela empresa, é de inteira responsabilidade do empregado eventual regularização de valores devidos ao FAT por conta de históricos de saque anteriores ao atual contrato de trabalho. '),(3393,5,11,'','Será pago ao empregado que for desligado durante a vigência da suspensão contratual ou até 03 (três) meses subsequentes ao retorno ao trabalho a seguinte multa:\n100% da ultima remuneração mensal anterior a suspensão do contrato, mais multa indenizatória de 01(um) salário nominal.\nDo quarto ao décimo sexto mês após o retorno do empregado, caso ele seja dispensado sem justa causa, a empresa pagará o valor equivalente às parcelas do Seguro Desemprego que o empregado deixou de ter direito em decorência do recebimento da Bolsa de Qualificação; não aplicável para pedidos de demissão e desligamento por justa causa.\n'),(6625,8,4,'','De: 01/02/2016 até 31/01/2017'),(6626,8,13,'','O prazo de notificação quanto a ausência tanto por parte do empregado como por parte da empresa deverá ocorrer com 03 (três) dias consecutivos de antecedência, a forma de comunicação poderá ser via e-mail coletivo e exposição nos quadros de aviso quando por parte da empresa, quando por parte do empregado poderá ser feita pessoalmente entre ele e o gestor imediato.'),(6627,8,14,'','Empregados que possuam controle de Jornada de trabalho em toda a planta, sejam os que estejam em atividade normal e também para os demais empregados admitidos no decorrer do acordo. '),(6658,10,4,'','De: 01/10/2015 até 30/09/2016'),(6659,10,5,'','O descumprimento de quaisquer das condições estabelecidas na cláusula 5ª da Convenção Coletiva de Trabalho, será obejeto de notificação da empresa pelo sindicato, e caso a irregularidade não seja sanada no prazo de 20 (vinte) dias, as horas trabalhadas irregularmentes em compensação serão consideradas como extras.'),(6660,10,8,'','A empresa se responsabilizará pelo transporte dos empregados em todos os dias de compensação\nConforme: Cláusula 5ª Item II parágrafo 1º alinea e) da CCT - 2015/2016 de Contagem'),(6661,10,13,'','A data prevista para a folga deverá ser comunicada pela empresa empresa aos empregados com antecedência minima de 24 horas.\nConforme: Cláusula 5ª Item II parágrafo 1º alinea a) da CCT - 2015/2016 de Contagem\nPara que a recuperação das horas descansadas seja realizada, deverá a empresa comunicar os empregados com antecedência minima de 72 (setenta e duas) horas.\nConforme: Cláusula 5ª Item II parágrafo 1º alinea c) da CCT - 2015/2016 de Contagem\nHá a necessidade de comunicação previa das folgas para o Sindicato da categoria com antecedência minima de 10 (dez) dias.'),(6662,10,14,'','Este regime de compensação de horas abrange todos os empregados que possuam controle de jornada de trabalho e pertencem ao perímetro de validade da Convenção Coletiva de Trabalho de Contagem'),(6663,10,15,'','A compensação poderá ser realizada de segunda-feira a sábado, desde que a jornada diária não ultrapasse a 10(dez) horas, e a compensação seja limitada a 36 (trinta e seis) horas no mês e a 02(dois) sábados no mês. Deverá ser respeitado o intervalo mínimo de 35 (trinta e cinco) horas quando ocorrer o descanso semana remunerado.'),(6664,10,21,'','Para a FOLGA CONCEDIDA ANTECIPADAMENTE, o trabalho correspondente para compensa-la deverá ser realizado em até 300 (trezentos) dias subsequentes ao dia em que a folga foi concedida, limitados a 31/12/2016.\nPara os trabalhos EXTRAORDINÁRIOS ANTECIPADOS poderá ocorrer exclusivamente para compensação semanal e de dias pontes, caso não seja concedida a folga dentro da semana ou nos dias pontes, a empresa pagará ao empregado, no primeiro pagamento após o referido período trabalhado das horas não compensadas, como extraordinárias, tomando como base o salário hora normal do mês do pagamento acrescido com o percentual de 100%.'),(6680,11,4,'','De 01/10/2015 até 30/09/2016'),(6681,11,5,'','O descumprimento de quaisquer das condições estabelecidas na cláusula 5ª da Convenção Coletiva de Trabalho, será obejeto de notificação da empresa pelo sindicato, e caso a irregularidade não seja sanada no prazo de 20 (vinte) dias, as horas trabalhadas irregularmentes em compensação serão consideradas como extras.'),(6682,11,8,'','A empresa se responsabilizará pelo transporte dos empregados em todos os dias de compensação Conforme: Cláusula 5ª Item II parágrafo 1º alinea e) da CCT - 2015/2016 de Contagem'),(6683,11,13,'','A data prevista para a folga deverá ser comunicada pela empresa empresa aos empregados com antecedência minima de 24 horas. Conforme: Cláusula 5ª Item II parágrafo 1º alinea a) da CCT - 2015/2016 de Contagem Para que a recuperação das horas descansadas seja realizada, deverá a empresa comunicar os empregados com antecedência minima de 72 (setenta e duas) horas. Conforme: Cláusula 5ª Item II parágrafo 1º alinea c) da CCT - 2015/2016 de Contagem Há a necessidade de comunicação previa das folgas para o Sindicato da categoria com antecedência minima de 10 (dez) dias.'),(6684,11,14,'','Este regime de compensação de horas abrange todos os empregados que possuam controle de jornada de trabalho e pertencem ao perímetro de validade da Convenção Coletiva de Trabalho.'),(6685,11,15,'','A compensação poderá ser realizada de segunda-feira a sábado, desde que a jornada diária não ultrapasse a 10(dez) horas, e a compensação seja limitada a 36 (trinta e seis) horas no mês e a 02(dois) sábados no mês. Deverá ser respeitado o intervalo mínimo de 35 (trinta e cinco) horas quando ocorrer o descanso semana remunerado.'),(6686,11,21,'','Para a FOLGA CONCEDIDA ANTECIPADAMENTE, o trabalho correspondente para compensa-la deverá ser realizado em até 300 (trezentos) dias subsequentes ao dia em que a folga foi concedida, limitados a 31/12/2016. Para os trabalhos EXTRAORDINÁRIOS ANTECIPADOS poderá ocorrer exclusivamente para compensação semanal e de dias pontes, caso não seja concedida a folga dentro da semana ou nos dias pontes, a empresa pagará ao empregado, no primeiro pagamento após o referido período trabalhado das horas não compensadas, como extraordinárias, tomando como base o salário hora normal do mês do pagamento acrescido com o percentual de 100%.');
/*!40000 ALTER TABLE `oc_ac_as` ENABLE KEYS */;
UNLOCK TABLES;

--
-- Table structure for table `ocorrencia`
--

DROP TABLE IF EXISTS `ocorrencia`;
/*!40101 SET @saved_cs_client     = @@character_set_client */;
/*!40101 SET character_set_client = utf8 */;
CREATE TABLE `ocorrencia` (
  `id_ocorrencia` int(11) NOT NULL AUTO_INCREMENT,
  `id_assunto` int(11) NOT NULL,
  `id_planta` int(11) NOT NULL,
  `id_periodo` int(11) NOT NULL,
  `dsc_resumo` varchar(1000) DEFAULT NULL,
  `dsc_file` varchar(100) DEFAULT NULL,
  PRIMARY KEY (`id_ocorrencia`,`id_assunto`,`id_planta`,`id_periodo`),
  KEY `fk_ocorrencia_assunto1_idx` (`id_assunto`),
  KEY `fk_ocorrencia_planta1_idx` (`id_planta`),
  KEY `fk_ocorrencia_periodo1_idx` (`id_periodo`),
  CONSTRAINT `fk_ocorrencia_assunto1` FOREIGN KEY (`id_assunto`) REFERENCES `assunto` (`id_assunto`) ON DELETE NO ACTION ON UPDATE NO ACTION,
  CONSTRAINT `fk_ocorrencia_periodo1` FOREIGN KEY (`id_periodo`) REFERENCES `periodo` (`id_periodo`) ON DELETE NO ACTION ON UPDATE NO ACTION,
  CONSTRAINT `fk_ocorrencia_planta1` FOREIGN KEY (`id_planta`) REFERENCES `planta` (`id_planta`) ON DELETE NO ACTION ON UPDATE NO ACTION
) ENGINE=InnoDB AUTO_INCREMENT=12 DEFAULT CHARSET=latin1;
/*!40101 SET character_set_client = @saved_cs_client */;

--
-- Dumping data for table `ocorrencia`
--

LOCK TABLES `ocorrencia` WRITE;
/*!40000 ALTER TABLE `ocorrencia` DISABLE KEYS */;
INSERT INTO `ocorrencia` VALUES (1,1,1,1,NULL,'Acordo_Assinado_Suspensão_de_Trabalho_(Layoff)1.pdf          '),(2,1,2,2,NULL,'Acordo_LAYOFF1.pdf           '),(3,1,3,2,NULL,'Acordo_Layoff_-_CTG1.pdf           '),(4,1,4,2,NULL,'ACORDO_LAYOFF1.pdf           '),(5,1,5,2,NULL,'Acordo_Layoff_ICRegistrado1596981208.pdf        '),(7,4,1,1,NULL,'Acordo_Assinado_Redução_de_Dias4.pdf              '),(8,7,1,1,NULL,'Acordo_Assinado_Flexibilização_de_Jornada.pdf                 '),(9,2,5,1,NULL,''),(10,7,3,2,NULL,'Cláusula_5ª_Item_II_-_CCT_2015-2016.pdf          '),(11,7,6,1,NULL,'Cláusula_5ª_Item_II_-_CCT_2015-20161.pdf      ');
/*!40000 ALTER TABLE `ocorrencia` ENABLE KEYS */;
UNLOCK TABLES;

--
-- Table structure for table `periodo`
--

DROP TABLE IF EXISTS `periodo`;
/*!40101 SET @saved_cs_client     = @@character_set_client */;
/*!40101 SET character_set_client = utf8 */;
CREATE TABLE `periodo` (
  `id_periodo` int(11) NOT NULL AUTO_INCREMENT,
  `dsc_periodo` varchar(45) NOT NULL,
  PRIMARY KEY (`id_periodo`)
) ENGINE=InnoDB AUTO_INCREMENT=3 DEFAULT CHARSET=latin1;
/*!40101 SET character_set_client = @saved_cs_client */;

--
-- Dumping data for table `periodo`
--

LOCK TABLES `periodo` WRITE;
/*!40000 ALTER TABLE `periodo` DISABLE KEYS */;
INSERT INTO `periodo` VALUES (1,'2016'),(2,'2015');
/*!40000 ALTER TABLE `periodo` ENABLE KEYS */;
UNLOCK TABLES;

--
-- Table structure for table `planta`
--

DROP TABLE IF EXISTS `planta`;
/*!40101 SET @saved_cs_client     = @@character_set_client */;
/*!40101 SET character_set_client = utf8 */;
CREATE TABLE `planta` (
  `id_planta` int(11) NOT NULL AUTO_INCREMENT,
  `dsc_planta` varchar(45) NOT NULL,
  PRIMARY KEY (`id_planta`)
) ENGINE=InnoDB AUTO_INCREMENT=7 DEFAULT CHARSET=latin1;
/*!40101 SET character_set_client = @saved_cs_client */;

--
-- Dumping data for table `planta`
--

LOCK TABLES `planta` WRITE;
/*!40000 ALTER TABLE `planta` DISABLE KEYS */;
INSERT INTO `planta` VALUES (1,'Sorocaba'),(2,'Piracicaba'),(3,'Contagem'),(4,'Sete Lagoas'),(5,'Curitiba'),(6,'Nova Lima');
/*!40000 ALTER TABLE `planta` ENABLE KEYS */;
UNLOCK TABLES;

--
-- Table structure for table `transactions`
--

DROP TABLE IF EXISTS `transactions`;
/*!40101 SET @saved_cs_client     = @@character_set_client */;
/*!40101 SET character_set_client = utf8 */;
CREATE TABLE `transactions` (
  `id_transactions` int(11) NOT NULL AUTO_INCREMENT,
  `dsc_name` varchar(100) DEFAULT NULL,
  `controller` varchar(100) DEFAULT NULL,
  PRIMARY KEY (`id_transactions`)
) ENGINE=InnoDB AUTO_INCREMENT=18 DEFAULT CHARSET=latin1;
/*!40101 SET character_set_client = @saved_cs_client */;

--
-- Dumping data for table `transactions`
--

LOCK TABLES `transactions` WRITE;
/*!40000 ALTER TABLE `transactions` DISABLE KEYS */;
INSERT INTO `transactions` VALUES (2,'Admin. Usuários','usuario/retrieve'),(4,'Alterar Senha','usuario/trocar_senha'),(5,'Novo Usuário','usuario/create'),(6,'Novo Acordo','assunto/create'),(7,'Admin. Acordos','assunto/retrieve'),(8,'Nova Planta','planta/create'),(9,'Admin. Plantas','planta/retrieve'),(10,'Novo Período','periodo/create'),(11,'Admin. Períodos','periodo/retrieve'),(12,'Nova Interpretação','ocorrencia/create'),(13,'Admin. Interpretações','ocorrencia/retrieve'),(14,'Acordos','assunto/conceito'),(15,'Novo Assunto','tratado/create'),(16,'Admin. Assuntos','tratado/retrieve'),(17,'Comparações','ocorrencia/comparacao');
/*!40000 ALTER TABLE `transactions` ENABLE KEYS */;
UNLOCK TABLES;

--
-- Table structure for table `tratado`
--

DROP TABLE IF EXISTS `tratado`;
/*!40101 SET @saved_cs_client     = @@character_set_client */;
/*!40101 SET character_set_client = utf8 */;
CREATE TABLE `tratado` (
  `id_tratado` int(11) NOT NULL AUTO_INCREMENT,
  `dsc_tratado` varchar(45) NOT NULL,
  PRIMARY KEY (`id_tratado`)
) ENGINE=InnoDB AUTO_INCREMENT=22 DEFAULT CHARSET=latin1;
/*!40101 SET character_set_client = @saved_cs_client */;

--
-- Dumping data for table `tratado`
--

LOCK TABLES `tratado` WRITE;
/*!40000 ALTER TABLE `tratado` DISABLE KEYS */;
INSERT INTO `tratado` VALUES (1,'DÉCIMO TERCEIRO'),(2,'FÉRIAS'),(3,'PPR/PLR'),(4,'VIGÊNCIA'),(5,'PENALIDADES'),(6,'AJUDA COMPENSATÓRIA'),(7,'BENEFÍCIOS'),(8,'TRANSPORTE'),(9,'PROGRAMA DE QUALIFICAÇÃO PROFISSIONAL'),(10,'BOLSA QUALIFICAÇÃO PROFISSIONAL'),(11,'ESTABILIDADE / MULTA POR DISPENSA'),(12,'QTD. DE DIAS DE REDUÇÃO'),(13,'PRAZO PARA COMUNICAÇÃO'),(14,'ABRANGÊNCIA'),(15,'COMPENSAÇÃO DAS HORAS'),(16,'DESLIGAMENTO OU PEDIDO DE DEMISSÃO'),(17,'DIAS \"31\"'),(18,'FERIADOS EM SÁBADOS'),(19,'QTD. DE HRS DE FLEXIBILIDADE'),(20,'SITUAÇÕES EXCEPCIONAIS'),(21,'FORMA');
/*!40000 ALTER TABLE `tratado` ENABLE KEYS */;
UNLOCK TABLES;

--
-- Table structure for table `user_menu`
--

DROP TABLE IF EXISTS `user_menu`;
/*!40101 SET @saved_cs_client     = @@character_set_client */;
/*!40101 SET character_set_client = utf8 */;
CREATE TABLE `user_menu` (
  `id_user_roles` int(11) NOT NULL,
  `id_menu` int(11) NOT NULL,
  `id_transactions` int(11) NOT NULL,
  PRIMARY KEY (`id_user_roles`,`id_menu`,`id_transactions`),
  KEY `fk_user_menu_transactions1_idx` (`id_transactions`),
  KEY `fk_user_menu_user_roles1_idx` (`id_user_roles`),
  KEY `fk_user_menu_menu1_idx` (`id_menu`),
  CONSTRAINT `fk_user_menu_menu1` FOREIGN KEY (`id_menu`) REFERENCES `menu` (`id_menu`) ON DELETE NO ACTION ON UPDATE NO ACTION,
  CONSTRAINT `fk_user_menu_transactions1` FOREIGN KEY (`id_transactions`) REFERENCES `transactions` (`id_transactions`) ON DELETE NO ACTION ON UPDATE NO ACTION,
  CONSTRAINT `fk_user_menu_user_roles1` FOREIGN KEY (`id_user_roles`) REFERENCES `user_roles` (`id_user_roles`) ON DELETE NO ACTION ON UPDATE NO ACTION
) ENGINE=InnoDB DEFAULT CHARSET=latin1;
/*!40101 SET character_set_client = @saved_cs_client */;

--
-- Dumping data for table `user_menu`
--

LOCK TABLES `user_menu` WRITE;
/*!40000 ALTER TABLE `user_menu` DISABLE KEYS */;
INSERT INTO `user_menu` VALUES (1,2,2),(1,2,4),(2,2,4),(1,2,5),(1,3,6),(1,3,7),(1,4,8),(1,4,9),(1,5,10),(1,5,11),(1,6,12),(1,6,13),(1,3,14),(1,7,15),(1,7,16),(1,8,17),(2,8,17);
/*!40000 ALTER TABLE `user_menu` ENABLE KEYS */;
UNLOCK TABLES;

--
-- Table structure for table `user_roles`
--

DROP TABLE IF EXISTS `user_roles`;
/*!40101 SET @saved_cs_client     = @@character_set_client */;
/*!40101 SET character_set_client = utf8 */;
CREATE TABLE `user_roles` (
  `id_user_roles` int(11) NOT NULL AUTO_INCREMENT,
  `dsc_name` varchar(45) DEFAULT NULL,
  PRIMARY KEY (`id_user_roles`)
) ENGINE=InnoDB AUTO_INCREMENT=3 DEFAULT CHARSET=latin1;
/*!40101 SET character_set_client = @saved_cs_client */;

--
-- Dumping data for table `user_roles`
--

LOCK TABLES `user_roles` WRITE;
/*!40000 ALTER TABLE `user_roles` DISABLE KEYS */;
INSERT INTO `user_roles` VALUES (1,'Administrador'),(2,'Usuário');
/*!40000 ALTER TABLE `user_roles` ENABLE KEYS */;
UNLOCK TABLES;

--
-- Table structure for table `users`
--

DROP TABLE IF EXISTS `users`;
/*!40101 SET @saved_cs_client     = @@character_set_client */;
/*!40101 SET character_set_client = utf8 */;
CREATE TABLE `users` (
  `id` tinyint(4) NOT NULL AUTO_INCREMENT,
  `username` varchar(10) NOT NULL,
  `password` varchar(45) NOT NULL,
  `dsc_name` varchar(100) DEFAULT NULL,
  `dsc_matricula` varchar(45) DEFAULT NULL,
  `id_user_roles` int(11) NOT NULL,
  `ativo` varchar(1) DEFAULT NULL,
  `dt_added` datetime DEFAULT NULL,
  `dt_updated` datetime DEFAULT NULL,
  `email` varchar(45) DEFAULT NULL,
  PRIMARY KEY (`id`,`id_user_roles`),
  KEY `fk_users_user_roles_idx` (`id_user_roles`)
) ENGINE=MyISAM AUTO_INCREMENT=40 DEFAULT CHARSET=latin1;
/*!40101 SET character_set_client = @saved_cs_client */;

--
-- Dumping data for table `users`
--

LOCK TABLES `users` WRITE;
/*!40000 ALTER TABLE `users` DISABLE KEYS */;
INSERT INTO `users` VALUES (1,'BFONSECA','202cb962ac59075b964b07152d234b70','BRUCE FONSECA','123',1,'A',NULL,NULL,'bruce@bflabs.com.br'),(2,'UY941','202cb962ac59075b964b07152d234b70','LEANDRO METROVINE','24009587',1,'A',NULL,NULL,'leandro.metrovine@cnhind.com'),(39,'USER','202cb962ac59075b964b07152d234b70','USER','USER',2,'A','0000-00-00 00:00:00','0000-00-00 00:00:00','user@user.com');
/*!40000 ALTER TABLE `users` ENABLE KEYS */;
UNLOCK TABLES;
/*!40103 SET TIME_ZONE=@OLD_TIME_ZONE */;

/*!40101 SET SQL_MODE=@OLD_SQL_MODE */;
/*!40014 SET FOREIGN_KEY_CHECKS=@OLD_FOREIGN_KEY_CHECKS */;
/*!40014 SET UNIQUE_CHECKS=@OLD_UNIQUE_CHECKS */;
/*!40101 SET CHARACTER_SET_CLIENT=@OLD_CHARACTER_SET_CLIENT */;
/*!40101 SET CHARACTER_SET_RESULTS=@OLD_CHARACTER_SET_RESULTS */;
/*!40101 SET COLLATION_CONNECTION=@OLD_COLLATION_CONNECTION */;
/*!40111 SET SQL_NOTES=@OLD_SQL_NOTES */;

-- Dump completed on 2016-05-01  9:32:51
