CREATE DATABASE  IF NOT EXISTS `bflabs4` /*!40100 DEFAULT CHARACTER SET latin1 COLLATE latin1_general_ci */;
USE `bflabs4`;
-- MySQL dump 10.13  Distrib 5.6.13, for Win32 (x86)
--
-- Host: mysql08.bflabs.hospedagemdesites.ws    Database: bflabs4
-- ------------------------------------------------------
-- Server version	5.6.21-69.0-log

/*!40101 SET @OLD_CHARACTER_SET_CLIENT=@@CHARACTER_SET_CLIENT */;
/*!40101 SET @OLD_CHARACTER_SET_RESULTS=@@CHARACTER_SET_RESULTS */;
/*!40101 SET @OLD_COLLATION_CONNECTION=@@COLLATION_CONNECTION */;
/*!40101 SET NAMES utf8 */;
/*!40103 SET @OLD_TIME_ZONE=@@TIME_ZONE */;
/*!40103 SET TIME_ZONE='+00:00' */;
/*!40014 SET @OLD_UNIQUE_CHECKS=@@UNIQUE_CHECKS, UNIQUE_CHECKS=0 */;
/*!40014 SET @OLD_FOREIGN_KEY_CHECKS=@@FOREIGN_KEY_CHECKS, FOREIGN_KEY_CHECKS=0 */;
/*!40101 SET @OLD_SQL_MODE=@@SQL_MODE, SQL_MODE='NO_AUTO_VALUE_ON_ZERO' */;
/*!40111 SET @OLD_SQL_NOTES=@@SQL_NOTES, SQL_NOTES=0 */;

--
-- Table structure for table `assunto`
--

DROP TABLE IF EXISTS `assunto`;
/*!40101 SET @saved_cs_client     = @@character_set_client */;
/*!40101 SET character_set_client = utf8 */;
CREATE TABLE `assunto` (
  `id_assunto` int(11) NOT NULL AUTO_INCREMENT,
  `dsc_assunto` varchar(200) NOT NULL,
  `dsc_conceito` text,
  `dsc_file` varchar(100) DEFAULT NULL,
  `exibir` tinyint(1) DEFAULT NULL,
  PRIMARY KEY (`id_assunto`)
) ENGINE=InnoDB AUTO_INCREMENT=18 DEFAULT CHARSET=latin1;
/*!40101 SET character_set_client = @saved_cs_client */;

--
-- Dumping data for table `assunto`
--

LOCK TABLES `assunto` WRITE;
/*!40000 ALTER TABLE `assunto` DISABLE KEYS */;
INSERT INTO `assunto` VALUES (1,'SUSPENSÃO CONTRATUAL - \"LAYOFF\"','<p class=\"MsoNormal\" style=\"text-align: justify; line-height: 16pt; vertical-align: baseline; background-image: initial; background-attachment: initial; background-size: initial; background-origin: initial; background-clip: initial; background-position: initial; background-repeat: initial;\"><span style=\"font-family: verdana, sans-serif; font-size: medium;\"><span lang=\"PT-BR\" style=\"letter-spacing: 0.15pt;\">Essa medida tem a vantagem de\npermitir que a empresa se ajuste a eventual redução na demanda, diminuindo\ntemporariamente os seus custos e proporcionando uma rápida recuperação da\nprodução na hipótese de melhoria do cenário econômico. Não obstante, o lay-off\nprecisa ser devidamente negociado entre empresa e o Sindicato dos\ntrabalhadores.</span><span lang=\"PT-BR\"><o:p></o:p></span></span></p><p class=\"MsoNormal\" style=\"margin: 15pt 0cm; text-align: justify; line-height: 16pt; vertical-align: baseline; background-image: initial; background-attachment: initial; background-size: initial; background-origin: initial; background-clip: initial; background-position: initial; background-repeat: initial;\"><span style=\"font-family: verdana, sans-serif; font-size: medium;\"><span lang=\"PT-BR\" style=\"letter-spacing: 0.15pt;\">O lay-off pode ter duas formas:</span><span lang=\"PT-BR\"><o:p></o:p></span></span></p><p class=\"MsoNormal\" style=\"margin: 15pt 0cm; text-align: justify; line-height: 16pt; vertical-align: baseline; background-image: initial; background-attachment: initial; background-size: initial; background-origin: initial; background-clip: initial; background-position: initial; background-repeat: initial;\"><span style=\"font-family: verdana, sans-serif; font-size: medium;\"><span lang=\"PT-BR\" style=\"letter-spacing: 0.15pt;\">i) redução temporária da jornada\nde trabalho e do salário (até o limite de 25%, devendo ser proporcional e\nrespeitado o salário mínimo nacional); ou</span><span lang=\"PT-BR\"><o:p></o:p></span></span></p><p class=\"MsoNormal\" style=\"margin: 15pt 0cm; text-align: justify; line-height: 16pt; vertical-align: baseline; background-image: initial; background-attachment: initial; background-size: initial; background-origin: initial; background-clip: initial; background-position: initial; background-repeat: initial;\"><span style=\"font-family: verdana, sans-serif; font-size: medium;\"><span lang=\"PT-BR\" style=\"letter-spacing: 0.15pt;\">ii) suspensão dos contratos de\ntrabalho para requalificação profissional.</span><span lang=\"PT-BR\"><o:p></o:p></span></span></p><p class=\"MsoNormal\" style=\"margin: 15pt 0cm; text-align: justify; line-height: 16pt; vertical-align: baseline; background-image: initial; background-attachment: initial; background-size: initial; background-origin: initial; background-clip: initial; background-position: initial; background-repeat: initial;\"><span style=\"font-family: verdana, sans-serif; font-size: medium;\"><span lang=\"PT-BR\" style=\"letter-spacing: 0.15pt;\">Considerando que o lay-off só\npode ser realizado com a aprovação em assembleia dos empregados conduzida através do Sindicato, a empresa precisa negociar com\no sindicato dos trabalhadores a deliberação e aprovação do plano de suspensão.</span><span lang=\"PT-BR\"><o:p></o:p></span></span></p><p class=\"MsoNormal\" style=\"margin: 15pt 0cm; text-align: justify; line-height: 16pt; vertical-align: baseline; background-image: initial; background-attachment: initial; background-size: initial; background-origin: initial; background-clip: initial; background-position: initial; background-repeat: initial;\"><span style=\"font-family: verdana, sans-serif; font-size: medium;\"><span lang=\"PT-BR\" style=\"letter-spacing: 0.15pt;\">O prazo de lay-off é variável e\ndepende dos motivos da medida. Quando a empresa adota a suspensão dos contratos\nde trabalho por motivos de mercado ou estruturais e tecnológicos o lay-off pode\ndurar no máximo cinco meses, podendo ser renovado por um período igual e os\ncustos com a Bolsa de qualificação ficará a cargo da empresa.</span><span lang=\"PT-BR\"><o:p></o:p></span></span></p><p class=\"MsoNormal\" style=\"margin: 15pt 0cm; text-align: justify; line-height: 16pt; vertical-align: baseline; background-image: initial; background-attachment: initial; background-size: initial; background-origin: initial; background-clip: initial; background-position: initial; background-repeat: initial;\"><span style=\"font-family: verdana, sans-serif; font-size: medium;\"><span lang=\"PT-BR\" style=\"letter-spacing: 0.15pt;\">Em casos de lay-off através de\nredução de salário e jornada, não há valores pagos pelo Fundo de Amparo ao\nTrabalhador - FAT, e a empresa permanece com a obrigação de pagamento de\nsalários.</span><span lang=\"PT-BR\"><o:p></o:p></span></span></p><p class=\"MsoNormal\" style=\"margin: 15pt 0cm; text-align: justify; line-height: 16pt; vertical-align: baseline; background-image: initial; background-attachment: initial; background-size: initial; background-origin: initial; background-clip: initial; background-position: initial; background-repeat: initial;\"><span style=\"font-family: verdana, sans-serif; font-size: medium;\"><span lang=\"PT-BR\" style=\"letter-spacing: 0.15pt;\">Por outro lado, na hipótese de\nsuspensão do contrato de trabalho para requalificação profissional, o FAT\npagará os salários dos empregados, respeitado o limite do teto do seguro\ndesemprego aplicável à época da suspensão contratual. Eventualmente os\nSindicatos solicitam à empresa para que o pagamento da diferença ocorra para\naqueles empregados que percebam salários superiores, mas que isto depende de\nnegociação entre empresa e Sindicato, não sendo uma obrigação legal.</span><span lang=\"PT-BR\"><o:p></o:p></span></span></p><p class=\"MsoNormal\" style=\"margin: 15pt 0cm; text-align: justify; line-height: 16pt; vertical-align: baseline; background-image: initial; background-attachment: initial; background-size: initial; background-origin: initial; background-clip: initial; background-position: initial; background-repeat: initial;\"><span style=\"font-family: verdana, sans-serif; font-size: medium;\"><span lang=\"PT-BR\" style=\"letter-spacing: 0.15pt;\">Durante o período de suspensão\ncontratual ocorre a qualificação da mão de obra realizada através de entidades\nhabilitadas para o fornecimento do formação profissional, a entidade de\nreferencia seria o SENAI (Serviço Nacional de Aprendizagem Industrial). Os\nempregados devem comprovar presença mínima 75%, sob pena de não receber os\nvalores da bolsa paga pelo FAT.</span><span lang=\"PT-BR\"><o:p></o:p></span></span></p><p class=\"MsoNormal\" style=\"margin: 15pt 0cm; text-align: justify; line-height: 16pt; vertical-align: baseline; background-image: initial; background-attachment: initial; background-size: initial; background-origin: initial; background-clip: initial; background-position: initial; background-repeat: initial;\"><span style=\"letter-spacing: 0.2px; line-height: 21.3333px; font-family: verdana, sans-serif; font-size: medium;\">Há ainda no parágrado 5º do artigo 476-A da CLT, a previsão do pagamento de uma multa de no mínimo 100% da ultima remuneração do empregado caso ele seja desligado durante a participação no regime de suspensação contratual ou até 03(três) meses após o encerramento.</span></p><p class=\"MsoNormal\" style=\"margin: 15pt 0cm; text-align: justify; line-height: 16pt; vertical-align: baseline; background-image: initial; background-attachment: initial; background-size: initial; background-origin: initial; background-clip: initial; background-position: initial; background-repeat: initial;\"><span style=\"font-family: verdana, sans-serif; font-size: medium;\"><span lang=\"PT-BR\" style=\"line-height: 16pt; letter-spacing: 0.15pt;\">A medida poderá ser suspensa nos\ncasos de irregularidade do regime de lay-off por parte da empresa.&nbsp;</span><span style=\"line-height: 16pt; letter-spacing: 0.15pt;\">Isto poderá ocorrer nos\nseguintes casos:</span></span></p><p class=\"MsoNormal\" style=\"margin: 11.25pt 11.25pt 11.25pt 22.5pt; text-indent: -18pt; line-height: 16pt; vertical-align: baseline; background-image: initial; background-attachment: initial; background-size: initial; background-origin: initial; background-clip: initial; background-position: initial; background-repeat: initial;\"><span style=\"font-family: verdana, sans-serif; font-size: medium;\"><span lang=\"PT-BR\" style=\"letter-spacing: 0.15pt;\">·&nbsp;&nbsp;&nbsp;&nbsp;&nbsp;&nbsp;&nbsp;&nbsp;&nbsp;Não\nverificação do motivo indicado pela empresa para adoção do regime;</span><span lang=\"PT-BR\"><o:p></o:p></span></span></p><p class=\"MsoNormal\" style=\"margin: 11.25pt 11.25pt 11.25pt 22.5pt; text-indent: -18pt; line-height: 16pt; vertical-align: baseline; background-image: initial; background-attachment: initial; background-size: initial; background-origin: initial; background-clip: initial; background-position: initial; background-repeat: initial;\"><span style=\"font-family: verdana, sans-serif; font-size: medium;\"><span lang=\"PT-BR\" style=\"letter-spacing: 0.15pt;\">·&nbsp;&nbsp;&nbsp;&nbsp;&nbsp;&nbsp;&nbsp;&nbsp;&nbsp;Falta\ndas comunicações ou recusa de participação no procedimento de informação e\nnegociação por parte do empregador;</span><span lang=\"PT-BR\"><o:p></o:p></span></span></p><p class=\"MsoNormal\" style=\"margin: 11.25pt 11.25pt 11.25pt 22.5pt; text-indent: -18pt; line-height: 16pt; vertical-align: baseline; background-image: initial; background-attachment: initial; background-size: initial; background-origin: initial; background-clip: initial; background-position: initial; background-repeat: initial;\"><span style=\"font-family: verdana, sans-serif; font-size: medium;\"><span lang=\"PT-BR\" style=\"letter-spacing: 0.15pt;\">·&nbsp;&nbsp;&nbsp;&nbsp;&nbsp;&nbsp;&nbsp;&nbsp;&nbsp;Falta\nde pagamento pontual das contribuições para a seguridade social sobre a\nremuneração auferida pelos trabalhadores;</span><span lang=\"PT-BR\"><o:p></o:p></span></span></p><p class=\"MsoNormal\" style=\"margin: 11.25pt 11.25pt 11.25pt 22.5pt; text-indent: -18pt; line-height: 16pt; vertical-align: baseline; background-image: initial; background-attachment: initial; background-size: initial; background-origin: initial; background-clip: initial; background-position: initial; background-repeat: initial;\"><span style=\"font-family: verdana, sans-serif; font-size: medium;\"><span lang=\"PT-BR\" style=\"letter-spacing: 0.15pt;\">·&nbsp;&nbsp;&nbsp;&nbsp;&nbsp;&nbsp;&nbsp;&nbsp;&nbsp;Admissão\nde novos trabalhadores ou renovação de contrato de trabalho para preenchimento\nde posto de trabalho suscetível de ser assegurado por trabalhador em situação\nde redução ou suspensão;</span><span lang=\"PT-BR\"><o:p></o:p></span></span></p><p class=\"MsoNormal\" style=\"margin: 11.25pt 11.25pt 11.25pt 22.5pt; text-indent: -18pt; line-height: 16pt; vertical-align: baseline; background-image: initial; background-attachment: initial; background-size: initial; background-origin: initial; background-clip: initial; background-position: initial; background-repeat: initial;\"><span style=\"font-family: verdana, sans-serif; font-size: medium;\"><span lang=\"PT-BR\" style=\"letter-spacing: 0.15pt;\">·&nbsp;&nbsp;&nbsp;&nbsp;&nbsp;&nbsp;&nbsp;&nbsp;&nbsp;A\ndecisão que ponha termo à aplicação da medida deve indicar os trabalhadores a\nquem se aplica e produz efeitos a partir do momento em que o empregado seja\nnotificado.</span><span lang=\"PT-BR\"><o:p></o:p></span></span></p><p class=\"MsoNormal\" style=\"margin: 15pt 0cm; text-align: justify; line-height: 16pt; vertical-align: baseline; background-image: initial; background-attachment: initial; background-size: initial; background-origin: initial; background-clip: initial; background-position: initial; background-repeat: initial;\"><span style=\"font-family: verdana, sans-serif; font-size: medium;\"><span lang=\"PT-BR\" style=\"letter-spacing: 0.15pt;\">Referência Legal: Artigo 476 - A\n- Consolidação das Leis do Trabalho - CLT</span><span lang=\"PT-BR\"><o:p></o:p></span></span></p><p class=\"MsoNormal\" style=\"margin: 15pt 0cm; text-align: justify; line-height: 16pt; vertical-align: baseline; background-image: initial; background-attachment: initial; background-size: initial; background-origin: initial; background-clip: initial; background-position: initial; background-repeat: initial;\"><span lang=\"PT-BR\" style=\"letter-spacing: 0.15pt; font-family: verdana, sans-serif; font-size: medium;\">&nbsp;Fonte:http://www.migalhas.com.br/</span></p>','CLT_-_Art.476-A_.pdf',1),(2,'SEMANA ESPANHOLA','<h2 style=\"margin: 0cm 0cm 0pt; text-align: justify;\"><span lang=\"PT-BR\" style=\"line-height: 115%; letter-spacing: 0.15pt; font-family: Calibri, sans-serif; font-size: 13pt;\">A\nResolução TP nº 01/2016, do TribunalP leno do TRT-SP - 2ª Região editou a Súmula\n48, que valida a adoção do regime de compensação denominado \"semana espanhola\", na\nqual se adota, de forma alternada, jornadas semanais de 48 e 40 horas perfazendo\numa média de 44 horas, desde que tal condição conste de acordo ou convenção\ncoletiva de trabalho.</span></h2>','',1),(3,'PROGRAMA DE PROTEÇÃO AO EMPREGO - PPE','<p class=\"MsoNormal\" style=\"margin-bottom:0cm;margin-bottom:.0001pt;text-align:\njustify;line-height:150%\"><font face=\"Helvetica\"><span style=\"font-size: 14px;\">O Programa de Proteção ao Emprego (PPE) é regulado\npela Medida Provisória 680/2015 estando válido desde 7 de Julho de 2015, em\npauta atual nas discussões no Poder Legislativo, podendo ser convertido em lei.</span><o:p></o:p></font></p><p class=\"MsoNormal\" style=\"margin-bottom:0cm;margin-bottom:.0001pt;text-align:\njustify;line-height:150%\"><font face=\"Helvetica\"><span style=\"font-size: 14px;\">Em tempos de crise, a legislação trabalhista deve\nacompanhar as evoluções das relações empregatícias e possibilitar a proteção\ndos trabalhadores, sem inviabilizar a atividade empresarial.</span><o:p></o:p></font></p><p class=\"MsoNormal\" style=\"margin-bottom:0cm;margin-bottom:.0001pt;text-align:\njustify;line-height:150%\"><font face=\"Helvetica\"><span style=\"font-size: 14px;\">O PPE é uma tentativa do Poder Executivo de\ncontribuir com as empresas, que devido à crise com a diminuição da demanda,\nnecessitam diminuir a produção, diminuindo turnos e outros gastos, além de\nproteger o trabalhador contra a dispensa arbitrária, mesmo com redução\nsalarial, acompanhada de redução da carga horária. Também trata-se de medida\nque visa diminuir os gastos do Governo com seguro desemprego, pois ao menos em\ntese, os gastos com o programa seriam menores que os gastos com pagamento de\nseguro desemprego, caso as empresas ao invés de aderirem ao programa\nrealizassem dispensas sem justa causa.</span><o:p></o:p></font></p><p class=\"MsoNormal\" style=\"margin-bottom:0cm;margin-bottom:.0001pt;text-align:\njustify;line-height:150%\"><font face=\"Helvetica\"><span style=\"font-size: 14px;\">A empresa deve fazer adesão ao programa para que o\nmesmo tenha validade, o que deverá ocorrer até 31 de dezembro de 2016.</span><o:p></o:p></font></p><p class=\"MsoNormal\" style=\"margin-bottom:0cm;margin-bottom:.0001pt;text-align:\njustify;line-height:150%\"><font face=\"Helvetica\"><span style=\"font-size: 14px;\">Atualmente qualquer empresa pode aderir, embora pode\nhaver limitação futura por Comitê Interministerial responsável por tal programa</span><o:p></o:p></font></p><p class=\"MsoNormal\" style=\"margin-bottom:0cm;margin-bottom:.0001pt;text-align:\njustify;line-height:150%\"><font face=\"Helvetica\"><span style=\"font-size: 14px;\">A adesão se realiza por acordo coletivo específico\ncom o sindicato da categoria estando comprovada a situação de dificuldades\neconômico-financeiras perante o Comitê Interministerial do PPE. Uma vez\nrealizada a adesão, os empregados são obrigados a acatar a redução na jornada\nde trabalho e nos seus vencimentos.</span><o:p></o:p></font></p><p class=\"MsoNormal\" style=\"margin-bottom:0cm;margin-bottom:.0001pt;text-align:\njustify;line-height:150%\"><font face=\"Helvetica\"><span style=\"font-size: 14px;\">A dificuldade financeira é presumida se o Indicador\nLíquido de Emprego for igual a 1%, ou seja, nos 12 meses anteriores à adesão, o\ntotal de empregados da empresa deve ter diminuído ficado estável ou aumentado\nno máximo 1 %. Nos demais casos a empresa poder requerer a adesão com informações\nadicionais, que será analisado pelo Comitê Interministerial do PPE.</span><o:p></o:p></font></p><p class=\"MsoNormal\" style=\"margin-bottom:0cm;margin-bottom:.0001pt;text-align:\njustify;line-height:150%\"><font face=\"Helvetica\"><span style=\"font-size: 14px;\">A empresa também deve comprovar a impossibilidade de\nutilização de banco de horas e férias coletivas em relação aos seus empregados.</span><o:p></o:p></font></p><p class=\"MsoNormal\" style=\"margin-bottom:0cm;margin-bottom:.0001pt;text-align:\njustify;line-height:150%\"><o:p><span style=\"font-size: 14px;\"><font face=\"Helvetica\">&nbsp;</font></span></o:p></p><p class=\"MsoNormal\" style=\"margin-bottom:0cm;margin-bottom:.0001pt;text-align:\njustify;line-height:150%\"><font face=\"Helvetica\"><span style=\"font-size: 14px;\">Fonte:</span><o:p></o:p></font></p><p class=\"MsoNormal\" style=\"margin-bottom:0cm;margin-bottom:.0001pt;text-align:\njustify;line-height:150%\"><font face=\"Helvetica\"><a href=\"http://www.planalto.gov.br/ccivil_03/_Ato2015-2018/2015/Lei/L13189.htm\"><span style=\"font-size: 14px;\">http://www.planalto.gov.br/ccivil_03/_Ato2015-2018/2015/Lei/L13189.htm</span></a><o:p></o:p></font></p><p class=\"MsoNormal\" style=\"margin-bottom:0cm;margin-bottom:.0001pt;text-align:\njustify;line-height:150%\"><font face=\"Helvetica\"><a href=\"http://www.planalto.gov.br/ccivil_03/_Ato2015-2018/2015/Mpv/mpv680.htm\"><span style=\"font-size: 14px;\">http://www.planalto.gov.br/ccivil_03/_Ato2015-2018/2015/Mpv/mpv680.htm</span></a><o:p></o:p></font></p><p class=\"MsoNormal\" style=\"margin-bottom:0cm;margin-bottom:.0001pt;text-align:\njustify;line-height:150%\"><a href=\"http://www.planejamento.gov.br/apresentacoes/apresentacoes-2015/apresentacao_ppe.pdf\"><span style=\"font-size: 14px;\"><font face=\"Helvetica\">http://www.planejamento.gov.br/apresentacoes/apresentacoes-2015/apresentacao_ppe.pdf</font></span></a></p><span lang=\"PT-BR\" style=\"font-size: 13pt; line-height: 115%; font-family: Helvetica, sans-serif; letter-spacing: 0.15pt; background-image: initial; background-attachment: initial; background-size: initial; background-origin: initial; background-clip: initial; background-position: initial; background-repeat: initial;\"></span>','Apresentação_PPE_-_Governo.pdf',1),(4,'REDUÇÃO DE DIAS - MANUFATURA','<p class=\"MsoNormal\" style=\"text-align:justify\"><span lang=\"PT-BR\" style=\"font-size: 13pt; line-height: 115%; font-family: Helvetica, sans-serif; letter-spacing: 0.15pt; background-image: initial; background-attachment: initial; background-size: initial; background-origin: initial; background-clip: initial; background-position: initial; background-repeat: initial;\">A\nredução de dias ou “Down Days” nada mais é do que uma forma de compensação de\nhoras a Débito (negativo) e Crédito (positivo) e esta ferramenta de\nflexibilidade foi adotada no Brasil através da&nbsp;<a href=\"http://www.normaslegais.com.br/legislacao/tributario/l9601.htm\"><span style=\"color: rgb(51, 51, 51);\">Lei 9.601/98</span></a>,\nque alterou o art. 59 da CLT,&nbsp;momento em que o país atravessava uma recessão\neconômica que gerou a demissão de trabalhadores, além do encerramento de\natividades das empresas.<o:p></o:p></span></p>\n\n<p class=\"MsoNormal\" style=\"text-align: justify; widows: 2; font-stretch: normal; orphans: 2;\"><span lang=\"PT-BR\" style=\"font-size: 13pt; line-height: 115%; font-family: Helvetica, sans-serif; letter-spacing: 0.15pt; background-image: initial; background-attachment: initial; background-size: initial; background-origin: initial; background-clip: initial; background-position: initial; background-repeat: initial;\">O\nGoverno procurou, através da edição desta lei, flexibilizar alguns direitos\ntrabalhistas previstos na&nbsp;<a href=\"http://www.guiatrabalhista.com.br/tematicas/clt.htm\"><span style=\"color: rgb(51, 51, 51);\">CLT</span></a>&nbsp;de\nforma a combater o desemprego e amenizar o impacto trabalhista, autorizando as\nempresas, em momentos de dificuldades ou crises temporárias, a conceder folga a\nseus empregados com a possibilidade de recuperação destas horas posteriormente.<o:p></o:p></span></p>\n\n<p class=\"MsoNormal\" style=\"text-align: justify; widows: 2; font-stretch: normal; orphans: 2;\"><span lang=\"PT-BR\" style=\"font-size: 13pt; line-height: 115%; font-family: Helvetica, sans-serif; letter-spacing: 0.15pt; background-image: initial; background-attachment: initial; background-size: initial; background-origin: initial; background-clip: initial; background-position: initial; background-repeat: initial;\">A\nlei prevê também que esta prática só é legal se for acordada em Convenção ou\nAcordo Coletivo de Trabalho com a participação do&nbsp;<a href=\"http://www.guiatrabalhista.com.br/guia/sindicato.htm\"><span style=\"color: rgb(51, 51, 51);\">Sindicato</span></a>&nbsp;da\ncategoria representativa. A quantidade de horas trabalhadas, horários, período\ne forma de compensação das horas de redução de jornada devem constar na\nconvenção ou acordo coletivo de trabalho.<o:p></o:p></span></p>\n\n<p class=\"MsoNormal\" style=\"text-align: justify; widows: 2; font-stretch: normal; orphans: 2;\"><span lang=\"PT-BR\" style=\"font-size: 13pt; line-height: 115%; font-family: Helvetica, sans-serif; letter-spacing: 0.15pt; background-image: initial; background-attachment: initial; background-size: initial; background-origin: initial; background-clip: initial; background-position: initial; background-repeat: initial;\">A\ndecisão também deve ser discutida e votada, geralmente por aclamação com os\ntrabalhadores, uma vez que são estes os envolvidos.<o:p></o:p></span></p>\n\n<p class=\"MsoNormal\" style=\"text-align: justify; widows: 2; font-stretch: normal; orphans: 2;\"><span lang=\"PT-BR\" style=\"font-size: 13pt; line-height: 115%; font-family: Helvetica, sans-serif; letter-spacing: 0.15pt; background-image: initial; background-attachment: initial; background-size: initial; background-origin: initial; background-clip: initial; background-position: initial; background-repeat: initial;\">Trata-se\nde uma ferramenta importante que visa proporcionar ao empregador e ao empregado\numa flexibilização na jornada, evitando&nbsp;uma onerosidade sobre&nbsp;a&nbsp;<a href=\"http://www.guiatrabalhista.com.br/guia/folha_pagamento.htm\"><span style=\"color: rgb(51, 51, 51);\">folha de\npagamento</span></a>&nbsp;(pela desnecessidade do pagamento de horas extras) e\npossibilitando a ausência do empregado (sem o prejuízo do salário) desde que\nobservadas as exigências legais.<o:p></o:p></span></p>\n\n<p class=\"MsoNormal\" style=\"text-align: justify; widows: 2; font-stretch: normal; orphans: 2;\"><span lang=\"PT-BR\" style=\"font-size: 13pt; line-height: 115%; font-family: Helvetica, sans-serif; letter-spacing: 0.15pt; background-image: initial; background-attachment: initial; background-size: initial; background-origin: initial; background-clip: initial; background-position: initial; background-repeat: initial;\"><o:p>&nbsp;</o:p></span></p>\n\n<p class=\"MsoNormal\" style=\"text-align:justify\"><span lang=\"PT-BR\" style=\"font-size: 13pt; line-height: 115%; font-family: Helvetica, sans-serif; letter-spacing: 0.15pt; background-image: initial; background-attachment: initial; background-size: initial; background-origin: initial; background-clip: initial; background-position: initial; background-repeat: initial;\">Requisitos\na serem observados:<o:p></o:p></span></p>\n\n<p class=\"MsoListParagraphCxSpFirst\" style=\"text-align: justify; text-indent: -18pt; widows: 2; font-stretch: normal; orphans: 2;\"><!--[if !supportLists]--><span lang=\"PT-BR\" style=\"font-size: 13pt; line-height: 115%; font-family: Symbol; letter-spacing: 0.15pt;\">·<span style=\"font-stretch: normal; font-size: 7pt; line-height: normal; font-family: \'Times New Roman\';\">&nbsp;&nbsp;&nbsp;&nbsp;&nbsp;&nbsp;&nbsp;\n</span></span><!--[endif]--><span lang=\"PT-BR\" style=\"font-size: 13pt; line-height: 115%; font-family: Helvetica, sans-serif; letter-spacing: 0.15pt; background-image: initial; background-attachment: initial; background-size: initial; background-origin: initial; background-clip: initial; background-position: initial; background-repeat: initial;\">Previsão em Convenção ou Acordo\nColetivo de trabalho;<o:p></o:p></span></p>\n\n<p class=\"MsoListParagraphCxSpMiddle\" style=\"text-align:justify;text-indent:-18.0pt;\nmso-list:l0 level1 lfo1\"><!--[if !supportLists]--><span lang=\"PT-BR\" style=\"font-size: 13pt; line-height: 115%; font-family: Symbol; letter-spacing: 0.15pt;\">·<span style=\"font-stretch: normal; font-size: 7pt; line-height: normal; font-family: \'Times New Roman\';\">&nbsp;&nbsp;&nbsp;&nbsp;&nbsp;&nbsp;&nbsp;\n</span></span><!--[endif]--><span lang=\"PT-BR\" style=\"font-size: 13pt; line-height: 115%; font-family: Helvetica, sans-serif; letter-spacing: 0.15pt; background-image: initial; background-attachment: initial; background-size: initial; background-origin: initial; background-clip: initial; background-position: initial; background-repeat: initial;\">Aprovação dos empregados\ndevidamente representados pelo Sindicado da Categoria;<o:p></o:p></span></p>\n\n<p class=\"MsoListParagraphCxSpMiddle\" style=\"text-align:justify;text-indent:-18.0pt;\nmso-list:l0 level1 lfo1\"><!--[if !supportLists]--><span lang=\"PT-BR\" style=\"font-size: 13pt; line-height: 115%; font-family: Symbol; letter-spacing: 0.15pt;\">·<span style=\"font-stretch: normal; font-size: 7pt; line-height: normal; font-family: \'Times New Roman\';\">&nbsp;&nbsp;&nbsp;&nbsp;&nbsp;&nbsp;&nbsp;\n</span></span><!--[endif]--><span lang=\"PT-BR\" style=\"font-size: 13pt; line-height: 115%; font-family: Helvetica, sans-serif; letter-spacing: 0.15pt; background-image: initial; background-attachment: initial; background-size: initial; background-origin: initial; background-clip: initial; background-position: initial; background-repeat: initial;\">Jornada máxima diária de 10\n(dez) horas, salvo os regimes de escala (como o de 12 x 36);<o:p></o:p></span></p>\n\n<p class=\"MsoListParagraphCxSpMiddle\" style=\"text-align:justify;text-indent:-18.0pt;\nmso-list:l0 level1 lfo1\"><span style=\"widows: 2; font-stretch: normal; orphans: 2;\"><!--[if !supportLists]--><span lang=\"PT-BR\" style=\"font-size: 13pt; line-height: 115%; font-family: Symbol; letter-spacing: 0.15pt;\">·<span style=\"font-stretch: normal; font-size: 7pt; line-height: normal; font-family: \'Times New Roman\';\">&nbsp;&nbsp;&nbsp;&nbsp;&nbsp;&nbsp;&nbsp;\n</span></span><!--[endif]--><span lang=\"PT-BR\" style=\"font-size: 13pt; line-height: 115%; font-family: Helvetica, sans-serif; letter-spacing: 0.15pt; background-image: initial; background-attachment: initial; background-size: initial; background-origin: initial; background-clip: initial; background-position: initial; background-repeat: initial;\">Jornada máxima semanal de 44\n(quarenta e quatro) horas previstas durante o ano do acordo;</span><o:p></o:p></span></p>\n\n<p class=\"MsoListParagraphCxSpMiddle\" style=\"text-align:justify;text-indent:-18.0pt;\nmso-list:l0 level1 lfo1\"><!--[if !supportLists]--><span lang=\"PT-BR\" style=\"font-size: 13pt; line-height: 115%; font-family: Symbol; letter-spacing: 0.15pt;\">·<span style=\"font-stretch: normal; font-size: 7pt; line-height: normal; font-family: \'Times New Roman\';\">&nbsp;&nbsp;&nbsp;&nbsp;&nbsp;&nbsp;&nbsp;\n</span></span><!--[endif]--><span lang=\"PT-BR\" style=\"font-size: 13pt; line-height: 115%; font-family: Helvetica, sans-serif; letter-spacing: 0.15pt; background-image: initial; background-attachment: initial; background-size: initial; background-origin: initial; background-clip: initial; background-position: initial; background-repeat: initial;\">Compensação das horas dentro do\nperíodo máximo de 1 (um) ano;<o:p></o:p></span></p>\n\n<p class=\"MsoListParagraphCxSpLast\" style=\"text-align:justify;text-indent:-18.0pt;\nmso-list:l0 level1 lfo1\"><!--[if !supportLists]--><span lang=\"PT-BR\" style=\"font-size: 13pt; line-height: 115%; font-family: Symbol; letter-spacing: 0.15pt;\">·<span style=\"font-stretch: normal; font-size: 7pt; line-height: normal; font-family: \'Times New Roman\';\">&nbsp;&nbsp;&nbsp;&nbsp;&nbsp;&nbsp;&nbsp;\n</span></span><!--[endif]--><span lang=\"PT-BR\" style=\"font-size: 13pt; line-height: 115%; font-family: Helvetica, sans-serif; letter-spacing: 0.15pt; background-image: initial; background-attachment: initial; background-size: initial; background-origin: initial; background-clip: initial; background-position: initial; background-repeat: initial;\">Deve ser mantido pela empresa o\ncontrole individual do saldo de horas bem como o acesso e acompanhamento do\nsaldo por parte do empregado;<o:p></o:p></span></p>\n\n<p class=\"MsoNormal\" style=\"text-align:justify\"><span lang=\"PT-BR\" style=\"font-size: 13pt; line-height: 115%; font-family: Helvetica, sans-serif; letter-spacing: 0.15pt; background-image: initial; background-attachment: initial; background-size: initial; background-origin: initial; background-clip: initial; background-position: initial; background-repeat: initial;\">A\nlegislação prevê ainda multa para o empregador caso o empregado esteja\ntrabalhando mais de duas horas extras por dia, a empresa pode ser multada,\ndependendo da quantidade de empregados, no valor que varia de R$&nbsp;40,25 a\nR$ 4.025,00, dobrando em caso de reincidência. <o:p></o:p></span></p>\n\n<p class=\"MsoNormal\" style=\"text-align: justify; widows: 2; font-stretch: normal; orphans: 2;\"><span lang=\"PT-BR\" style=\"font-size: 13pt; line-height: 115%; font-family: Helvetica, sans-serif; letter-spacing: 0.15pt; background-image: initial; background-attachment: initial; background-size: initial; background-origin: initial; background-clip: initial; background-position: initial; background-repeat: initial;\">Nos\ncasos em que o Acordo ou a Convenção estabelecer penalidade pelo descumprimento\ndo acordo do&nbsp; banco de horas, a empresa sofrerá a penalidade firmada no\nacordo, sendo o valor da multa variável.<o:p></o:p></span></p>\n\n<p class=\"MsoNormal\" style=\"text-align:justify\"><span lang=\"PT-BR\" style=\"font-size: 13pt; line-height: 115%; font-family: Helvetica, sans-serif; letter-spacing: 0.15pt; background-image: initial; background-attachment: initial; background-size: initial; background-origin: initial; background-clip: initial; background-position: initial; background-repeat: initial;\"><o:p>&nbsp;</o:p></span></p>\n\n<p class=\"MsoNormal\" style=\"text-align:justify\"><span lang=\"PT-BR\" style=\"font-size: 13pt; line-height: 115%; font-family: Helvetica, sans-serif; letter-spacing: 0.15pt; background-image: initial; background-attachment: initial; background-size: initial; background-origin: initial; background-clip: initial; background-position: initial; background-repeat: initial;\">Fonte:\n<a href=\"http://www.guiatrabalhista.com.br/tematicas/banco-horas.htm\">http://www.guiatrabalhista.com.br/tematicas/banco-horas.htm</a><o:p></o:p></span></p>\n\n<span lang=\"PT-BR\" style=\"font-size: 13pt; line-height: 115%; font-family: Helvetica, sans-serif; letter-spacing: 0.15pt; background-image: initial; background-attachment: initial; background-size: initial; background-origin: initial; background-clip: initial; background-position: initial; background-repeat: initial;\">Art. 59 - § 2º:&nbsp;Poderá ser dispensado o\nacréscimo de salário se, por força de acordo ou convenção coletiva de trabalho,\no excesso de horas em um dia for compensado pela correspondente diminuição em\noutro dia, de maneira que não exceda, no período máximo de um ano, à soma das\njornadas semanais de trabalho previstas, nem seja ultrapassado o limite máximo\nde dez horas diárias.</span>','Acordo_Assinado_Redução_de_Dias.pdf',0),(6,'HORÁRIO FLEXÍVEL - MOBILIDADE DE HORÁRIO','<h5 style=\'text-align: justify; color: rgb(51, 51, 51); font-family: Gotham, \"Helvetica Neue\", Helvetica, Arial, sans-serif;\'><span>O horário flexível consiste na possibilidade de gerar a mobilidade de horário de entrada e de saída para empregados que possuam controle de jornada de trabalho, ou seja, um empregado que chegar até uma hora antes da sua escala de trabalho e administrar a quantidade equivalente de tempo durante o dia poderá flexibilizar sua jornada de trabalho adequando seu horário seja por um interesse da empresa ou do próprio empregado em determinado dia da semana sem que haja efetivamente a necessidade de alteração de escala de trabalho.</span></h5><h5 style=\'text-align: justify; color: rgb(51, 51, 51); font-family: Gotham, \"Helvetica Neue\", Helvetica, Arial, sans-serif;\'><span>Normalmente&nbsp;utilizado por mensalistas (associates), pois&nbsp;há a necessidade do controle da jornada de trabalho através da marcação de ponto,&nbsp;esta possibilidade de compensação é prevista em aditivo de contrato de trabalho (anexo).</span></h5><h5 style=\'text-align: justify; color: rgb(51, 51, 51); font-family: Gotham, \"Helvetica Neue\", Helvetica, Arial, sans-serif;\'><span>Não deve ser confundido com tolerância de jornada, conceito este utilizado para abrandar atrasos de até 15 minutos (dependendo da localidade e de convenção coletiva de trabalho). A principal diferença é que a tolerância de jornada não requer a compensação do atraso, enquanto que o horário flexível permite que o empregado planeje a sua jornada diária dentro dos limites estipulados (normalmente com mobilidade de uma hora sobre a jornada normal).<br></span><span><br></span></h5>','',1),(7,'COMPENSAÇÃO DE JORNADA - \"FLEXIBILIDADE DE HORAS\"','<p><font color=\"#000000\" face=\"Times New Roman\" size=\"3\">\n\n</font><font color=\"#000000\" face=\"Calibri\" size=\"3\">O \"Acordo de Banco de Horas\" ou\n\"Acordo de Compensação de Jornada\" é um acordo de compensação em que\nas horas excedentes trabalhadas em um dia são compensadas com a correspondente\ndiminuição da jornada em outro dia. Sua validade está prevista na Consolidação\ndas Leis do Trabalho (CLT), no parágrafo 2º do artigo 59.&nbsp;&nbsp;</font></p><p><font color=\"#000000\" face=\"Times New Roman\" size=\"3\">\n\n</font><font color=\"#000000\" face=\"Calibri\" size=\"3\">A Compensação de Jornada é o regime de trabalho em\nque o empregado prorroga a sua jornada laboral em alguns dias e reduz a jornada\nem outros dias, de forma que, no final, ele obedeça à jornada normal de um\nperíodo (um módulo), sem que haja o pagamento de horas extras. Comumente\nconsidera-se como “Compensação de Jornada” a forma clássica de sua aplicação,\nsendo esta por períodos semanais ou mensais; e como “Banco de Horas” a forma de\nflexibilização da jornada instituída pela Lei nº 9.601/98 e suas alterações\nposteriores, cuja compensação se dá no período de um ano.</font></p><p><font color=\"#000000\" face=\"Times New Roman\" size=\"3\">\n\n</font><font color=\"#000000\" face=\"Calibri\" size=\"3\">A CLT prevê que a validade deste sistema está\ncondicionada a sua instituição mediante Acordo ou Convenção Coletiva de\nTrabalho, vale dizer, mediante a participação do Sindicato da categoria. A adoção\nou não à esta possibilidade é uma decisão do empregador e faz parte do seu\npoder diretivo. Uma vez instituído, o trabalhador deve aceitar e, havendo\nqualquer irregularidade, poderá o empregado se insurgir, futuramente,\ningressando com uma ação judicial.</font></p><p><font color=\"#000000\" face=\"Times New Roman\" size=\"3\">\n\n</font><font color=\"#000000\" face=\"Calibri\" size=\"3\">A vantagem para o trabalhador é saber que haverá\npossibilidade de compensar as horas extras trabalhadas. Para o empregador, a\nvantagem é não ter de efetuar o pagamento das horas extras nem seus reflexos\nnas demais verbas trabalhistas. As horas trabalhadas além da jornada podem ser\ncompensadas com entrada mais tarde ao serviço ou saída mais cedo; também com\nfolgas a mais durante a semana. O empregado deverá estabelecer as datas de\ndescanso com o empregador, para que não coincidam as compensações de vários\nempregados ao mesmo tempo, de modo a evitar prejuízos ao andamento das\natividades empresariais.</font></p><p><font color=\"#000000\" face=\"Times New Roman\" size=\"3\">\n\n</font><font color=\"#000000\" face=\"Calibri\" size=\"3\">Vale lembrar que a CLT estabelece que, para efeitos\ndo acordo, o limite da jornada é de 10 horas diárias, ou seja, 2 horas extras\npor dia e o acordo de compensação tem validade por 1 ano. Caso haja frequente\ninobservância desse limite de 10 horas diárias, bem como a inobservância do\nperíodo de 1 ano para liquidação das horas e renovação do acordo de\ncompensação, o Banco de Horas torna-se inválido e todas as horas excedentes\ntrabalhadas devem ser pagas com o respectivo adicional de horas extras. Havendo\nirregularidade no Banco de Horas, será devido ao empregado apenas o adicional\nsobre as horas extras já compensadas. </font></p><p><font color=\"#000000\" face=\"Times New Roman\" size=\"3\">\n\n</font><font color=\"#000000\" face=\"Calibri\" size=\"3\">As horas extras trabalhadas, habitualmente, devem\nrefletir nas demais verbas trabalhistas, tais como férias mais 1/3, 13º\nsalários, depósitos do FGTS e aviso prévio.</font></p><p><font color=\"#000000\" face=\"Times New Roman\" size=\"3\">\n\n</font><font color=\"#000000\" face=\"Calibri\" size=\"3\">Quando pensamos em uma flexibilização da jornada de\ntrabalho, a primeira dúvida que surge se refere ao modo de sua instituição. Tal\nquestionamento originou-se da ambiguidade do inciso XIII, do artigo 7º, da\nConstituição Federal, ao mencionar “facultada a compensação de horários e a\nredução da jornada, mediante acordo ou convenção coletiva de trabalho”. Assim,\na dúvida, ainda recorrente entre empregadores, seria sobre a possibilidade ou\nimpossibilidade de instituição da compensação de jornada mediante acordo\nindividual entre empregador e empregado, já que o referido dispositivo afastou\no verbete “acordo” da qualificação restritiva “coletivo”.</font></p><p><font color=\"#000000\" face=\"Times New Roman\" size=\"3\">\n\n</font><font color=\"#000000\" face=\"Calibri\" size=\"3\">Neste sentido, há quem defenda que a construção do\ntexto teria sido proposital, justamente para ampliar o acesso à medida, uma vez\nque, caso sua implantação fosse aceita apenas por meio de negociação coletiva,\na compensação seria inviabilizada em diversos segmentos, como, por exemplo, no\nâmbito de pequenos empreendimentos (onde é rara a celebração de acordos\ncoletivos e convenções coletivas) e entidades de Direito Público. Ademais,\ntambém se justifica tal entendimento ao se verificar que a Constituição Federal\nteve o cuidado de se reportar expressamente a “acordo coletivo e convenção\ncoletiva” ou “negociação coletiva” quanto pretendeu restringir a aplicação da\nmedida referente, como se vê nos incisos VI, XIV e XXVI, do seu artigo 7º. Não\nmenos importante, também se argumenta a este favor ao se ressaltar que a\ncompensação de jornada, em seu formato tradicional (por período semanal ou\nmensal), seria uma medida predominantemente favorável ao trabalhador,\ncaracterizando um contrassenso da Constituição Federal engessar a sua\naplicação, já que o artigo 7º fala em direitos que “visem à melhoria de sua\ncondição social”.</font></p><p><font color=\"#000000\" face=\"Times New Roman\" size=\"3\">\n\n</font><font color=\"#000000\" face=\"Calibri\" size=\"3\">Noutra esteira, independentemente do posicionamento\nadotado quanto à possibilidade de utilização de acordo individual para\nimplementação da flexibilização da jornada, desde a vigência da Lei 9.601/98, é\nmajoritário o entendimento de que a modalidade de compensação de jornada por\nperíodo anual (Banco de Horas) seria desfavorável ao trabalhador,\nconsiderando-se que a realização de horas suplementares por tão longo período\npode provocar danos à saúde e a segurança do trabalho, estando eliminada,\nassim, a reciprocidade de vantagens da medida. Para elucidação do tema, cito os\nensinamentos do Ilustre Ministro do Tribunal Superior do Trabalho, Maurício\nGodinho Delgado (DELGADO, Maurício Godinho. Curso de Direito do Trabalho. 12ª\ned. São Paulo: LTr, 2013. P. 907.):</font></p><p><font color=\"#000000\" face=\"Times New Roman\" size=\"3\">\n\n</font><font color=\"#000000\" face=\"Calibri\" size=\"3\">A pactuação de horas complementares à jornada\npadrão, que extenue o trabalhador ao longo de diversas semanas e meses, cria\nriscos adicionais inevitáveis à saúde e à segurança daquele que presta\nserviços, deteriorando as condições de saúde, higiene e segurança no trabalho\n(em contraponto, aliás, àquilo que estabelece o art. 7º, XXII, da\nConstituição). O regime de compensação anual, desse modo, escapa à dubiedade\ninstigante que respondia pelo prestígio do mecanismo compensatório no estuário\nnormativo da Constituição da República, já que deixa de ser manejado em\nextensão ponderada, perdendo, nesse aspecto, o caráter de vantagem trabalhista\nem benefício recíproco de ambas as partes contratuais. [...].</font></p><p><font color=\"#000000\" face=\"Times New Roman\" size=\"3\">\n\n</font><font color=\"#000000\" face=\"Calibri\" size=\"3\">[...] As vantagens que o regime flexibilizatório conferiam\nao empregador já eram, na época [anteriormente à Lei 9.601/98], óbvias,\npropiciando a realização de adequações tópicas e circunstanciais no horário\nlaborativo dos obreiros no contexto da empresa, elevando, com isso, a\nprodutividade no trabalho.</font></p><p><font color=\"#000000\" face=\"Times New Roman\" size=\"3\">\n\n</font><font color=\"#000000\" face=\"Calibri\" size=\"3\">[...] Efetivamente, quando utilizado em extensão\nponderada, este mecanismo permitia [como vantagens ao empregado] a concentração\nmais racional do tempo do obreiro nas atividades laborativas, alargando-lhe, em\ncontrapartida, o tempo para livre disponibilidade pessoal, sem prejuízo às\ncautelas recomendáveis no tocante à saúde e segurança laborais.</font></p><p><font color=\"#000000\" face=\"Times New Roman\" size=\"3\">\n\n</font><font color=\"#000000\" face=\"Calibri\" size=\"3\">Entretanto, em que pesem as constantes discussões\nquanto ao tema, atualmente prevalece a tese de que será válido o acordo\nindividual escrito somente para instituição do regime compensatório tradicional\n(semanal ou mensal), com fundamento na nova redação da Súmula 85 (itens I, II e\nV) do Tribunal Superior do Trabalho, in verbis:</font></p><p><font color=\"#000000\" face=\"Times New Roman\" size=\"3\">\n\n</font><font color=\"#000000\" face=\"Calibri\" size=\"3\">Súmula nº 85, do Tribunal Superior do Trabalho.</font></p><p><font color=\"#000000\" face=\"Times New Roman\" size=\"3\">\n\n</font><font color=\"#000000\" face=\"Calibri\" size=\"3\">COMPENSAÇÃO DE JORNADA (inserido o item V) - Res.\n174/2011, DEJT divulgado em 27, 30 e 31.05.2011.</font></p><p><font color=\"#000000\" face=\"Times New Roman\" size=\"3\">\n\n</font><font color=\"#000000\" face=\"Calibri\" size=\"3\">I. A compensação de jornada de trabalho deve ser\najustada por acordo individual escrito, acordo coletivo ou convenção coletiva.\n(ex-Súmula nº 85 - primeira parte - alterada pela Res. 121/2003, DJ\n21.11.2003).</font></p><p><font color=\"#000000\" face=\"Times New Roman\" size=\"3\">\n\n</font><font color=\"#000000\" face=\"Calibri\" size=\"3\">II. O acordo individual para compensação de horas é\nválido, salvo se houver norma coletiva em sentido contrário. (ex-OJ nº 182 da\nSBDI-1- inserida em 08.11.2000).</font></p><p><font color=\"#000000\" face=\"Times New Roman\" size=\"3\">\n\n</font><font color=\"#000000\" face=\"Calibri\" size=\"3\">[...].</font></p><p><font color=\"#000000\" face=\"Times New Roman\" size=\"3\">\n\n</font><font color=\"#000000\" face=\"Calibri\" size=\"3\">V. As disposições contidas nesta súmula não se\naplicam ao regime compensatório na modalidade “banco de horas”, que somente\npode ser instituído por negociação coletiva.</font></p><p><font color=\"#000000\" face=\"Times New Roman\" size=\"3\">\n\n</font><font color=\"#000000\" face=\"Calibri\" size=\"3\">Quanto ao período, como dito anteriormente, a\ncompensação poderá ser estipulada para cumprimento em uma mesma semana, mês ou\nano. Sendo que deverá sempre ser obedecido o limite temporal da jornada\ndeterminado pela Constituição Federal (art. 7º, XII), retificado pelo parágrafo\n2º, do artigo 59, da Consolidação das Leis do Trabalho, de duas horas extras ao\ndia, ou o máximo de dez horas diárias.</font></p><p><font color=\"#000000\" face=\"Times New Roman\" size=\"3\">\n\n</font><font color=\"#000000\" face=\"Calibri\" size=\"3\">Aqui cabe a ressalva de que o entendimento\nmajoritário quanto aos limites da jornada extraordinária é no sentido de que,\nmesmo se a jornada de trabalho normal for inferior a oito horas, deverá ser\nobservado o limite máximo de duas horas prorrogadas por dia, para não expor o\nempregado a longas prorrogações de jornada, em prejuízo à sua saúde e segurança\nno trabalho.</font></p><p><font color=\"#000000\" face=\"Times New Roman\" size=\"3\">\n\n</font><font color=\"#000000\" face=\"Calibri\" size=\"3\">Quando o regime implantado for o Banco de Horas, o\nperíodo de um ano para compensação será determinado pela validade do acordo\ncoletivo ou convenção coletiva que houver instituído a medida.</font></p><p><font color=\"#000000\" face=\"Times New Roman\" size=\"3\">\n\n</font><font color=\"#000000\" face=\"Calibri\" size=\"3\">No caso de rescisão do contrato de trabalho no\ncurso do Banco de Horas, antes de terminado o período de compensação, o\nempregado deve receber as horas prorrogadas e não compensadas como\nextraordinárias (art. 59, § 3º, CLT). O pagamento das horas excedentes deve\nocorrer não só na dispensa sem justa causa, mas também, por exemplo, na\ndespedida indireta, na dispensa com justa causa, na culpa recíproca e no pedido\nde demissão; já que não há distinção quanto ao modo de encerramento do contrato\nde trabalho no dispositivo em referência.</font></p><p><font color=\"#000000\" face=\"Times New Roman\" size=\"3\">\n\n</font><font color=\"#000000\" face=\"Calibri\" size=\"3\">Por outro lado, no caso do empregado ainda não ter\ncumprido todas as horas que deveria pela compensação quando do encerramento do\ncontrato, ainda que a rescisão seja por justa causa, ou pedido de demissão, o\nempregador não poderá descontar o saldo negativo do mesmo. A justificativa é\nque como o Banco de Horas é feito no interesse do empregador, eventual saldo\nnegativo fará parte do risco da atividade econômica.</font></p><p><font color=\"#000000\" face=\"Times New Roman\" size=\"3\">\n\n</font><font color=\"#000000\" face=\"Calibri\" size=\"3\">Há quem defenda que, na hipótese mencionada acima,\no referido crédito de horas a favor do empregador poderia ser compensado com\noutro crédito do empregado na rescisão, pois do contrário haveria\nenriquecimento sem causa do empregado, devendo-se observar o limite de um mês\nde remuneração, na forma do artigo 477, § 5º, da Consolidação das Leis do\nTrabalho.</font></p><p><font color=\"#000000\" face=\"Times New Roman\" size=\"3\">\n\n</font><font color=\"#000000\" face=\"Calibri\" size=\"3\">No que tange ao descumprimento das formalidades\nlegais para aplicação da medida, considerando a compensação em período semanal,\na Súmula 85 do Tribunal Superior do Trabalho determina que o empregador pagará\nao empregado somente o adicional de horas extras para as horas que\nultrapassarem oito horas diárias:</font></p><p><font color=\"#000000\" face=\"Times New Roman\" size=\"3\">\n\n</font><font color=\"#000000\" face=\"Calibri\" size=\"3\">Súmula nº 85, do Tribunal Superior do Trabalho.</font></p><p><font color=\"#000000\" face=\"Times New Roman\" size=\"3\">\n\n</font><font color=\"#000000\" face=\"Calibri\" size=\"3\">COMPENSAÇÃO DE JORNADA (inserido o item V) - Res.\n174/2011, DEJT divulgado em 27, 30 e 31.05.2011.</font></p><p><font color=\"#000000\" face=\"Times New Roman\" size=\"3\">\n\n</font><font color=\"#000000\" face=\"Calibri\" size=\"3\">[...].</font></p><p><font color=\"#000000\" face=\"Times New Roman\" size=\"3\">\n\n</font><font color=\"#000000\" face=\"Calibri\" size=\"3\">III – O mero não atendimento das exigências legais\npara a compensação de jornada, inclusive quando encetada mediante acordo\ntácito, não implica a repetição do pagamento das horas excedentes à jornada\nnormal diária, se não dilatada a jornada máxima semanal, sendo devido apenas o\nrespectivo adicional.</font></p><p><font color=\"#000000\" face=\"Times New Roman\" size=\"3\">\n\n</font><font color=\"#000000\" face=\"Calibri\" size=\"3\">[...].</font></p><p><font color=\"#000000\" face=\"Times New Roman\" size=\"3\">\n\n</font><font color=\"#000000\" face=\"Calibri\" size=\"3\">Isso ocorre porque, na verdade, o empregado não\nestá fazendo hora extra, pois está trabalhando apenas durante a jornada\nconstitucional de quarenta e quatro horas semanais. Assim, ele receberá o\nadicional pelas horas prorrogadas e compensadas apenas em função da\nirregularidade do regime de compensação.</font></p><p><font color=\"#000000\" face=\"Times New Roman\" size=\"3\">\n\n</font><font color=\"#000000\" face=\"Calibri\" size=\"3\">Se o empregado tiver regime de compensação semanal\nou mensal estabelecido regularmente por acordo escrito, mas habitualmente\npreste horas extras (além das compensadas), restará descaracterizado o regime\nde compensação, conforme disposição do item IV da Súmula 85 do Tribunal\nSuperior do Trabalho:</font></p><p><font color=\"#000000\" face=\"Times New Roman\" size=\"3\">\n\n</font><font color=\"#000000\" face=\"Calibri\" size=\"3\">Súmula nº 85, do Tribunal Superior do Trabalho.</font></p><p><font color=\"#000000\" face=\"Times New Roman\" size=\"3\">\n\n</font><font color=\"#000000\" face=\"Calibri\" size=\"3\">COMPENSAÇÃO DE JORNADA (inserido o item V) - Res.\n174/2011, DEJT divulgado em 27, 30 e 31.05.2011.</font></p><p><font color=\"#000000\" face=\"Times New Roman\" size=\"3\">\n\n</font><font color=\"#000000\" face=\"Calibri\" size=\"3\">[...].</font></p><p><font color=\"#000000\" face=\"Times New Roman\" size=\"3\">\n\n</font><font color=\"#000000\" face=\"Calibri\" size=\"3\">IV – A prestação de horas extras habituais\ndescaracteriza o acordo de compensação de jornada. Nesta hipótese, as horas que\nultrapassarem a jornada semanal normal deverão ser pagas como horas\nextraordinárias e, quanto àquelas destinadas à compensação, deverá ser pago a\nmais apenas o adicional por trabalho extraordinário.</font></p><p><font color=\"#000000\" face=\"Times New Roman\" size=\"3\">\n\n</font><font color=\"#000000\" face=\"Calibri\" size=\"3\">[...].</font></p><p><font color=\"#000000\" face=\"Times New Roman\" size=\"3\">\n\n</font><font color=\"#000000\" face=\"Calibri\" size=\"3\">A descaracterização se baseia na incompatibilidade\nentre o regime de compensação e a realização de horas extraordinárias. Assim,\nhavendo prestação de horas extras habituais, o empregador terá que pagar ao\nempregado o adicional de horas extras (apenas o adicional) pelas horas\nprorrogadas e compensadas, e pagará hora extra integral pelas horas que\nultrapassem o limite de quarenta e quatro horas semanais.</font></p><p><font color=\"#000000\" face=\"Times New Roman\" size=\"3\">\n\n</font><font color=\"#000000\" face=\"Calibri\" size=\"3\">O Tribunal Superior do Trabalho firmou\nentendimento, por meio da Súmula 444, no sentido de que é válido o regime de\ncompensação de jornada em turnos de 12 por 36 horas, desde que autorizado por\nacordo coletivo ou convenção coletiva de trabalho, afastando a discussão acerca\nda licitude da medida em função da prorrogação acima de duas horas por dia na\njornada normal. A súmula ainda dispõe que fica “assegurada a remuneração em\ndobro dos feriados trabalhados” e que o “empregado não tem direito ao pagamento\nde adicional referente ao labor prestado na décima primeira e décima segunda\nhoras”.</font></p><p><font color=\"#000000\" face=\"Times New Roman\" size=\"3\">\n\n</font><font color=\"#000000\" face=\"Calibri\" size=\"3\">Nesse regime, se considera que as horas de descanso\ncompensam o descanso semanal, portanto, não há pagamento como extra das horas\ntrabalhadas em dias de folga.</font></p><p><font color=\"#000000\" face=\"Times New Roman\" size=\"3\">\n\n</font><font color=\"#000000\" face=\"Calibri\" size=\"3\">Por fim, é importante lembrar que, para atividades\ninsalubres, quaisquer prorrogações de jornada (inclusive compensação de\nhorários) só poderão ser acordadas mediante licença prévia das autoridades\ncompetentes em matéria de segurança e medicina do trabalho, na forma do artigo\n60, da Consolidação das Leis do Trabalho, não sendo suficiente, neste caso,\nsomente a previsão em acordo coletivo ou convenção coletiva de trabalho.</font></p><p><font color=\"#000000\" face=\"Times New Roman\" size=\"3\">\n\n</font><font color=\"#000000\" face=\"Times New Roman\" size=\"3\"><br></font></p><p style=\"margin: 0cm 0cm 0pt; text-align: justify; line-height: normal;\"><font color=\"#000000\" face=\"Calibri\" size=\"3\">FONTES:</font></p><p><font color=\"#000000\" face=\"Times New Roman\" size=\"3\">\n\n</font><a href=\"http://presrepublica.jusbrasil.com.br/legislacao/91972/constituicao-da-republica-federativa-do-brasil-1988\"><u><font color=\"#0000ff\" face=\"Calibri\" size=\"3\">Constituição\nFederal, 1988.</font></u></a></p><p><font color=\"#000000\" face=\"Times New Roman\" size=\"3\">\n\n</font><a href=\"http://presrepublica.jusbrasil.com.br/legislacao/91896/consolidacao-das-leis-do-trabalho-decreto-lei-5452-43\"><u><font color=\"#0000ff\" face=\"Calibri\" size=\"3\">Consolidação\ndas Leis do Trabalho, 1943.</font></u></a></p><p><font color=\"#000000\" face=\"Times New Roman\" size=\"3\">\n\n</font><a href=\"http://presrepublica.jusbrasil.com.br/legislacao/103514/lei-9601-98\"><u><font color=\"#0000ff\" face=\"Calibri\" size=\"3\">Lei\nnº 9.601, de 21 de janeiro de 1998.</font></u></a></p><p><font color=\"#000000\" face=\"Times New Roman\" size=\"3\">\n\n</font><a href=\"http://www3.tst.jus.br/jurisprudencia/Sumulas_com_indice/Sumulas_Ind_401_450.html#SUM-444\"><u><font color=\"#0000ff\" face=\"Calibri\" size=\"3\">Súmula\n444, Tribunal Superior do Trabalho.</font></u></a></p><p><font color=\"#000000\" face=\"Times New Roman\" size=\"3\">\n\n</font><a href=\"http://www3.tst.jus.br/jurisprudencia/Sumulas_com_indice/Sumulas_Ind_51_100.html#SUM-85\"><u><font color=\"#0000ff\" face=\"Calibri\" size=\"3\">Súmula\n85, Tribunal Superior do Trabalho</font></u></a><font color=\"#000000\" face=\"Calibri\" size=\"3\">.</font></p><p><font color=\"#000000\" face=\"Times New Roman\" size=\"3\">\n\n</font><font color=\"#000000\" face=\"Calibri\" size=\"3\">DELGADO, Maurício Godinho. Curso de Direito do\nTrabalho. 12ª ed. São Paulo: LTr, 2013.</font></p><p><font color=\"#000000\" face=\"Times New Roman\" size=\"3\">\n\n</font><font color=\"#000000\" face=\"Calibri\" size=\"3\">FARACO, Marcela. A Flexibilização da Jornada de\nTrabalho: Compensação de Jornada e Banco de Horas. Jus Brasil, 30 nov. 2014.\nDisponível em: </font><a href=\"http://marcelafaraco.jusbrasil.com.br/publicacoes\"><u><font color=\"#0000ff\" face=\"Calibri\" size=\"3\">http://marcelafaraco.jusbrasil.com.br/publicacoes</font></u></a><font color=\"#000000\" face=\"Calibri\" size=\"3\">.</font></p><p><font color=\"#000000\" face=\"Times New Roman\" size=\"3\">\n\n</font><br></p>','',1),(8,'TRABALHO EM CASA - \"HOME OFFICE\"','<h2 style=\"margin-top:0cm;line-height:150%\"><span style=\"line-height: 150%; font-size: 14px;\"><font face=\"Helvetica\">O\ntrabalho à distância, também conhecido como Home Office.</font></span></h2><p class=\"01TESTO\" style=\"margin:0cm;margin-bottom:.0001pt;line-height:150%\"><span style=\"line-height: 150%; font-size: 14px;\"><font face=\"Helvetica\">&nbsp;</font></span></p><h2 style=\"margin-top:0cm;line-height:150%\"><font face=\"Helvetica\"><a name=\"_Toc451423082\"><span style=\"line-height: 150%; color: windowtext; font-size: 14px;\">LEGISLAÇÃO</span></a><span style=\"font-size: 10pt; line-height: 150%; color: windowtext;\"><o:p></o:p></span></font></h2><p class=\"01TESTO\" style=\"margin:0cm;margin-bottom:.0001pt;line-height:150%\"><span style=\"font-size: 10pt; line-height: 150%;\"><font face=\"Helvetica\"><span style=\"font-size: 14px;\">Sem\nlegislação especifica, utilizam-se as regras básicas de CLT associadas ao\nvínculo empregatício: subordinação hierárquica, habitualidade, dependência\neconômica e pessoalidade, em conformidade com o artigo 3º da CLT.</span><o:p></o:p></font></span></p><h2 style=\"margin-top:0cm;line-height:150%\"><a name=\"_Toc451423083\"><span style=\"line-height: 150%; color: windowtext; font-size: 14px;\"><font face=\"Helvetica\">&nbsp;</font></span></a></h2><h2 style=\"margin-top:0cm;line-height:150%\"><font face=\"Helvetica\"><span style=\"line-height: 150%; color: windowtext; font-size: 14px;\">JORNADA DE\nTRABALHO</span><span style=\"font-size: 10pt; line-height: 150%; color: windowtext;\"><o:p></o:p></span></font></h2><p class=\"01TESTO\" style=\"margin:0cm;margin-bottom:.0001pt;line-height:150%\"><span style=\"font-size: 10pt; line-height: 150%;\"><font face=\"Helvetica\"><span style=\"font-size: 14px;\">Para\nempregados sem controle de jornada de trabalho mantem-se o sistema no dia de\nhome Office.</span><o:p></o:p></font></span></p><p class=\"01TESTO\" style=\"margin:0cm;margin-bottom:.0001pt;line-height:150%\"><span style=\"font-size: 10pt; line-height: 150%;\"><font face=\"Helvetica\"><span style=\"font-size: 14px;\">Para\nempregados com controle de jornada de trabalho, no dia de home office é\najustado aditivo de contrato para jornada externa não controladas.</span><o:p></o:p></font></span></p><p class=\"01TESTO\" style=\"margin:0cm;margin-bottom:.0001pt;line-height:150%\"><span style=\"font-size: 10pt; line-height: 150%;\"><font face=\"Helvetica\"><span style=\"font-size: 14px;\">Para\nambos os casos não é definida jornada fixa, empregado organizará a jornada no\ndia escolhido.</span><o:p></o:p></font></span></p><p class=\"01TESTO\" style=\"margin:0cm;margin-bottom:.0001pt;line-height:150%\"><span style=\"font-size: 10pt; line-height: 150%;\"><font face=\"Helvetica\"><span style=\"font-size: 14px;\">Qualquer\nque seja a jornada que o empregado adote, obrigatoriamente haverá um intervalo\nde uma hora para fins de alimentação e descanso.</span><o:p></o:p></font></span></p><h2 style=\"margin-top:0cm;line-height:150%\"><a name=\"_Toc451423084\"><span style=\"line-height: 150%; color: windowtext; font-size: 14px;\"><font face=\"Helvetica\">&nbsp;</font></span></a></h2><h2 style=\"margin-top:0cm;line-height:150%\"><font face=\"Helvetica\"><span style=\"line-height: 150%; color: windowtext; font-size: 14px;\">MONITORAMENTO</span><span style=\"font-size: 10pt; line-height: 150%; color: windowtext;\"><o:p></o:p></span></font></h2><p class=\"01TESTO\" style=\"margin:0cm;margin-bottom:.0001pt;line-height:150%\"><span style=\"font-size: 10pt; line-height: 150%;\"><font face=\"Helvetica\"><span style=\"font-size: 14px;\">Para\nempregados que aderirem ao sistema não haverá qualquer tipo de monitoramento\nremoto das atividades, seja por qualquer outro meio.</span><o:p></o:p></font></span></p><h2 style=\"margin-top:0cm;line-height:150%\"><a name=\"_Toc451423085\"><span style=\"line-height: 150%; color: windowtext; font-size: 14px;\"><font face=\"Helvetica\">&nbsp;</font></span></a></h2><h2 style=\"margin-top:0cm;line-height:150%\"><font face=\"Helvetica\"><span style=\"line-height: 150%; color: windowtext; font-size: 14px;\">ELEGIBILIDADE</span><span style=\"font-size: 10pt; line-height: 150%; color: windowtext;\"><o:p></o:p></span></font></h2><p class=\"01TESTO\" style=\"margin:0cm;margin-bottom:.0001pt;line-height:150%\"><span style=\"font-size: 10pt; line-height: 150%;\"><font face=\"Helvetica\"><span style=\"font-size: 14px;\">Para\naqueles empregados, em qualquer categoria, que executem atividades que possam\nser executadas a distância.</span><o:p></o:p></font></span></p><p class=\"01TESTO\" style=\"margin:0cm;margin-bottom:.0001pt;line-height:150%\"><span style=\"font-size: 10pt; line-height: 150%;\"><font face=\"Helvetica\"><span style=\"font-size: 14px;\">Cada\nempregado poderá optar por até UM DIA por semana na modalidade de Home Office.</span><o:p></o:p></font></span></p><p class=\"01TESTO\" style=\"margin:0cm;margin-bottom:.0001pt;line-height:150%\"><span style=\"font-size: 10pt; line-height: 150%;\"><font face=\"Helvetica\"><span style=\"font-size: 14px;\">O\nempregado deverá ter no mínimo seis meses de contratação.</span><o:p></o:p></font></span></p><p class=\"01TESTO\" style=\"margin:0cm;margin-bottom:.0001pt;line-height:150%\"><span style=\"font-size: 10pt; line-height: 150%;\"><font face=\"Helvetica\"><span style=\"font-size: 14px;\">Somente\npoderá aderir ao empregado aquele que tenha aditivo contratual assinado.</span><o:p></o:p></font></span></p><h2 style=\"margin-top:0cm;line-height:150%\"><a name=\"_Toc451423086\"><span style=\"line-height: 150%; color: windowtext; font-size: 14px;\"><font face=\"Helvetica\">&nbsp;</font></span></a></h2><h2 style=\"margin-top:0cm;line-height:150%\"><font face=\"Helvetica\"><span style=\"line-height: 150%; color: windowtext; font-size: 14px;\">CONTRATO DE\nTRABALHO</span><span style=\"font-size: 10pt; line-height: 150%; color: windowtext;\"><o:p></o:p></span></font></h2><p class=\"01TESTO\" style=\"margin:0cm;margin-bottom:.0001pt;line-height:150%\"><span style=\"font-size: 10pt; line-height: 150%;\"><font face=\"Helvetica\"><span style=\"font-size: 14px;\">Não\nhaverá alterações de contrato, sejam nas questões de jornada semanal, de\nremuneração, benefícios, férias e outras cláusulas.</span><o:p></o:p></font></span></p><p class=\"01TESTO\" style=\"margin:0cm;margin-bottom:.0001pt;line-height:150%\"><span style=\"font-size: 10pt; line-height: 150%;\"><font face=\"Helvetica\"><span style=\"font-size: 14px;\">Aditivo\nde Contrato específico é assinado para regular os dias de Home Office.</span><o:p></o:p></font></span></p><h2 style=\"margin-top:0cm;line-height:150%\"><span style=\"line-height: 150%; color: windowtext; font-size: 14px;\"><font face=\"Helvetica\">&nbsp;</font></span></h2><h2 style=\"margin-top:0cm;line-height:150%\"><font face=\"Helvetica\"><a name=\"_Toc451423087\"><span style=\"line-height: 150%; color: windowtext; font-size: 14px;\">REEMBOLSO DE\nDESPESAS</span></a><span style=\"font-size: 10pt; line-height: 150%; color: windowtext;\"><o:p></o:p></span></font></h2><p class=\"01TESTO\" style=\"margin:0cm;margin-bottom:.0001pt;line-height:150%\"><span style=\"font-size: 10pt; line-height: 150%;\"><font face=\"Helvetica\"><span style=\"font-size: 14px;\">Eventuais\ndespesas no dia de Home Office, que sejam de pequeno valor, em acordo com as\npolíticas da empresa, serão reembolsadas mediante relatório de despesas e\napresentação dos comprovantes das mesmas.</span><o:p></o:p></font></span></p><p class=\"01TESTO\" style=\"margin:0cm;margin-bottom:.0001pt;line-height:150%\"><span style=\"line-height: 150%; font-size: 14px;\"><font face=\"Helvetica\">Não\nserão reembolsadas despesas com alimentação, energia elétrica, mobília,\nequipamentos, internet e outros que sejam de necessidade pessoal do empregado.</font></span></p><p class=\"01TESTO\" style=\"margin:0cm;margin-bottom:.0001pt;line-height:150%\"><span style=\"font-size: 10pt; line-height: 150%;\"><o:p><font face=\"Helvetica\"><br></font></o:p></span></p><p class=\"01TESTO\" style=\"margin:0cm;margin-bottom:.0001pt;line-height:150%\"><a name=\"_Toc451423088\" style=\"font-size: 30px; line-height: 150%; background-color: rgb(255, 255, 255);\"><span style=\"line-height: 150%; color: windowtext; font-size: 14px;\"><font face=\"Helvetica\">RESPONSABILIDADES\nDO EMPREGADO</font></span></a></p><p class=\"01TESTO\" style=\"margin:0cm;margin-bottom:.0001pt;line-height:150%\"><span style=\"font-size: 10pt; line-height: 150%;\"><font face=\"Helvetica\"><span style=\"font-size: 14px;\">Obter\nautorização de sua linha gerencial para entrar na opção home Office mediante\naditivo contratual;</span><o:p></o:p></font></span></p><p class=\"01TESTO\" style=\"margin:0cm;margin-bottom:.0001pt;line-height:150%\"><span style=\"font-size: 10pt; line-height: 150%;\"><font face=\"Helvetica\"><span style=\"font-size: 14px;\">Garantir\no cumprimento de todos os procedimentos de proteção de informação, diretrizes\nde ética comercial e segurança;</span><o:p></o:p></font></span></p><p class=\"01TESTO\" style=\"margin:0cm;margin-bottom:.0001pt;line-height:150%\"><span style=\"font-size: 10pt; line-height: 150%;\"><font face=\"Helvetica\"><span style=\"font-size: 14px;\">Não\nutilizar o seu endereço residencial para contatos comerciais e não divulgar, em\nnome da EMPRESA, o seu endereço residencial em cartões de visita, etc.</span><o:p></o:p></font></span></p><h2 style=\"margin-top:0cm;line-height:150%\"><a name=\"_Toc451423089\"><span style=\"line-height: 150%; color: windowtext; font-size: 14px;\"><font face=\"Helvetica\">&nbsp;</font></span></a></h2><h2 style=\"margin-top:0cm;line-height:150%\"><font face=\"Helvetica\"><span style=\"line-height: 150%; color: windowtext; font-size: 14px;\">RESPONSABILIDADES\nDO GERENTE</span><span style=\"font-size: 10pt; line-height: 150%; color: windowtext;\"><o:p></o:p></span></font></h2><p class=\"01TESTO\" style=\"margin:0cm;margin-bottom:.0001pt;line-height:150%\"><span style=\"font-size: 10pt; line-height: 150%;\"><font face=\"Helvetica\"><span style=\"font-size: 14px;\">Avaliar\nse a utilização desta opção de flexibilidade por parte do(a) EMPREGADO(A) não\ntrará impactos negativos para o negócio e se o(a) EMPREGADO(A) está apto a\ndesempenhar suas funções como home Office, considerando fatores como:\nhabilidade de comunicação, automotivação, pouca necessidade de supervisão,\nindependência para executar o trabalho, bom planejamento, além de despesas\ninerentes a esta forma de trabalho;</span><o:p></o:p></font></span></p><p class=\"01TESTO\" style=\"margin:0cm;margin-bottom:.0001pt;line-height:150%\"><span style=\"line-height: 150%; font-size: 14px;\"><font face=\"Helvetica\">Assegurar\nque o Termo de Adesão ao programa esteja totalmente assinado antes que exista a\nformalização do Home Office.</font></span></p><p class=\"01TESTO\" style=\"margin:0cm;margin-bottom:.0001pt;line-height:150%\"><span style=\"line-height: 150%; font-size: 14px;\"><font face=\"Helvetica\"><br></font></span></p><p class=\"01TESTO\" style=\"margin: 0cm 0cm 0.0001pt;\"><a href=\"http://exame.abril.com.br/topicos/home-office\">http://exame.abril.com.br/topicos/home-office</a><font face=\"Helvetica\"><span style=\"line-height: 21px;\"><a href=\"http://exame.abril.com.br/topicos/home-office\"></a></span></font></p><p class=\"01TESTO\" style=\"margin: 0cm 0cm 0.0001pt;\"><span style=\"line-height: 21px; font-family: Helvetica;\">http://g1.globo.com/jornal-hoje/noticia/2015/09/confira-os-quatro-habitos-essenciais-para-ser-produtivo-no-home-office.html</span></p>','H_OFFICE_Termo_Aditivo_Contrato.docx',1),(15,'HORAS EXTRAS','<p class=\"MsoNormal\" style=\"text-align:justify\"><span lang=\"PT-BR\">As horas laboradas além da jornada normal de\ntrabalho, seja ela 8 horas diárias com 44 semanais e 220 mensais, 6 horas\ndiárias com 36 semanais e 180 mensais, 5 horas diárias com 30 semanais e 150\nmensais ou 4 horas diárias com 20 semanais e 120 horas mensais, são\nconsideradas horas extras.<o:p></o:p></span></p><p class=\"MsoNormal\" style=\"text-align:justify\"><span lang=\"PT-BR\">A Constituição Federal estabelece em seu art.\n7º, Inciso XVI, que o valor do trabalho em horas extras deve ser acrescido de\nno mínimo mais 50%. Os cinquenta por cento de acréscimo pagos nas horas extras\né o chamado adicional de horas extras.<o:p></o:p></span></p><p class=\"MsoNormal\" style=\"text-align:justify\"><span lang=\"PT-BR\">“Artigo 7º... XVI – remuneração do serviço\nextraordinário superior, no mínimo, em cinquenta por cento à do normal;”<o:p></o:p></span></p><p class=\"MsoNormal\" style=\"text-align:justify\"><span lang=\"PT-BR\">Além da Constituição Federal e a Lei Ordinária\n– CLT, as horas extras também são previstas por outros instrumentos legais.\nPodemos lembrar que é comum os acordos ou convenções coletivas tratarem das\nhoras extras, bem como definirem percentuais superiores à Constituição Federal,\npor exemplo, 60% , 80%, entre outros.<o:p></o:p></span></p><p class=\"MsoNormal\" style=\"text-align:justify\"><span lang=\"PT-BR\">Observe, antes de apurar o valor das horas\nextras, deve-se verificar qual o adicional de horas extras previsto na Norma\nColetiva da Categoria.<o:p></o:p></span></p><p class=\"MsoNormal\" style=\"text-align:justify\"><span lang=\"PT-BR\">A Constituição estabelece o mínimo de 50%,\nqualquer outra norma que estabeleça percentual inferior não tem valor. Se na\nNorma Coletiva não estiver estipulando o percentual do adicional de horas extras,\nprevalecem os 50% estabelecidos pela Constituição Federal.<o:p></o:p></span></p><p class=\"MsoNormal\" style=\"text-align:justify\"><span lang=\"PT-BR\">O mesmo ocorrendo com a carga horária normal de\ntrabalho, se na Norma Coletiva estiver estabelecida jornada inferior a 8 horas\ndiárias, 44 semanais ou 220 horas mensais, prevalece a jornada mais benéfica\nestabelecida pela Norma Coletiva de Trabalho. Se não estabelecer qual a jornada\nnormal de trabalho, prevalece a jornada máxima estabelecida pela Constituição\nFederal.<o:p></o:p></span></p><p class=\"MsoNormal\" style=\"text-align:justify\"><span lang=\"PT-BR\">Como vimos, a legislação trabalhista vigente\nestabelece que a duração normal do trabalho, salvo os casos especiais, é de 8\n(oito) horas diárias e 44 (quarenta e quatro) semanais, no máximo.<o:p></o:p></span></p><p class=\"MsoNormal\" style=\"text-align:justify\"><span lang=\"PT-BR\">Todavia, poderá a jornada diária de trabalho\ndos empregados maiores ser acrescida de horas suplementares, em número não\nexcedentes a duas, no máximo, para efeito de serviço extraordinário, mediante\nacordo individual, acordo coletivo, convenção coletiva ou sentença normativa.\nExcepcionalmente, ocorrendo necessidade imperiosa, poderá ser prorrogada além\ndo limite legalmente permitido.<o:p></o:p></span></p><p class=\"MsoNormal\" style=\"text-align:justify\"><span lang=\"PT-BR\">Consideram-se extras as horas trabalhadas\ndiariamente além da jornada legal ou contratual, seja ela 220, 200, 180,&nbsp; 150 ou 120 horas mensais.<o:p></o:p></span></p><p class=\"MsoNormal\" style=\"text-align:justify\"><span lang=\"PT-BR\">O Precedente Normativo nº 33, estabelece que o\nadicional pago por hora extraordinária não elide a infração pela prorrogação da\njornada além dos limites legais (10 horas diárias)<o:p></o:p></span></p><p class=\"MsoNormal\" style=\"text-align:justify\"><span lang=\"PT-BR\">JORNADA. PRORROGAÇÃO. EFEITOS DO PAGAMENTO\nRELATIVO AO TRABALHO EXTRAORDINÁRIO. O pagamento do adicional por serviço\nextraordinário não elide a infração pela prorrogação de jornada além dos limites\nlegais ou convencionais, uma vez que o serviço extraordinário deve ser\nremunerado, independentemente de sua licitude. Isso porque as normas\nlimitadoras da jornada visam a evitar males ao trabalhador, protegendo-lhe a\nsaúde e o bem-estar, não se prestando a retribuição pecuniária como substituta\nda proteção ao bem jurídico.<o:p></o:p></span></p><p class=\"MsoNormal\" style=\"text-align:justify\"><span lang=\"PT-BR\">REFERÊNCIA NORMATIVA: Art. 59 da Consolidação\ndas Leis do Trabalho - CLT.<o:p></o:p></span></p><p class=\"MsoNormal\" style=\"text-align:justify\"><span lang=\"PT-BR\">A remuneração do serviço extraordinário, desde\na promulgação da Constituição Federal/1988, que deverá constar,\nobrigatoriamente, do acordo, ou sentença normativa, será, no mínimo, 50%\n(cinqüenta por cento) superior à da hora normal.<o:p></o:p></span></p><p class=\"MsoNormal\" style=\"text-align:justify\"><span lang=\"PT-BR\">&nbsp;Conforme\nEnunciado nº 264, do TST, para cálculo da hora extra, acrescerá ao valor da\nhora normal, as verbas de natureza salarial:<o:p></o:p></span></p><p class=\"MsoNormal\" style=\"text-align:justify\"><span lang=\"PT-BR\">\"A remuneração do serviço suplementar é\ncomposto do valor da hora normal, integrado por parcelas de natureza salarial e\nacrescido do adicional previsto em Lei, contrato, acordo, convenção coletiva ou\nsentença normativa.\"<o:p></o:p></span></p><p class=\"MsoNormal\" style=\"text-align:justify\"><span lang=\"PT-BR\">Algumas disposições sobre o trabalho\nextraordinário:<o:p></o:p></span></p><p class=\"MsoNormal\" style=\"text-align:justify\"><span lang=\"PT-BR\">Trabalho da mulher<o:p></o:p></span></p><p class=\"MsoNormal\" style=\"text-align:justify\"><span lang=\"PT-BR\">Tendo a Constituição Federal disposto que todos\nsão iguais perante a lei e que não deve haver distinção de qualquer natureza, e\nque homens e mulheres são iguais em direito e obrigações, aplica-se à mulher\nmaior de idade, no que diz respeito ao serviço extraordinário, o mesmo\ntratamento dispensado ao homem. <o:p></o:p></span></p><p class=\"MsoNormal\" style=\"text-align:justify\"><span lang=\"PT-BR\">Trabalho do menor<o:p></o:p></span></p><p class=\"MsoNormal\" style=\"text-align:justify\"><span lang=\"PT-BR\">A prestação de serviço extraordinário pelo\nempregado menor somente é permitida em caso excepcional, por motivo de força\nmaior e desde que o trabalho do menor seja imprescindível ao funcionamento do\nestabelecimento.<o:p></o:p></span></p><p class=\"MsoNormal\" style=\"text-align:justify\"><span lang=\"PT-BR\">A duração normal diária do trabalho, nesse\ncaso, fica limitada a 12 (doze) horas, devendo a hora extra ser superior, pelo\nmenos, 50% (cinqüenta por cento) ao da hora normal.<o:p></o:p></span></p><p class=\"MsoNormal\" style=\"text-align:justify\"><span lang=\"PT-BR\">Necessidade imperiosa<o:p></o:p></span></p><p class=\"MsoNormal\" style=\"text-align:justify\"><span lang=\"PT-BR\">Ocorrendo necessidade imperiosa, por motivo de\nforça maior, realização ou conclusão de serviços inadiáveis cuja inexecução\npossa acarretar prejuízo manifesto, a duração do trabalho poderá exceder ao\nlimite legal ou convencionado, independentemente de acordo ou contrato\ncoletivo, devendo, contudo, ser comunicado à Delegacia Regional do Trabalho no\nprazo de 10 (dez) dias no caso de empregados maiores e 48 (quarenta e oito)\nhoras no caso de empregados menores.<o:p></o:p></span></p><p class=\"MsoNormal\" style=\"text-align:justify\"><span lang=\"PT-BR\">Na hipótese de serviços inadiáveis, a jornada\nde trabalho não poderá exceder de 12 (doze) horas, devendo a remuneração da\nhora suplementar ser, pelo menos, 50% (cinqüenta por cento) superior à da hora\nnormal.<o:p></o:p></span></p><p class=\"MsoNormal\" style=\"text-align:justify\"><span lang=\"PT-BR\">No caso de força maior, a remuneração da hora\nexcedente não será inferior à da hora normal (artigo 61, § 2º da CLT).<o:p></o:p></span></p><p class=\"MsoNormal\" style=\"text-align:justify\"><span lang=\"PT-BR\">No mesmo sentido, o precedente administrativo\nnº 31, orienta sobre a prorrogação da jornada de trabalho por necessidade\nimperiosa<o:p></o:p></span></p><p class=\"MsoNormal\" style=\"text-align:justify\"><span lang=\"PT-BR\">JORNADA. PRORROGAÇÃO. NECESSIDADE IMPERIOSA. I\n- Os serviços inadiáveis ou cuja inexecução possa acarretar prejuízos\nmanifestos autorizam a prorrogação da jornada apenas até 12 horas,\ncaracterizando-se como tais aqueles que, por impossibilidade decorrente de sua\nprópria natureza, não podem ser paralisados num dia e retomados no seguinte,\nsem ocasionar prejuízos graves e imediatos. II - Se a paralisação é apenas\ninconveniente, por acarretar atrasos ou outros transtornos, a necessidade de\ncontinuação do trabalho não se caracteriza como imperiosa e o excesso de\njornada não se justifica. REFERÊNCIA NORMATIVA: Art. 59, caput , e art. 61 da\nConsolidação das Leis do Trabalho - CLT.<o:p></o:p></span></p><p class=\"MsoNormal\" style=\"text-align:justify\"><span lang=\"PT-BR\">&nbsp;</span></p><p class=\"MsoNormal\" style=\"text-align:justify\"><span lang=\"PT-BR\">Fonte: <a href=\"http://www.portaldeauditoria.com.br/tematica/horas-extras-reflexos-riscos-definicoes.htm\">http://www.portaldeauditoria.com.br/tematica/horas-extras-reflexos-riscos-definicoes.htm</a><o:p></o:p></span></p><p>\n\n\n\n\n\n\n\n\n\n\n\n\n\n\n\n\n\n\n\n\n\n\n\n\n\n\n\n\n\n\n\n\n\n\n\n\n\n\n\n\n\n\n\n\n\n\n\n\n\n\n\n\n\n\n\n\n\n\n\n</p><p class=\"MsoNormal\" style=\"text-align:justify\"><span lang=\"PT-BR\">&nbsp;</span></p>',NULL,1);
/*!40000 ALTER TABLE `assunto` ENABLE KEYS */;
UNLOCK TABLES;

--
-- Table structure for table `historico_ocorrencia`
--

DROP TABLE IF EXISTS `historico_ocorrencia`;
/*!40101 SET @saved_cs_client     = @@character_set_client */;
/*!40101 SET character_set_client = utf8 */;
CREATE TABLE `historico_ocorrencia` (
  `id_historico_ocorrencia` int(11) NOT NULL AUTO_INCREMENT,
  `dsc_field` varchar(45) DEFAULT NULL,
  `dsc_field_before` varchar(1000) DEFAULT NULL,
  `dsc_field_after` varchar(1000) DEFAULT NULL,
  PRIMARY KEY (`id_historico_ocorrencia`)
) ENGINE=InnoDB DEFAULT CHARSET=latin1;
/*!40101 SET character_set_client = @saved_cs_client */;

--
-- Dumping data for table `historico_ocorrencia`
--

LOCK TABLES `historico_ocorrencia` WRITE;
/*!40000 ALTER TABLE `historico_ocorrencia` DISABLE KEYS */;
/*!40000 ALTER TABLE `historico_ocorrencia` ENABLE KEYS */;
UNLOCK TABLES;

--
-- Table structure for table `menu`
--

DROP TABLE IF EXISTS `menu`;
/*!40101 SET @saved_cs_client     = @@character_set_client */;
/*!40101 SET character_set_client = utf8 */;
CREATE TABLE `menu` (
  `id_menu` int(11) NOT NULL AUTO_INCREMENT,
  `dsc_name` varchar(100) DEFAULT NULL,
  PRIMARY KEY (`id_menu`)
) ENGINE=InnoDB AUTO_INCREMENT=9 DEFAULT CHARSET=latin1;
/*!40101 SET character_set_client = @saved_cs_client */;

--
-- Dumping data for table `menu`
--

LOCK TABLES `menu` WRITE;
/*!40000 ALTER TABLE `menu` DISABLE KEYS */;
INSERT INTO `menu` VALUES (2,'Usuários'),(3,'Acordos'),(4,'Planta'),(5,'Período'),(6,'Interpretações'),(7,'Assuntos'),(8,'Análise');
/*!40000 ALTER TABLE `menu` ENABLE KEYS */;
UNLOCK TABLES;

--
-- Table structure for table `oc_ac_as`
--

DROP TABLE IF EXISTS `oc_ac_as`;
/*!40101 SET @saved_cs_client     = @@character_set_client */;
/*!40101 SET character_set_client = utf8 */;
CREATE TABLE `oc_ac_as` (
  `id_oc_ac_as` int(11) NOT NULL AUTO_INCREMENT,
  `id_ocorrencia` int(11) NOT NULL,
  `id_tratado` int(11) NOT NULL,
  `dsc_file` varchar(100) DEFAULT NULL,
  `dsc_interpretacao` text,
  PRIMARY KEY (`id_oc_ac_as`,`id_ocorrencia`,`id_tratado`),
  KEY `fk_oc_ac_as_ocorrencia1_idx` (`id_ocorrencia`),
  KEY `fk_oc_ac_as_tratado1_idx` (`id_tratado`),
  CONSTRAINT `fk_oc_ac_as_ocorrencia1` FOREIGN KEY (`id_ocorrencia`) REFERENCES `ocorrencia` (`id_ocorrencia`) ON DELETE NO ACTION ON UPDATE NO ACTION,
  CONSTRAINT `fk_oc_ac_as_tratado1` FOREIGN KEY (`id_tratado`) REFERENCES `tratado` (`id_tratado`) ON DELETE NO ACTION ON UPDATE NO ACTION
) ENGINE=InnoDB AUTO_INCREMENT=6849 DEFAULT CHARSET=latin1;
/*!40101 SET character_set_client = @saved_cs_client */;

--
-- Dumping data for table `oc_ac_as`
--

LOCK TABLES `oc_ac_as` WRITE;
/*!40000 ALTER TABLE `oc_ac_as` DISABLE KEYS */;
INSERT INTO `oc_ac_as` VALUES (69,1,1,'','NÃO APLICÁVEL - Durante o período da suspensão contratual, NÃO serão computados os avos relativos para efeitos de pagamento do décimo terceiro salário para os empregados que aderirem a suspensão contratual.'),(70,1,2,'','NÃO APLICÁVEL - Durante o período da suspensão contratual, NÃO serão computados os avos relativos para efeitos de pagamento das férias assim como do acréscimo de terço constitucional para os empregados que aderirem a suspensão contratual.'),(71,1,3,'','A PLR/PPR em virtude do acordo celebrado em Sorocaba todos os empregados serão elegíveis ao pagamento durante a suspensão contratual não sendo deduzido nenhum avo da referência do pagamento total, seguindo todas as demais regras de acordo específico para este fim.'),(72,1,4,'','De: 01/02/2016 até 31/01/2017'),(73,1,5,'','Multa de 01(um) salário nominal, vigênte a época do evento, para cada descumprimento de obrigações previstas no acordo de Layoff.'),(74,1,6,'','100% do salário líquido do empregado, sendo salário líquido composto pela dedução dos impostos e descontos legais (INSS, IRRF e etc).'),(75,1,7,'','Serão mantidos durante a suspensão contratual os benefícios voluntariamente concedidos pela empresa, considerando que os empregados participarão com as contribuições que já faziam costumeiramente.'),(76,1,8,'','O deslocamento dos empregados para o local da realização do treinamento será custeado pela epresa de acordo com o fornecimento de vale transporte, conforme definição legal.'),(77,1,9,'','Será garantido no mínimo 60 (sessenta) horas de treinamento para cada mês de suspensão contratual, haverá a inclusão de empregados como instrutores durante a vigência da suspensão contratual assim como os temas a serem elencados serão de livre escolha da empresa desde que auxiliado por entidade educacional devidamente regulamentada para este fim.'),(78,1,10,'','Tais valores são devidos pelo FAT (Fundo de Amparo ao Trabalhador) e fica a cargo do empregado requerer tais pagamentos subsidiando-se em documentações fornecidas pela empresa, é de inteira responsabilidade do empregado eventual regularização de valores devidos ao FAT por conta de históricos de saque anteriores ao atual contrato de trabalho. '),(79,1,11,'','Será pago ao empregado que for desligado durante a vigência da suspensão contratual ou até 03 (três) meses subsequentes ao retorno ao trabalho a seguinte multa:\n03 (três) - Salários; Caso ocorra a demissão do empregado durante a vigência da suspensão ou no primeiro mês após o retorno;\n02 (dois) - Salários; Caso ocorra a demissão do empregado no segundo mês após o retorno;\n01 (um) - Salário; Caso ocorra a demissão do empregado no terceiro mês após o retorno.'),(2489,3,1,'','NÃO APLICÁVEL - Durante o período da suspensão contratual, NÃO serão computados os avos relativos para efeitos de pagamento do décimo terceiro salário para os empregados que aderirem a suspensão contratual.'),(2490,3,2,'','NÃO APLICÁVEL - Durante o período da suspensão contratual, NÃO serão computados os avos relativos para efeitos de pagamento das férias assim como do acréscimo de terço constitucional para os empregados que aderirem a suspensão contratual.'),(2491,3,3,'','NÃO APLICÁVEL - Durante o período da suspensão contratual, NÃO serão computados os avos relativos para efeitos de pagamento do PPR (Programa de Participação nos Resultados) para os empregados que aderirem a suspensão contratual.'),(2492,3,4,'','De: 01/10/2015 até 31/03/2016'),(2493,3,5,'','Multa de 02(dois) pisos salariais da categoria, vigênte a época do evento, por infração e por empregado prejudicado, revertendo em favor da parte prejudicada.'),(2494,3,6,'','100% do salário líquido do empregado, sendo salário líquido composto pela dedução dos impostos e descontos legais (INSS, IRRF e etc)'),(2495,3,7,'','Serão mantidos durante a suspensão contratual os benefícios voluntariamente concedidos pela empresa, considerando que os empregados participarão com as contribuições que já faziam costumeiramente.'),(2496,3,8,'','O deslocamento dos empregados para o local da realização do treinamento será custeado pela epresa de acordo com o fornecimento de vale transporte, conforme definição legal.'),(2497,3,9,'','Será garantido no mínimo 60 (sessenta) horas de treinamento para cada mês de suspensão contratual, haverá a inclusão de empregados como instrutores durante a vigência da suspensão contratual assim como os temas a serem elencados serão de livre escolha da empresa desde que auxiliado por entidade educacional devidamente regulamentada para este fim.'),(2498,3,10,'','Tais valores são devidos pelo FAT (Fundo de Amparo ao Trabalhador) e fica a cargo do empregado requerer tais pagamentos subsidiando-se em documentações fornecidas pela empresa, é de inteira responsabilidade do empregado eventual regularização de valores devidos ao FAT por conta de históricos de saque anteriores ao atual contrato de trabalho. '),(2499,3,11,'','Será pago ao empregado que for desligado durante a vigência da suspensão contratual ou até 03 (três) meses subsequentes ao retorno ao trabalho a seguinte multa:\nMinímo 100% do último salário nominal do empregado;\nSalário residual inerente aos dias que faltarem para completar os 90 dias após o encerramento do período de suspensão contratual. (Ex. Desligado no 10º dia após o encerramento pagar-se-á multa de 80 dias de salário juntamente com as verbas rescisórias e sem prejuizo destas).'),(3348,2,1,'','NÃO APLICÁVEL - Durante o período da suspensão contratual, NÃO serão computados os avos relativos para efeitos de pagamento do décimo terceiro salário para os empregados que aderirem a suspensão contratual.'),(3349,2,2,'','NÃO APLICÁVEL - Durante o período da suspensão contratual, NÃO serão computados os avos relativos para efeitos de pagamento das férias assim como do acréscimo de terço constitucional para os empregados que aderirem a suspensão contratual.'),(3350,2,3,'','A PLR/PPR em virtude do acordo celebrado em Sorocaba todos os empregados serão elegíveis ao pagamento durante a suspensão contratual não sendo deduzido nenhum avo da referência do pagamento total, seguindo todas as demais regras de acordo específico para este fim.'),(3351,2,4,'','De: 14/09/2015 até 13/09/2016'),(3352,2,5,'','Multa de 01(um) piso de salário normativo, vigênte a época do evento, para cada descumprimento de obrigações previstas no acordo de Layoff multiplicado pela quantidade de empregados prejudicados.'),(3353,2,6,'','80% do salário líquido do empregado, sendo salário líquido composto pela dedução dos impostos e descontos legais (INSS, IRRF e etc).'),(3354,2,7,'','Serão mantidos durante a suspensão contratual os benefícios voluntariamente concedidos pela empresa, considerando que os empregados participarão com as contribuições que já faziam costumeiramente.'),(3355,2,8,'','O deslocamento dos empregados para o local da realização do treinamento será custeado pela epresa de acordo com o fornecimento de vale transporte, conforme definição legal.'),(3356,2,9,'','Será garantido no mínimo 60 (sessenta) horas de treinamento para cada mês de suspensão contratual, haverá a inclusão de empregados como instrutores durante a vigência da suspensão contratual assim como os temas a serem elencados serão de livre escolha da empresa desde que auxiliado por entidade educacional devidamente regulamentada para este fim.'),(3357,2,10,'','Tais valores são devidos pelo FAT (Fundo de Amparo ao Trabalhador) e fica a cargo do empregado requerer tais pagamentos subsidiando-se em documentações fornecidas pela empresa, é de inteira responsabilidade do empregado eventual regularização de valores devidos ao FAT por conta de históricos de saque anteriores ao atual contrato de trabalho. '),(3358,2,11,'','Será pago ao empregado que for desligado até 03 (três) meses subsequentes ao retorno ao trabalho a seguinte multa:\n01 (um) - Salário Nominal.'),(3370,4,1,'','NÃO APLICÁVEL - Durante o período da suspensão contratual, NÃO serão computados os avos relativos para efeitos de pagamento do décimo terceiro salário para os empregados que aderirem a suspensão contratual.'),(3371,4,2,'','NÃO APLICÁVEL - Durante o período da suspensão contratual, NÃO serão computados os avos relativos para efeitos de pagamento das férias assim como do acréscimo de terço constitucional para os empregados que aderirem a suspensão contratual.'),(3372,4,3,'','NÃO APLICÁVEL - Durante o período da suspensão contratual, NÃO serão computados os avos relativos para efeitos de pagamento do PPR (Programa de Participação nos Resultados) para os empregados que aderirem a suspensão contratual.'),(3373,4,4,'','De: 01/02/2016 até 31/01/2017'),(3374,4,5,'','Multa de 1% (um por cento) do piso salárial mínimo da categoria, vigênte a época do evento, por infração e por empregado prejudicado, revertendo em favor da parte prejudicada.'),(3375,4,6,'','100% do salário líquido do empregado, sendo salário líquido composto pela dedução dos impostos e descontos legais (INSS, IRRF e etc), sendo o pagamento proporcional caso o inicio e/ou término do curso for durante o mês.'),(3376,4,7,'','Serão mantidos durante a suspensão contratual os benefícios voluntariamente concedidos pela empresa, considerando que os empregados participarão com as contribuições que já faziam costumeiramente.'),(3377,4,8,'','O deslocamento dos empregados para o local da realização do treinamento será custeado pela epresa de acordo com o fornecimento de vale transporte, conforme definição legal.'),(3378,4,9,'','Será garantido no mínimo 60 (sessenta) horas de treinamento para cada mês de suspensão contratual, haverá a inclusão de empregados como instrutores durante a vigência da suspensão contratual assim como os temas a serem elencados serão de livre escolha da empresa desde que auxiliado por entidade educacional devidamente regulamentada para este fim.'),(3379,4,10,'','Tais valores são devidos pelo FAT (Fundo de Amparo ao Trabalhador) e fica a cargo do empregado requerer tais pagamentos subsidiando-se em documentações fornecidas pela empresa, é de inteira responsabilidade do empregado eventual regularização de valores devidos ao FAT por conta de históricos de saque anteriores ao atual contrato de trabalho. '),(3380,4,11,'','Será pago ao empregado que for desligado durante a vigência da suspensão contratual ou até 03 (três) meses subsequentes ao retorno ao trabalho a seguinte multa:\nMinímo 100% do último salário nominal do empregado;\nSalário residual inerente aos dias que faltarem para completar os 90 dias após o encerramento do período de suspensão contratual. (Ex. Desligado no 10º dia após o encerramento pagar-se-á multa de 80 dias de salário juntamente com as verbas rescisórias e sem prejuizo destas).'),(3381,4,13,'','O prazo de notificação quanto a ausência tanto por parte do empregado como por parte da empresa deverá ocorrer com 03 (três) dias consecutivos de antecedência, a forma de comunicação poderá ser via e-mail coletivo e exposição nos quadros de aviso quando por parte da empresa, quando por parte do empregado poderá ser feita pessoalmente entre ele e o gestor imediato.'),(3382,4,14,'','Empregados que possuam controle de Jornada de trabalho em toda a planta, sejam os que estejam em atividade normal e também para os demais empregados admitidos no decorrer do acordo. '),(3383,5,1,'','APLICÁVEL - Durante o período da suspensão contratual, serão computados os avos relativos para efeitos de pagamento do décimo terceiro salário para os empregados que aderirem a suspensão contratual.'),(3384,5,2,'','APLICÁVEL - Durante o período da suspensão contratual, serão computados os avos relativos para efeitos de pagamento das férias assim como do acréscimo de terço constitucional para os empregados que aderirem a suspensão contratual.'),(3385,5,3,'','APLICÁVEL - Durante o período da suspensão contratual, serão computados os avos relativos para efeitos de pagamento do PLR (Participação dos Lucros e Resultados) para os empregados que aderirem a suspensão contratual.'),(3386,5,4,'','De: 01/12/2015 até 30/11/2016.'),(3387,5,5,'','Multa de 1% (um por cento) do piso salárial mínimo da categoria, vigênte a época do evento, por infração e por empregado prejudicado, revertendo em favor da parte prejudicada.'),(3388,5,6,'','100% do salário líquido do empregado, sendo salário líquido composto pela dedução dos impostos e descontos legais (INSS, IRRF e etc).'),(3389,5,7,'','Serão mantidos durante a suspensão contratual os benefícios voluntariamente concedidos pela empresa, considerando que os empregados participarão com as contribuições que já faziam costumeiramente.'),(3390,5,8,'','O deslocamento dos empregados para o local da realização do treinamento será custeado pela epresa de acordo com o fornecimento de vale transporte, conforme definição legal.'),(3391,5,9,'','Será garantido no mínimo 60 (sessenta) horas de treinamento para cada mês de suspensão contratual, haverá a inclusão de empregados como instrutores durante a vigência da suspensão contratual assim como os temas a serem elencados serão de livre escolha da empresa desde que auxiliado por entidade educacional devidamente regulamentada para este fim.'),(3392,5,10,'','Tais valores são devidos pelo FAT (Fundo de Amparo ao Trabalhador) e fica a cargo do empregado requerer tais pagamentos subsidiando-se em documentações fornecidas pela empresa, é de inteira responsabilidade do empregado eventual regularização de valores devidos ao FAT por conta de históricos de saque anteriores ao atual contrato de trabalho. '),(3393,5,11,'','Será pago ao empregado que for desligado durante a vigência da suspensão contratual ou até 03 (três) meses subsequentes ao retorno ao trabalho a seguinte multa:\n100% da ultima remuneração mensal anterior a suspensão do contrato, mais multa indenizatória de 01(um) salário nominal.\nDo quarto ao décimo sexto mês após o retorno do empregado, caso ele seja dispensado sem justa causa, a empresa pagará o valor equivalente às parcelas do Seguro Desemprego que o empregado deixou de ter direito em decorência do recebimento da Bolsa de Qualificação; não aplicável para pedidos de demissão e desligamento por justa causa.\n'),(6658,10,4,'','De: 01/10/2015 até 30/09/2016'),(6659,10,5,'','O descumprimento de quaisquer das condições estabelecidas na cláusula 5ª da Convenção Coletiva de Trabalho, será obejeto de notificação da empresa pelo sindicato, e caso a irregularidade não seja sanada no prazo de 20 (vinte) dias, as horas trabalhadas irregularmentes em compensação serão consideradas como extras.'),(6660,10,8,'','A empresa se responsabilizará pelo transporte dos empregados em todos os dias de compensação\nConforme: Cláusula 5ª Item II parágrafo 1º alinea e) da CCT - 2015/2016 de Contagem'),(6661,10,13,'','A data prevista para a folga deverá ser comunicada pela empresa empresa aos empregados com antecedência minima de 24 horas.\nConforme: Cláusula 5ª Item II parágrafo 1º alinea a) da CCT - 2015/2016 de Contagem\nPara que a recuperação das horas descansadas seja realizada, deverá a empresa comunicar os empregados com antecedência minima de 72 (setenta e duas) horas.\nConforme: Cláusula 5ª Item II parágrafo 1º alinea c) da CCT - 2015/2016 de Contagem\nHá a necessidade de comunicação previa das folgas para o Sindicato da categoria com antecedência minima de 10 (dez) dias.'),(6662,10,14,'','Este regime de compensação de horas abrange todos os empregados que possuam controle de jornada de trabalho e pertencem ao perímetro de validade da Convenção Coletiva de Trabalho de Contagem'),(6663,10,15,'','A compensação poderá ser realizada de segunda-feira a sábado, desde que a jornada diária não ultrapasse a 10(dez) horas, e a compensação seja limitada a 36 (trinta e seis) horas no mês e a 02(dois) sábados no mês. Deverá ser respeitado o intervalo mínimo de 35 (trinta e cinco) horas quando ocorrer o descanso semana remunerado.'),(6664,10,21,'','Para a FOLGA CONCEDIDA ANTECIPADAMENTE, o trabalho correspondente para compensa-la deverá ser realizado em até 300 (trezentos) dias subsequentes ao dia em que a folga foi concedida, limitados a 31/12/2016.\nPara os trabalhos EXTRAORDINÁRIOS ANTECIPADOS poderá ocorrer exclusivamente para compensação semanal e de dias pontes, caso não seja concedida a folga dentro da semana ou nos dias pontes, a empresa pagará ao empregado, no primeiro pagamento após o referido período trabalhado das horas não compensadas, como extraordinárias, tomando como base o salário hora normal do mês do pagamento acrescido com o percentual de 100%.'),(6680,11,4,'','De 01/10/2015 até 30/09/2016'),(6681,11,5,'','O descumprimento de quaisquer das condições estabelecidas na cláusula 5ª da Convenção Coletiva de Trabalho, será obejeto de notificação da empresa pelo sindicato, e caso a irregularidade não seja sanada no prazo de 20 (vinte) dias, as horas trabalhadas irregularmentes em compensação serão consideradas como extras.'),(6682,11,8,'','A empresa se responsabilizará pelo transporte dos empregados em todos os dias de compensação Conforme: Cláusula 5ª Item II parágrafo 1º alinea e) da CCT - 2015/2016 de Contagem'),(6683,11,13,'','A data prevista para a folga deverá ser comunicada pela empresa empresa aos empregados com antecedência minima de 24 horas. Conforme: Cláusula 5ª Item II parágrafo 1º alinea a) da CCT - 2015/2016 de Contagem Para que a recuperação das horas descansadas seja realizada, deverá a empresa comunicar os empregados com antecedência minima de 72 (setenta e duas) horas. Conforme: Cláusula 5ª Item II parágrafo 1º alinea c) da CCT - 2015/2016 de Contagem Há a necessidade de comunicação previa das folgas para o Sindicato da categoria com antecedência minima de 10 (dez) dias.'),(6684,11,14,'','Este regime de compensação de horas abrange todos os empregados que possuam controle de jornada de trabalho e pertencem ao perímetro de validade da Convenção Coletiva de Trabalho.'),(6685,11,15,'','A compensação poderá ser realizada de segunda-feira a sábado, desde que a jornada diária não ultrapasse a 10(dez) horas, e a compensação seja limitada a 36 (trinta e seis) horas no mês e a 02(dois) sábados no mês. Deverá ser respeitado o intervalo mínimo de 35 (trinta e cinco) horas quando ocorrer o descanso semana remunerado.'),(6686,11,21,'','Para a FOLGA CONCEDIDA ANTECIPADAMENTE, o trabalho correspondente para compensa-la deverá ser realizado em até 300 (trezentos) dias subsequentes ao dia em que a folga foi concedida, limitados a 31/12/2016. Para os trabalhos EXTRAORDINÁRIOS ANTECIPADOS poderá ocorrer exclusivamente para compensação semanal e de dias pontes, caso não seja concedida a folga dentro da semana ou nos dias pontes, a empresa pagará ao empregado, no primeiro pagamento após o referido período trabalhado das horas não compensadas, como extraordinárias, tomando como base o salário hora normal do mês do pagamento acrescido com o percentual de 100%.'),(6708,26,23,'Não disponível','Acréscimo de 50% (CCT não diferencia domingos, feriados e dias úteis)'),(6709,28,1,'Não disponível','APLICÁVEL - Durante o período da suspensão contratual, serão computados os avos relativos para efeitos de pagamento do décimo terceiro salário para os empregados que aderirem a suspensão contratual.'),(6710,28,2,'Não disponível','APLICÁVEL - Durante o período da suspensão contratual, serão computados os avos relativos para efeitos de pagamento das férias assim como do acréscimo de terço constitucional para os empregados que aderirem a suspensão contratual.'),(6711,28,3,'Não disponível','APLICÁVEL - Durante o período da suspensão contratual, serão computados os avos relativos para efeitos de pagamento do PLR (Participação dos Lucros e Resultados) para os empregados que aderirem a suspensão contratual.'),(6712,28,4,'Não disponível','De: 01/12/2015 até 30/11/2016.'),(6713,28,5,'Não disponível','Multa de 1% (um por cento) do piso salárial mínimo da categoria, vigênte a época do evento, por infração e por empregado prejudicado, revertendo em favor da parte prejudicada.'),(6714,28,6,'Não disponível','100% do salário líquido do empregado, sendo salário líquido composto pela dedução dos impostos e descontos legais (INSS, IRRF e etc).'),(6715,28,7,'Não disponível','Serão mantidos durante a suspensão contratual os benefícios voluntariamente concedidos pela empresa, considerando que os empregados participarão com as contribuições que já faziam costumeiramente.'),(6716,28,8,'Não disponível','O deslocamento dos empregados para o local da realização do treinamento será custeado pela epresa de acordo com o fornecimento de vale transporte, conforme definição legal.'),(6717,28,9,'Não disponível','Será garantido no mínimo 60 (sessenta) horas de treinamento para cada mês de suspensão contratual, haverá a inclusão de empregados como instrutores durante a vigência da suspensão contratual assim como os temas a serem elencados serão de livre escolha da empresa desde que auxiliado por entidade educacional devidamente regulamentada para este fim.'),(6718,28,10,'Não disponível','Tais valores são devidos pelo FAT (Fundo de Amparo ao Trabalhador) e fica a cargo do empregado requerer tais pagamentos subsidiando-se em documentações fornecidas pela empresa, é de inteira responsabilidade do empregado eventual regularização de valores devidos ao FAT por conta de históricos de saque anteriores ao atual contrato de trabalho. '),(6719,28,11,'Não disponível','Será pago ao empregado que for desligado durante a vigência da suspensão contratual ou até 03 (três) meses subsequentes ao retorno ao trabalho a seguinte multa: 100% da ultima remuneração mensal anterior a suspensão do contrato, mais multa indenizatória de 01(um) salário nominal. Do quarto ao décimo sexto mês após o retorno do empregado, caso ele seja dispensado sem justa causa, a empresa pagará o valor equivalente às parcelas do Seguro Desemprego que o empregado deixou de ter direito em decorência do recebimento da Bolsa de Qualificação; não aplicável para pedidos de demissão e desligamento por justa causa. '),(6720,29,1,'Não disponível','APLICÁVEL - Durante o período da suspensão contratual, serão computados os avos relativos para efeitos de pagamento do décimo terceiro salário para os empregados que aderirem a suspensão contratual.'),(6721,29,2,'Não disponível','APLICÁVEL - Durante o período da suspensão contratual, serão computados os avos relativos para efeitos de pagamento das férias assim como do acréscimo de terço constitucional para os empregados que aderirem a suspensão contratual.'),(6722,29,3,'Não disponível','APLICÁVEL - Durante o período da suspensão contratual, serão computados os avos relativos para efeitos de pagamento do PLR (Participação dos Lucros e Resultados) para os empregados que aderirem a suspensão contratual.'),(6723,29,4,'Não disponível','De: 01/12/2015 até 30/11/2016.'),(6724,29,5,'Não disponível','Multa de 1% (um por cento) do piso salárial mínimo da categoria, vigênte a época do evento, por infração e por empregado prejudicado, revertendo em favor da parte prejudicada.'),(6725,29,6,'Não disponível','100% do salário líquido do empregado, sendo salário líquido composto pela dedução dos impostos e descontos legais (INSS, IRRF e etc).'),(6726,29,7,'Não disponível','Serão mantidos durante a suspensão contratual os benefícios voluntariamente concedidos pela empresa, considerando que os empregados participarão com as contribuições que já faziam costumeiramente.'),(6727,29,8,'Não disponível','O deslocamento dos empregados para o local da realização do treinamento será custeado pela epresa de acordo com o fornecimento de vale transporte, conforme definição legal.'),(6728,29,9,'Não disponível','Será garantido no mínimo 60 (sessenta) horas de treinamento para cada mês de suspensão contratual, haverá a inclusão de empregados como instrutores durante a vigência da suspensão contratual assim como os temas a serem elencados serão de livre escolha da empresa desde que auxiliado por entidade educacional devidamente regulamentada para este fim.'),(6729,29,10,'Não disponível','Tais valores são devidos pelo FAT (Fundo de Amparo ao Trabalhador) e fica a cargo do empregado requerer tais pagamentos subsidiando-se em documentações fornecidas pela empresa, é de inteira responsabilidade do empregado eventual regularização de valores devidos ao FAT por conta de históricos de saque anteriores ao atual contrato de trabalho. '),(6730,29,11,'Não disponível','Será pago ao empregado que for desligado durante a vigência da suspensão contratual ou até 03 (três) meses subsequentes ao retorno ao trabalho a seguinte multa: 100% da ultima remuneração mensal anterior a suspensão do contrato, mais multa indenizatória de 01(um) salário nominal. Do quarto ao décimo sexto mês após o retorno do empregado, caso ele seja dispensado sem justa causa, a empresa pagará o valor equivalente às parcelas do Seguro Desemprego que o empregado deixou de ter direito em decorência do recebimento da Bolsa de Qualificação; não aplicável para pedidos de demissão e desligamento por justa causa. '),(6731,32,1,'Não disponível','NÃO APLICÁVEL - Durante o período da suspensão contratual, NÃO serão computados os avos relativos para efeitos de pagamento do décimo terceiro salário para os empregados que aderirem a suspensão contratual.'),(6732,32,2,'Não disponível','NÃO APLICÁVEL - Durante o período da suspensão contratual, NÃO serão computados os avos relativos para efeitos de pagamento das férias assim como do acréscimo de terço constitucional para os empregados que aderirem a suspensão contratual.'),(6733,32,3,'Não disponível','NÃO APLICÁVEL - Durante o período da suspensão contratual, NÃO serão computados os avos relativos para efeitos de pagamento do PPR (Programa de Participação nos Resultados) para os empregados que aderirem a suspensão contratual.'),(6734,32,4,'Não disponível','De: 01/10/2015 até 31/03/2016'),(6735,32,5,'Não disponível','Multa de 02(dois) pisos salariais da categoria, vigênte a época do evento, por infração e por empregado prejudicado, revertendo em favor da parte prejudicada.'),(6736,32,6,'Não disponível','100% do salário líquido do empregado, sendo salário líquido composto pela dedução dos impostos e descontos legais (INSS, IRRF e etc)'),(6737,32,7,'Não disponível','Serão mantidos durante a suspensão contratual os benefícios voluntariamente concedidos pela empresa, considerando que os empregados participarão com as contribuições que já faziam costumeiramente.'),(6738,32,8,'Não disponível','O deslocamento dos empregados para o local da realização do treinamento será custeado pela epresa de acordo com o fornecimento de vale transporte, conforme definição legal.'),(6739,32,9,'Não disponível','Será garantido no mínimo 60 (sessenta) horas de treinamento para cada mês de suspensão contratual, haverá a inclusão de empregados como instrutores durante a vigência da suspensão contratual assim como os temas a serem elencados serão de livre escolha da empresa desde que auxiliado por entidade educacional devidamente regulamentada para este fim.'),(6740,32,10,'Não disponível','Tais valores são devidos pelo FAT (Fundo de Amparo ao Trabalhador) e fica a cargo do empregado requerer tais pagamentos subsidiando-se em documentações fornecidas pela empresa, é de inteira responsabilidade do empregado eventual regularização de valores devidos ao FAT por conta de históricos de saque anteriores ao atual contrato de trabalho. '),(6741,32,11,'Não disponível','Será pago ao empregado que for desligado durante a vigência da suspensão contratual ou até 03 (três) meses subsequentes ao retorno ao trabalho a seguinte multa: Minímo 100% do último salário nominal do empregado; Salário residual inerente aos dias que faltarem para completar os 90 dias após o encerramento do período de suspensão contratual. (Ex. Desligado no 10º dia após o encerramento pagar-se-á multa de 80 dias de salário juntamente com as verbas rescisórias e sem prejuizo destas).'),(6742,33,1,'Não disponível','NÃO APLICÁVEL - Durante o período da suspensão contratual, NÃO serão computados os avos relativos para efeitos de pagamento do décimo terceiro salário para os empregados que aderirem a suspensão contratual.'),(6743,33,2,'Não disponível','NÃO APLICÁVEL - Durante o período da suspensão contratual, NÃO serão computados os avos relativos para efeitos de pagamento das férias assim como do acréscimo de terço constitucional para os empregados que aderirem a suspensão contratual.'),(6744,33,3,'Não disponível','NÃO APLICÁVEL - Durante o período da suspensão contratual, NÃO serão computados os avos relativos para efeitos de pagamento do PPR (Programa de Participação nos Resultados) para os empregados que aderirem a suspensão contratual.'),(6745,33,4,'Não disponível','De: 01/10/2015 até 31/03/2016'),(6746,33,5,'Não disponível','Multa de 02(dois) pisos salariais da categoria, vigênte a época do evento, por infração e por empregado prejudicado, revertendo em favor da parte prejudicada.'),(6747,33,6,'Não disponível','100% do salário líquido do empregado, sendo salário líquido composto pela dedução dos impostos e descontos legais (INSS, IRRF e etc)'),(6748,33,7,'Não disponível','Serão mantidos durante a suspensão contratual os benefícios voluntariamente concedidos pela empresa, considerando que os empregados participarão com as contribuições que já faziam costumeiramente.'),(6749,33,8,'Não disponível','O deslocamento dos empregados para o local da realização do treinamento será custeado pela epresa de acordo com o fornecimento de vale transporte, conforme definição legal.'),(6750,33,9,'Não disponível','Será garantido no mínimo 60 (sessenta) horas de treinamento para cada mês de suspensão contratual, haverá a inclusão de empregados como instrutores durante a vigência da suspensão contratual assim como os temas a serem elencados serão de livre escolha da empresa desde que auxiliado por entidade educacional devidamente regulamentada para este fim.'),(6751,33,10,'Não disponível','Tais valores são devidos pelo FAT (Fundo de Amparo ao Trabalhador) e fica a cargo do empregado requerer tais pagamentos subsidiando-se em documentações fornecidas pela empresa, é de inteira responsabilidade do empregado eventual regularização de valores devidos ao FAT por conta de históricos de saque anteriores ao atual contrato de trabalho. '),(6752,33,11,'Não disponível','Será pago ao empregado que for desligado durante a vigência da suspensão contratual ou até 03 (três) meses subsequentes ao retorno ao trabalho a seguinte multa: Minímo 100% do último salário nominal do empregado; Salário residual inerente aos dias que faltarem para completar os 90 dias após o encerramento do período de suspensão contratual. (Ex. Desligado no 10º dia após o encerramento pagar-se-á multa de 80 dias de salário juntamente com as verbas rescisórias e sem prejuizo destas).'),(6753,34,4,'Não disponível','De: 01/10/2015 até 30/09/2016'),(6754,34,5,'Não disponível','O descumprimento de quaisquer das condições estabelecidas na cláusula 5ª da Convenção Coletiva de Trabalho, será obejeto de notificação da empresa pelo sindicato, e caso a irregularidade não seja sanada no prazo de 20 (vinte) dias, as horas trabalhadas irregularmentes em compensação serão consideradas como extras.'),(6755,34,8,'Não disponível','A empresa se responsabilizará pelo transporte dos empregados em todos os dias de compensação Conforme: Cláusula 5ª Item II parágrafo 1º alinea e) da CCT - 2015/2016 de Contagem'),(6756,34,13,'Não disponível','A data prevista para a folga deverá ser comunicada pela empresa empresa aos empregados com antecedência minima de 24 horas. Conforme: Cláusula 5ª Item II parágrafo 1º alinea a) da CCT - 2015/2016 de Contagem Para que a recuperação das horas descansadas seja realizada, deverá a empresa comunicar os empregados com antecedência minima de 72 (setenta e duas) horas. Conforme: Cláusula 5ª Item II parágrafo 1º alinea c) da CCT - 2015/2016 de Contagem Há a necessidade de comunicação previa das folgas para o Sindicato da categoria com antecedência minima de 10 (dez) dias.'),(6757,34,14,'Não disponível','Este regime de compensação de horas abrange todos os empregados que possuam controle de jornada de trabalho e pertencem ao perímetro de validade da Convenção Coletiva de Trabalho de Contagem'),(6758,34,15,'Não disponível','A compensação poderá ser realizada de segunda-feira a sábado, desde que a jornada diária não ultrapasse a 10(dez) horas, e a compensação seja limitada a 36 (trinta e seis) horas no mês e a 02(dois) sábados no mês. Deverá ser respeitado o intervalo mínimo de 35 (trinta e cinco) horas quando ocorrer o descanso semana remunerado.'),(6759,34,21,'Não disponível','Para a FOLGA CONCEDIDA ANTECIPADAMENTE, o trabalho correspondente para compensa-la deverá ser realizado em até 300 (trezentos) dias subsequentes ao dia em que a folga foi concedida, limitados a 31/12/2016. Para os trabalhos EXTRAORDINÁRIOS ANTECIPADOS poderá ocorrer exclusivamente para compensação semanal e de dias pontes, caso não seja concedida a folga dentro da semana ou nos dias pontes, a empresa pagará ao empregado, no primeiro pagamento após o referido período trabalhado das horas não compensadas, como extraordinárias, tomando como base o salário hora normal do mês do pagamento acrescido com o percentual de 100%.'),(6760,35,1,'Não disponível','NÃO APLICÁVEL - Durante o período da suspensão contratual, NÃO serão computados os avos relativos para efeitos de pagamento do décimo terceiro salário para os empregados que aderirem a suspensão contratual.'),(6761,35,2,'Não disponível','NÃO APLICÁVEL - Durante o período da suspensão contratual, NÃO serão computados os avos relativos para efeitos de pagamento das férias assim como do acréscimo de terço constitucional para os empregados que aderirem a suspensão contratual.'),(6762,35,3,'Não disponível','NÃO APLICÁVEL - Durante o período da suspensão contratual, NÃO serão computados os avos relativos para efeitos de pagamento do PPR (Programa de Participação nos Resultados) para os empregados que aderirem a suspensão contratual.'),(6763,35,4,'Não disponível','De: 01/02/2016 até 31/01/2017'),(6764,35,5,'Não disponível','Multa de 1% (um por cento) do piso salárial mínimo da categoria, vigênte a época do evento, por infração e por empregado prejudicado, revertendo em favor da parte prejudicada.'),(6765,35,6,'Não disponível','100% do salário líquido do empregado, sendo salário líquido composto pela dedução dos impostos e descontos legais (INSS, IRRF e etc), sendo o pagamento proporcional caso o inicio e/ou término do curso for durante o mês.'),(6766,35,7,'Não disponível','Serão mantidos durante a suspensão contratual os benefícios voluntariamente concedidos pela empresa, considerando que os empregados participarão com as contribuições que já faziam costumeiramente.'),(6767,35,8,'Não disponível','O deslocamento dos empregados para o local da realização do treinamento será custeado pela epresa de acordo com o fornecimento de vale transporte, conforme definição legal.'),(6768,35,9,'Não disponível','Será garantido no mínimo 60 (sessenta) horas de treinamento para cada mês de suspensão contratual, haverá a inclusão de empregados como instrutores durante a vigência da suspensão contratual assim como os temas a serem elencados serão de livre escolha da empresa desde que auxiliado por entidade educacional devidamente regulamentada para este fim.'),(6769,35,10,'Não disponível','Tais valores são devidos pelo FAT (Fundo de Amparo ao Trabalhador) e fica a cargo do empregado requerer tais pagamentos subsidiando-se em documentações fornecidas pela empresa, é de inteira responsabilidade do empregado eventual regularização de valores devidos ao FAT por conta de históricos de saque anteriores ao atual contrato de trabalho. '),(6770,35,11,'Não disponível','Será pago ao empregado que for desligado durante a vigência da suspensão contratual ou até 03 (três) meses subsequentes ao retorno ao trabalho a seguinte multa: Minímo 100% do último salário nominal do empregado; Salário residual inerente aos dias que faltarem para completar os 90 dias após o encerramento do período de suspensão contratual. (Ex. Desligado no 10º dia após o encerramento pagar-se-á multa de 80 dias de salário juntamente com as verbas rescisórias e sem prejuizo destas).'),(6771,35,13,'Não disponível','O prazo de notificação quanto a ausência tanto por parte do empregado como por parte da empresa deverá ocorrer com 03 (três) dias consecutivos de antecedência, a forma de comunicação poderá ser via e-mail coletivo e exposição nos quadros de aviso quando por parte da empresa, quando por parte do empregado poderá ser feita pessoalmente entre ele e o gestor imediato.'),(6772,35,14,'Não disponível','Empregados que possuam controle de Jornada de trabalho em toda a planta, sejam os que estejam em atividade normal e também para os demais empregados admitidos no decorrer do acordo. '),(6775,36,20,'Não disponível','Para domingos e feriados, não é devido se houver programação de outra folga dentro de 15 dias.\nPara dobra de jornada (entende-se como a jornada diária que supera em mais de 70% a jornada normal), caso seja concedida folga remunerada no dia seguinte, as horas extras serão pagas à 60%.'),(6776,36,23,'Não disponível','| Dias úteis:\n- Primeiras 20 horas mensais: 60%\n- De 20 horas até 40 horas mensais: 65%\n- Acima de 40 horas mensais: 85%\n\n| Sábados: 75%\n\n| Domingos e feriados: 100% (ver situações excepcionais)\n\n| Dobra de jornada: 150% (ver situações excepcionais)'),(6777,37,20,'Não disponível','Para domingos e feriados, não é devido se houver programação de outra folga dentro de 15 dias. Para dobra de jornada (entende-se como a jornada diária que supera em mais de 70% a jornada normal), caso seja concedida folga remunerada no dia seguinte, as horas extras serão pagas à 60%.'),(6778,37,23,'Não disponível','| Dias úteis: - Primeiras 20 horas mensais: 60% - De 20 horas até 40 horas mensais: 65% - Acima de 40 horas mensais: 85% | Sábados: 75% | Domingos e feriados: 100% (ver situações excepcionais) | Dobra de jornada: 150% (ver situações excepcionais)'),(6779,38,20,'Não disponível','Para domingos e feriados, não é devido se houver programação de outra folga dentro de 15 dias. Para dobra de jornada (entende-se como a jornada diária que supera em mais de 70% a jornada normal), caso seja concedida folga remunerada no dia seguinte, as horas extras serão pagas à 60%.'),(6780,38,23,'Não disponível','| Dias úteis: - Primeiras 20 horas mensais: 60% - De 20 horas até 40 horas mensais: 65% - Acima de 40 horas mensais: 85% | Sábados: 75% | Domingos e feriados: 100% (ver situações excepcionais) | Dobra de jornada: 150% (ver situações excepcionais)'),(6781,39,20,'Não disponível','Para domingos e feriados, não é devido se houver programação de outra folga dentro de 15 dias. Para dobra de jornada (entende-se como a jornada diária que supera em mais de 70% a jornada normal), caso seja concedida folga remunerada no dia seguinte, as horas extras serão pagas à 60%.'),(6782,39,23,'Não disponível','| Dias úteis: - Primeiras 20 horas mensais: 60% - De 20 horas até 40 horas mensais: 65% - Acima de 40 horas mensais: 85% | Sábados: 75% | Domingos e feriados: 100% (ver situações excepcionais) | Dobra de jornada: 150% (ver situações excepcionais)'),(6783,40,20,'Não disponível','Para domingos e feriados, não é devido se houver programação de outra folga dentro de 15 dias. Para dobra de jornada (entende-se como a jornada diária que supera em mais de 70% a jornada normal), caso seja concedida folga remunerada no dia seguinte, as horas extras serão pagas à 60%.'),(6784,40,23,'Não disponível','| Dias úteis: - Primeiras 20 horas mensais: 60% - De 20 horas até 40 horas mensais: 65% - Acima de 40 horas mensais: 85% | Sábados: 75% | Domingos e feriados: 100% (ver situações excepcionais) | Dobra de jornada: 150% (ver situações excepcionais)'),(6785,41,23,'Não disponível','| Dias úteis (segunda à sábado): 50%\n| Domingos e Feriados: 100% para as primeiras 8 horas mensais e 150% para as demais'),(6786,42,23,'Não disponível','| Dias úteis (segunda à sábado): 60% \n| Domingos e Feriados: 100%'),(6787,27,21,'Não disponível','Mobilidade de 1 hora. Exemplo: para jornada das 08:00 às 17:48, o empregado fica autorizado a iniciar a jornada a partir das 07:00, neste caso terminando às 16:48, até às 09:00, neste caso terminando às 18:48. Ou seja, o horário em que iniciar a jornada deve ser entre 07:00 e 09:00, e o horário de término dependerá portanto da entrada.'),(6796,43,23,'Não disponível','| Dias úteis (segunda a sábado): - Primeiras 20 horas mensais: 50% - De 20 horas até 40 horas mensais: 70% - De 40 horas até 60 horas mensais: 80% - Acima de 60 horas mensais: 100% | Domingos e feriados: Primeiras 8 horas mensais: 100% - Acima de 8 horas: 150%'),(6797,44,23,'Não disponível','| Dias úteis (segunda a sábado): - Primeiras 20 horas mensais: 50% - De 20 horas até 40 horas mensais: 70% - De 40 horas até 60 horas mensais: 80% - Acima de 60 horas mensais: 100% | Domingos e feriados: Primeiras 8 horas mensais: 100% - Acima de 8 horas: 150%'),(6798,45,23,'Não disponível','| Dias úteis (segunda a sábado): - Primeiras 20 horas mensais: 50% - De 20 horas até 40 horas mensais: 70% - De 40 horas até 60 horas mensais: 80% - Acima de 60 horas mensais: 100% | Domingos e feriados: Primeiras 8 horas mensais: 100% - Acima de 8 horas: 150%'),(6800,46,4,'Não disponível','Piloto: julho até setembro de 2016'),(6801,46,14,'Não disponível','Mensalistas e acima que atuem em projetos ou aitividades que possam ser concluídas a distância.'),(6802,46,26,'Não disponível','Fornecer notebook corporativo, VPN e Open Scape (Fone no computador)'),(6803,46,27,'Não disponível','Local adequado, internet, alimentação e outras que não sejam citadas como da empresa'),(6804,46,28,'Não disponível','Liderança imediata, mediante formulário entregue ao RH'),(6805,46,30,'Não disponível','Termo aditivo de contrato definindo o período de home office, tratado como atividade externa não controlada. Questionários preenchidos pelo coordenador e pelo empregado.'),(6806,47,1,'Não disponível','Não há impacto/redução'),(6807,47,2,'Não disponível','Não há impacto/redução'),(6808,47,3,'Não disponível','Não há impacto/redução'),(6809,47,4,'Não disponível','01/03/2016 a 31/07/2016'),(6810,47,6,'Não disponível','Compensação pecuniária será paga pela empresa aos trabalhadores abrangidos pelo PPE em valor equivalente a 50% (cinquenta por cento) da redução salarial, limitada a 65% (sessenta e cinco por cento) do valor máximo da parcelado seguro desemprego. Os valores referentes à compensação pecuniária (Benefício PPE) serão pagos mensalmente pela empresa, por meio de crédito em folha de pagamento, e integrarão a base de cálculo para fins de FGTS e INSS. Caso o repasse da compensação pecuniária não atingir os 50% da redução salarial, a empresa realizará o complemento financeiro, de forma a garantir que a redução salarial não seja superior a 13% (para redução de jornada de 26%), tendo como base que a soma de salário e complemento não sejam em valor menor do que o salário nominal de dezembro de 2015. '),(6811,47,11,'Não disponível','Estabilidade até outubro de 2016 (durante o tempo de vigência e mais 3 meses após retorno).'),(6812,47,14,'Não disponível','Empregados registrados em curitiba, das áreas produtivas, indiretas e administrativas, com exceções: Engenharia de Produto (BR132E48,BR146E02,BR132E34,BR132E44 e BR132E06)\nFinanças (BR132A30,BR132A06,BR132A50,BR132A49 e BR132A40)\nICT Informática (BR132A10,BR132A58,BR132A09 e BR132K31)\nCOMERCIAL (BR132K16,BR132K41,BR132K42,BR132P24,BR132P27,BR132P36,BR132K39, BR132A61,BR132K43,BR132K44,BR132P39,BR132K37,BR132P37,BR132P31,BR132P00,BR132P17 e BR132P32)\nSetores Administrativos ( BR132A60,BR132A71,BR132A44,BR132A26,BR132A47,BR132A78, BR132F22, BR132F38, BR132A59,BR232P10, BR132C35, BR132A53,BR132K30 e BR132P33).'),(6813,47,25,'Não disponível','Redução de 26% da jornada de trabalho e salário dos empregados participantes. Empresa deva enviar mensalmente ao Ministério do Trabalho e Emprego, as informações requeridas no Artigo 3°, inciso I e II da Portaria 1.013/2015. Alterações devem passar por análise e aprovação da comissão paritária.'),(6814,47,31,'Não disponível','funcionários atualmente afastados que retornarem ao trabalho durante o período de vigência do programa estarão automaticamente abrangidos por ele e pela adesão ao Programa dele decorrente, desde que alocados nas áreas indicadas'),(6815,47,32,'Não disponível','Os aprendizes que eventualmente forem efetivados após a assinatura deste Acordo Coletivo de Trabalho Específico, estarão automaticamente abrangidos por ele e pela adesão ao Programa dele decorrente, desde que alocados nas áreas indicadas'),(6824,48,4,'Não disponível','01/02/2015 a 31/01/2016'),(6825,48,5,'Não disponível','Acordam o SINDICATO e a EMPRESA que havendo ausência ao trabalho em dia de compensação programada, será descontado proporcionalmente na folha de pagamento do empregado nas hipóteses de faltas injustificadas, na forma da lei, exceto quando apresentado justificativa legal ou mediante solicitação do empregado com aprovação do gestor.'),(6826,48,13,'Não disponível','A programação de trabalho para Sábados será divulgada com 03 dias uteis de antecedência aos empregados por seus gestores, através de reunião e/ou mural informativo. Após comunicação aos empregados, esta não poderá ser cancelada sob pena de que as horas, mesmo que não trabalhadas, sejam contadas para fins de redução do saldo de horas devedor, exceto quando ajustado individualmente. '),(6827,48,14,'Não disponível','Empregados horistas de contrato com prazo indeterminado, exceto aprendizes, da planta de Curitiba.'),(6828,48,15,'Não disponível','Horistas: paradas limitadas a 40 dias úteis, não podendo ser fracionados. Ao final de março de 2016, havendo saldo positivo, pagar-se-á ao empregado com acréscimo de 50%; havendo saldo negativo, poderá haver prorrogação até março de 2017 para compensação.\nRegras para compensação: (i)	Para cada mês de trabalho poderão ser estabelecidas até 02 dias inteiros ou 16 (dezesseis) horas de compensação;\n(ii)	Caso compensação seja tratada em dias, será em Sábados, não podendo ser mais do que dois e preferencialmente alternados (neste caso, a empresa fará o pagamento ao empregado do adicional de 50% sobre o valor da hora trabalhada);\n(iii)	Não poderá haver compensação em Domingos, Feriados ou dias pontes.\n(iv)	Sempre as compensações deverão seguir o limite legal de jornada de trabalho, ou seja, não poderá haver trabalho maior do que 10 (dez) horas por dia;\n(v)	O empregado tão somente poderá ser convocado para compensações quando da existência de saldo devedor;\n(vi)	Ao final de Junho de 2016, havendo saldo negativo de horas, procurando evitar prejuízos e descontos ao empregado, poderá a mesma regra de compensação ser estendida até Junho de 2017.\nIMPORTANTE: Ao final do período ora estabelecido para compensações, caso o empregado ainda tenha saldo negativo de horas, as mesmas serão assumidas pela EMPRESA, não havendo o desconto. Mesma regra será aplicada para empregados desligados na vigência do presente acordo.'),(6829,48,17,'Não disponível','Entre março de 2015 e março de 2016, o 31º dia não serão pagos, sendo deduzidos do número de paradas a serem compadas pelos empregados.'),(6830,49,21,'Não disponível','Mobilidade de 1 hora. Exemplo: para jornada das 08:00 às 17:48, o empregado fica autorizado a iniciar a jornada a partir das 07:00, neste caso terminando às 16:48, até às 09:00, neste caso terminando às 18:48. Ou seja, o horário em que iniciar a jornada deve ser entre 07:00 e 09:00, e o horário de término dependerá portanto da entrada.'),(6831,8,4,'Não disponível','De: 01/02/2016 até 31/01/2017'),(6832,8,13,'Não disponível','O prazo de notificação quanto a ausência tanto por parte do empregado como por parte da empresa deverá ocorrer com 03 (três) dias consecutivos de antecedência, a forma de comunicação poderá ser via e-mail coletivo e exposição nos quadros de aviso quando por parte da empresa, quando por parte do empregado poderá ser feita pessoalmente entre ele e o gestor imediato.'),(6833,8,14,'Não disponível','Empregados horistas e mensalistas que possuam controle de Jornada de trabalho em toda a planta, sejam os que estejam em atividade normal e também para os demais empregados admitidos no decorrer do acordo. '),(6834,8,15,'Não disponível','Acúmulo máximo de horas positivas ou negativas é de 45 horas.\n Compensação de hora por hora.\nCaso o empregado realize horas para compensação que excedam o limite máximo de 45 horas positivas, estas serão pagas de forma extraordinária com adicional de 50%. Caso o empregado tenha ausências para compensação que excedam o limite máximo de 45 horas negativas, estas serão descontadas juntamente com as incidências de DSR. Pode haver compensação em prorrogação de jornada de trabalho diária ou aos sábados, respeitando limite legal e alternância entre sábados. O saldo mensal será transferido automaticamente, mês após mês, até o encerramento da vigência do acordo.'),(6835,8,16,'Não disponível','Saldo positivo: o empregado recebe, em sua rescisão, as horas do saldo positivo com adicional de 50% (horistas: dedução dos dias 31). Para saldo negativo: desligamento por justa causa ou pedido de demissão são passivos de desconto do saldo de horas negativo. Para demissão por iniciativa da empresa sem justa causa, o saldo negativo não será descontado. '),(6836,8,17,'Não disponível','O dia 31 de cada mês não será pago ao empregado horista, e gerará um crédito de 7:20 em seu saldo de flexibilidade.'),(6837,8,18,'Não disponível','Para manufatura: o feriado de 09/07/2016 não produzirá horas de crédito para compensação para este acordo. Para Centro de Distribuição de Peças e demais áreas: o feriado de 09/07/2016 produzirá 4 horas de crédito de compensação.'),(6838,8,20,'Não disponível','As partes se propõe a discutir os termos do acordo na hipótese de surgirem fatores supervenientes e imprevistos, que venham a provocar distorções e desequilibrio nas suas relações.'),(6839,8,26,'Não disponível','Disponibilização da informação sobre extrato com saldo individual de jornada flexível para todos os empregados. O empregado pode solicitar a informação a qualquer momento, para o gestor ou para o RH diretamente.'),(6840,8,36,'Não disponível','Eventual saldo positivo será quitado na folha de pagamento de fevereiro de 2017, com adicional de 50%. Para horistas, deste montante haverá a dedução do total de horas positivas creditadas equivalentes aos dias 31. Caso haja saldo negativo, as partes rediscutirão o acordo.'),(6841,7,4,'Não disponível','São estabelecidos no acordo dois períodos de vigência conforme abaixo:\n1º - De: 01/02/2016 a 31/01/2017;\n2º - De: 01/02/2017 a 31/01/2018.\n3º - Até 31/01/2019. \nEstas referencias servem para a realização dos débitos das horas para o primeiro período e para a compensação das horas entre o primeiro e segundo período de vigência.'),(6842,7,12,'Não disponível','A partir de 23/05/2016, a quantidade passou a ser 55 (cinquenta e cinco) dias. Em 01/02/2016 havia sido alterado de 39 para 45 (quarenta e cinco) dias.\nO total de dias serão transformados em horas devedoras que poderá chegar a 484 (quatrocentas e oitenta e quatro) horas negativas para o empregado que possui controle de jornada.'),(6843,7,13,'Não disponível','Independente da categoria (Horista ou Mensalista) do empregado a empresa deverá realizar um comunicado com antecedência mínima de 03 (três) dias consecutivos à data do efetivo descanso, que preferencialmente comtemplará os dias da semana (Segunda - Feira, Sexta - Feira ou vésperas de feriados).'),(6844,7,14,'Não disponível','Este acordo abrange todos os empregados que possuam controle de jornada de trabalho na planta de Sorocaba, sendo estes Horistas ou Mensalistas da área de manufatura, os demais empregados da planta seguem acordo especifico de Flexibilização de Jornada de Trabalho.'),(6845,7,15,'Não disponível','Toda compensação de horas, independente da categoria do empregado, é realizada na equivalência de hora por hora;\nQuando a Crédito (positivo):\nPoderá haver programações de jornada de trabalho diária ou aos sábados, respeitando obrigatóriamente o limite legal de jornada diária assim como a alternância de sabados;\nQuando a Débito (Negativo):\nPara que possa ocorrer o débito de horas neste acordo, a empresa deve comunicar a todos os empregados com pelo menos 03(três) dias de antecedência informando quais serão os dias que haverá a redução de jornada, uma vez comunicado e usufruido os dias de parada todas as horas relativas ao período serão debitas (negativo) no saldo de compensação de cada empregado.'),(6846,7,16,'Não disponível','Para os empregados que forem desligados sem justa causa, e estiver com saldo negativo de horas, estas não serão descontadas das verbas rescisórias, caso haja saldo de horas positivas, estas serão pagas acrescidas do percentual extraordinário previsto na CCT vigênte.\nAo empregado que pedir demissão ou for desligado por justa causa, haverá o desconto das horas negativas caso as possua e caso o saldo de horas seja positivo as receberá acrescidas do percentual de acréscimo previsto na CCT.\nNota: Para qualquer pagamento do saldo credor ao empregado que se desligar, independente do motivo, haverá a dedução deste saldo da quantidade de horas creditadas em virtude do 31º dia de cada mês que fora até a data do desligamento lançados a crédito para o empregado e componham seu saldo credor, estas por sua vez serão pagas com base no valor da hora sem qualquer acréscimo extraordinário.'),(6847,7,17,'Não disponível','Condição válida somente a empregados da Categoria - Horista:\nPara os empregados desta categoria, durante o período do referido acordo os meses que contarem com o 31º dia, as horas deste último dia serão lançadas automaticamente a crédito (positivo) para a composição do saldo total, não sendo desta forma remunerados como salário.'),(6848,7,18,'Não disponível','Para as semanas em que houverem feriados aos sábados, a compensação semanal de horas do sábado, 0:48 minutos diários de segunda a sexta-feira, serão lançadas a crédito (postiivo) para a composição do saldo de compensação do referido acordo.');
/*!40000 ALTER TABLE `oc_ac_as` ENABLE KEYS */;
UNLOCK TABLES;

--
-- Table structure for table `ocorrencia`
--

DROP TABLE IF EXISTS `ocorrencia`;
/*!40101 SET @saved_cs_client     = @@character_set_client */;
/*!40101 SET character_set_client = utf8 */;
CREATE TABLE `ocorrencia` (
  `id_ocorrencia` int(11) NOT NULL AUTO_INCREMENT,
  `id_assunto` int(11) NOT NULL,
  `id_planta` int(11) NOT NULL,
  `id_periodo` int(11) NOT NULL,
  `dsc_resumo` varchar(1000) DEFAULT NULL,
  `dsc_file` varchar(100) DEFAULT NULL,
  PRIMARY KEY (`id_ocorrencia`,`id_assunto`,`id_planta`,`id_periodo`),
  KEY `fk_ocorrencia_assunto1_idx` (`id_assunto`),
  KEY `fk_ocorrencia_planta1_idx` (`id_planta`),
  KEY `fk_ocorrencia_periodo1_idx` (`id_periodo`),
  CONSTRAINT `fk_ocorrencia_assunto1` FOREIGN KEY (`id_assunto`) REFERENCES `assunto` (`id_assunto`) ON DELETE NO ACTION ON UPDATE NO ACTION,
  CONSTRAINT `fk_ocorrencia_periodo1` FOREIGN KEY (`id_periodo`) REFERENCES `periodo` (`id_periodo`) ON DELETE NO ACTION ON UPDATE NO ACTION,
  CONSTRAINT `fk_ocorrencia_planta1` FOREIGN KEY (`id_planta`) REFERENCES `planta` (`id_planta`) ON DELETE NO ACTION ON UPDATE NO ACTION
) ENGINE=InnoDB AUTO_INCREMENT=50 DEFAULT CHARSET=latin1;
/*!40101 SET character_set_client = @saved_cs_client */;

--
-- Dumping data for table `ocorrencia`
--

LOCK TABLES `ocorrencia` WRITE;
/*!40000 ALTER TABLE `ocorrencia` DISABLE KEYS */;
INSERT INTO `ocorrencia` VALUES (1,1,1,1,NULL,'Acordo_Assinado_Suspensão_de_Trabalho_(Layoff)1.pdf          '),(2,1,2,2,NULL,'Acordo_LAYOFF1.pdf           '),(3,1,3,2,NULL,'Acordo_Layoff_-_CTG1.pdf           '),(4,1,4,2,NULL,'ACORDO_LAYOFF1.pdf           '),(5,1,5,2,NULL,'Acordo_Layoff_ICRegistrado1596981208.pdf        '),(7,4,1,1,NULL,'Acordo_Assinado_Redução_de_Dias4.pdf              ;HE_-_SOR.pdf   '),(8,7,1,1,NULL,'Acordo_Assinado_Flexibilização_de_Jornada.pdf                  '),(10,7,3,2,NULL,'Cláusula_5ª_Item_II_-_CCT_2015-2016.pdf          '),(11,7,6,1,NULL,'Cláusula_5ª_Item_II_-_CCT_2015-20161.pdf      '),(26,15,8,1,NULL,' '),(27,6,1,1,NULL,'Aditivo_Flexibilidade_de_Horário_Mensalistas_Sorocaba.pdf '),(28,1,9,1,NULL,''),(29,1,10,1,NULL,''),(32,1,7,1,NULL,''),(33,1,6,1,NULL,''),(34,7,7,1,NULL,''),(35,1,12,1,NULL,''),(36,15,4,1,NULL,' '),(37,15,12,1,NULL,''),(38,15,3,1,NULL,''),(39,15,6,1,NULL,''),(40,15,7,1,NULL,''),(41,15,1,1,NULL,''),(42,15,2,1,NULL,''),(43,15,5,1,NULL,''),(44,15,9,1,NULL,''),(45,15,10,1,NULL,''),(46,8,6,1,NULL,'undefined;Home_Office_2016.pdf;H_OFFICE_Questionario1.docx;H_OFFICE_QuestionarioCoordenador1.docx;H_'),(47,3,5,1,NULL,'Acordo_PPE_ICRegistrado1156560074_Mediador_24022016.docx'),(48,7,5,1,NULL,'Acordo_Flexibilidade_Jornada_Horistas_2015-2016_revisado.docx'),(49,6,2,1,NULL,'Modelo_Aditivo_Jornada_Flexivel_Mensalista_Piracicaba.pdf');
/*!40000 ALTER TABLE `ocorrencia` ENABLE KEYS */;
UNLOCK TABLES;

--
-- Table structure for table `periodo`
--

DROP TABLE IF EXISTS `periodo`;
/*!40101 SET @saved_cs_client     = @@character_set_client */;
/*!40101 SET character_set_client = utf8 */;
CREATE TABLE `periodo` (
  `id_periodo` int(11) NOT NULL AUTO_INCREMENT,
  `dsc_periodo` varchar(45) NOT NULL,
  PRIMARY KEY (`id_periodo`)
) ENGINE=InnoDB AUTO_INCREMENT=3 DEFAULT CHARSET=latin1;
/*!40101 SET character_set_client = @saved_cs_client */;

--
-- Dumping data for table `periodo`
--

LOCK TABLES `periodo` WRITE;
/*!40000 ALTER TABLE `periodo` DISABLE KEYS */;
INSERT INTO `periodo` VALUES (1,'2016'),(2,'2015');
/*!40000 ALTER TABLE `periodo` ENABLE KEYS */;
UNLOCK TABLES;

--
-- Table structure for table `planta`
--

DROP TABLE IF EXISTS `planta`;
/*!40101 SET @saved_cs_client     = @@character_set_client */;
/*!40101 SET character_set_client = utf8 */;
CREATE TABLE `planta` (
  `id_planta` int(11) NOT NULL AUTO_INCREMENT,
  `dsc_planta` varchar(45) NOT NULL,
  PRIMARY KEY (`id_planta`)
) ENGINE=InnoDB AUTO_INCREMENT=13 DEFAULT CHARSET=latin1;
/*!40101 SET character_set_client = @saved_cs_client */;

--
-- Dumping data for table `planta`
--

LOCK TABLES `planta` WRITE;
/*!40000 ALTER TABLE `planta` DISABLE KEYS */;
INSERT INTO `planta` VALUES (1,'Sorocaba'),(2,'Piracicaba'),(3,'Contagem'),(4,'Sete Lagoas'),(5,'Curitiba'),(6,'Nova Lima'),(7,'Betim'),(8,'Cuiabá'),(9,'Banco CNHi - CTBA'),(10,'Banco CNHi - NL'),(12,'São Paulo - Iveco Paraíso');
/*!40000 ALTER TABLE `planta` ENABLE KEYS */;
UNLOCK TABLES;

--
-- Table structure for table `transactions`
--

DROP TABLE IF EXISTS `transactions`;
/*!40101 SET @saved_cs_client     = @@character_set_client */;
/*!40101 SET character_set_client = utf8 */;
CREATE TABLE `transactions` (
  `id_transactions` int(11) NOT NULL AUTO_INCREMENT,
  `dsc_name` varchar(100) DEFAULT NULL,
  `controller` varchar(100) DEFAULT NULL,
  PRIMARY KEY (`id_transactions`)
) ENGINE=InnoDB AUTO_INCREMENT=18 DEFAULT CHARSET=latin1;
/*!40101 SET character_set_client = @saved_cs_client */;

--
-- Dumping data for table `transactions`
--

LOCK TABLES `transactions` WRITE;
/*!40000 ALTER TABLE `transactions` DISABLE KEYS */;
INSERT INTO `transactions` VALUES (2,'Usuários','usuarios'),(7,'Acordos','acordos'),(9,'Plantas','plantas'),(11,'Períodos','periodos'),(13,'Interpretações','interpretacoes'),(16,'Assuntos','assuntos'),(17,'Trocar senha','trocar-senha');
/*!40000 ALTER TABLE `transactions` ENABLE KEYS */;
UNLOCK TABLES;

--
-- Table structure for table `tratado`
--

DROP TABLE IF EXISTS `tratado`;
/*!40101 SET @saved_cs_client     = @@character_set_client */;
/*!40101 SET character_set_client = utf8 */;
CREATE TABLE `tratado` (
  `id_tratado` int(11) NOT NULL AUTO_INCREMENT,
  `dsc_tratado` varchar(45) NOT NULL,
  PRIMARY KEY (`id_tratado`)
) ENGINE=InnoDB AUTO_INCREMENT=37 DEFAULT CHARSET=latin1;
/*!40101 SET character_set_client = @saved_cs_client */;

--
-- Dumping data for table `tratado`
--

LOCK TABLES `tratado` WRITE;
/*!40000 ALTER TABLE `tratado` DISABLE KEYS */;
INSERT INTO `tratado` VALUES (1,'DÉCIMO TERCEIRO'),(2,'FÉRIAS'),(3,'PPR/PLR'),(4,'VIGÊNCIA'),(5,'PENALIDADES'),(6,'AJUDA COMPENSATÓRIA'),(7,'BENEFÍCIOS ...'),(8,'TRANSPORTE'),(9,'PROGRAMA DE QUALIFICAÇÃO PROFISSIONAL'),(10,'BOLSA QUALIFICAÇÃO PROFISSIONAL'),(11,'ESTABILIDADE / MULTA POR DISPENSA'),(12,'QTD. DE DIAS DE REDUÇÃO'),(13,'PRAZO PARA COMUNICAÇÃO'),(14,'ABRANGÊNCIA'),(15,'COMPENSAÇÃO DAS HORAS'),(16,'DESLIGAMENTO OU PEDIDO DE DEMISSÃO'),(17,'DIAS \"31\"'),(18,'FERIADOS EM SÁBADOS'),(19,'QTD. DE HRS DE FLEXIBILIDADE'),(20,'SITUAÇÕES EXCEPCIONAIS'),(21,'FORMA'),(23,'PERCENTUAL DE ACRÉSCIMO NA HORA EXTRA'),(25,'REGRAS'),(26,'DEVERES DA EMPRESA'),(27,'DEVERES DO EMPREGADO'),(28,'FLUXO DE APROVAÇÕES'),(29,'FREQUENCIA'),(30,'DOCUMENTAÇÃO NECESSÁRIA'),(31,'EMPREGADOS AFASTADOS'),(32,'APRENDIZES E ESTAGIÁRIOS'),(36,'FECHAMENTO');
/*!40000 ALTER TABLE `tratado` ENABLE KEYS */;
UNLOCK TABLES;

--
-- Table structure for table `user_menu`
--

DROP TABLE IF EXISTS `user_menu`;
/*!40101 SET @saved_cs_client     = @@character_set_client */;
/*!40101 SET character_set_client = utf8 */;
CREATE TABLE `user_menu` (
  `id_user_roles` int(11) NOT NULL,
  `id_menu` int(11) NOT NULL,
  `id_transactions` int(11) NOT NULL,
  PRIMARY KEY (`id_user_roles`,`id_menu`,`id_transactions`),
  KEY `fk_user_menu_transactions1_idx` (`id_transactions`),
  KEY `fk_user_menu_user_roles1_idx` (`id_user_roles`),
  KEY `fk_user_menu_menu1_idx` (`id_menu`),
  CONSTRAINT `fk_user_menu_menu1` FOREIGN KEY (`id_menu`) REFERENCES `menu` (`id_menu`) ON DELETE NO ACTION ON UPDATE NO ACTION,
  CONSTRAINT `fk_user_menu_transactions1` FOREIGN KEY (`id_transactions`) REFERENCES `transactions` (`id_transactions`) ON DELETE NO ACTION ON UPDATE NO ACTION,
  CONSTRAINT `fk_user_menu_user_roles1` FOREIGN KEY (`id_user_roles`) REFERENCES `user_roles` (`id_user_roles`) ON DELETE NO ACTION ON UPDATE NO ACTION
) ENGINE=InnoDB DEFAULT CHARSET=latin1;
/*!40101 SET character_set_client = @saved_cs_client */;

--
-- Dumping data for table `user_menu`
--

LOCK TABLES `user_menu` WRITE;
/*!40000 ALTER TABLE `user_menu` DISABLE KEYS */;
INSERT INTO `user_menu` VALUES (1,2,2),(1,3,7),(1,4,9),(1,5,11),(1,6,13),(1,7,16),(1,8,17),(2,2,17);
/*!40000 ALTER TABLE `user_menu` ENABLE KEYS */;
UNLOCK TABLES;

--
-- Table structure for table `user_roles`
--

DROP TABLE IF EXISTS `user_roles`;
/*!40101 SET @saved_cs_client     = @@character_set_client */;
/*!40101 SET character_set_client = utf8 */;
CREATE TABLE `user_roles` (
  `id_user_roles` int(11) NOT NULL AUTO_INCREMENT,
  `dsc_name` varchar(45) DEFAULT NULL,
  PRIMARY KEY (`id_user_roles`)
) ENGINE=InnoDB AUTO_INCREMENT=3 DEFAULT CHARSET=latin1;
/*!40101 SET character_set_client = @saved_cs_client */;

--
-- Dumping data for table `user_roles`
--

LOCK TABLES `user_roles` WRITE;
/*!40000 ALTER TABLE `user_roles` DISABLE KEYS */;
INSERT INTO `user_roles` VALUES (1,'Administrador'),(2,'Usuário');
/*!40000 ALTER TABLE `user_roles` ENABLE KEYS */;
UNLOCK TABLES;

--
-- Table structure for table `users`
--

DROP TABLE IF EXISTS `users`;
/*!40101 SET @saved_cs_client     = @@character_set_client */;
/*!40101 SET character_set_client = utf8 */;
CREATE TABLE `users` (
  `id` tinyint(4) NOT NULL AUTO_INCREMENT,
  `username` varchar(10) NOT NULL,
  `password` varchar(45) NOT NULL,
  `dsc_name` varchar(100) DEFAULT NULL,
  `dsc_matricula` varchar(45) DEFAULT NULL,
  `id_user_roles` int(11) NOT NULL,
  `ativo` varchar(1) DEFAULT NULL,
  `dt_added` datetime DEFAULT NULL,
  `dt_updated` datetime DEFAULT NULL,
  `email` varchar(45) DEFAULT NULL,
  PRIMARY KEY (`id`,`id_user_roles`),
  KEY `fk_users_user_roles_idx` (`id_user_roles`)
) ENGINE=MyISAM AUTO_INCREMENT=71 DEFAULT CHARSET=latin1;
/*!40101 SET character_set_client = @saved_cs_client */;

--
-- Dumping data for table `users`
--

LOCK TABLES `users` WRITE;
/*!40000 ALTER TABLE `users` DISABLE KEYS */;
INSERT INTO `users` VALUES (1,'BFONSECA','202cb962ac59075b964b07152d234b70','BRUCE FONSECA','123',1,'A',NULL,NULL,'bruce@bflabs.com.br'),(42,'UY941','202cb962ac59075b964b07152d234b70','LEANDRO METROVINE','24009587',1,'A','0000-00-00 00:00:00','0000-00-00 00:00:00','LEANDRO.METROVINE@CNHIND.COM'),(39,'USER','202cb962ac59075b964b07152d234b70','USER','USER',2,'A','0000-00-00 00:00:00','0000-00-00 00:00:00','user@user.com'),(43,'F33111A','202cb962ac59075b964b07152d234b70','GABRIEL CAMPOY','3856',1,'A','0000-00-00 00:00:00','0000-00-00 00:00:00','GABRIEL.CAMPOY@FCAGROUP.COM'),(44,'F27575A','202cb962ac59075b964b07152d234b70','ALEXANDRE COIMBRA DE MEDEIROS','2002995',2,'A','0000-00-00 00:00:00','0000-00-00 00:00:00','GABRIEL.CAMPOY@FCAGROUP.COM'),(45,'F36123A','202cb962ac59075b964b07152d234b70','ANDREA CRISTINA CHUEIRI','5011029',2,'A','0000-00-00 00:00:00','0000-00-00 00:00:00','GABRIEL.CAMPOY@FCAGROUP.COM'),(46,'ND082','202cb962ac59075b964b07152d234b70','CENIRA SANTANA GONCALVES','5000240',2,'A','0000-00-00 00:00:00','0000-00-00 00:00:00','GABRIEL.CAMPOY@FCAGROUP.COM'),(47,'F27604A','202cb962ac59075b964b07152d234b70','CLAUDIO APARECIDO COSTA','2000838',2,'A','0000-00-00 00:00:00','0000-00-00 00:00:00','GABRIEL.CAMPOY@FCAGROUP.COM'),(48,'ND294','202cb962ac59075b964b07152d234b70','CLAUDIO VARGAS DE SOUZA','11008940',2,'A','0000-00-00 00:00:00','0000-00-00 00:00:00','GABRIEL.CAMPOY@FCAGROUP.COM'),(49,'WY328','202cb962ac59075b964b07152d234b70','CLEBER DE OLIVEIRA ALMEIDA','7038',2,'A','0000-00-00 00:00:00','0000-00-00 00:00:00','GABRIEL.CAMPOY@FCAGROUP.COM'),(50,'ND742','202cb962ac59075b964b07152d234b70','DARILENE LUCENA RAFTOPULOS','5006415',2,'A','0000-00-00 00:00:00','0000-00-00 00:00:00','GABRIEL.CAMPOY@FCAGROUP.COM'),(51,'F37302A','202cb962ac59075b964b07152d234b70','DENISE ARAUJO BARBOSA','5009879',2,'A','0000-00-00 00:00:00','0000-00-00 00:00:00','GABRIEL.CAMPOY@FCAGROUP.COM'),(52,'F31647A','202cb962ac59075b964b07152d234b70','DILMO FERREIRA DE ALMEIDA','11008666',2,'A','0000-00-00 00:00:00','0000-00-00 00:00:00','GABRIEL.CAMPOY@FCAGROUP.COM'),(53,'EALOPEZ','202cb962ac59075b964b07152d234b70','EDUARDO ALBERTO LOPEZ','7200',2,'A','0000-00-00 00:00:00','0000-00-00 00:00:00','GABRIEL.CAMPOY@FCAGROUP.COM'),(54,'NM578','202cb962ac59075b964b07152d234b70','ESTEFANIA MARIA DE BARROS DIRINO','5507',2,'A','0000-00-00 00:00:00','0000-00-00 00:00:00','GABRIEL.CAMPOY@FCAGROUP.COM'),(55,'FONTES','202cb962ac59075b964b07152d234b70','FABIO GODOI FONTES','2008815',2,'A','0000-00-00 00:00:00','0000-00-00 00:00:00','GABRIEL.CAMPOY@FCAGROUP.COM'),(56,'F14661A','202cb962ac59075b964b07152d234b70','FABIO LUIZ GASPARIN TEIXEIRA','5008928',2,'A','0000-00-00 00:00:00','0000-00-00 00:00:00','GABRIEL.CAMPOY@FCAGROUP.COM'),(57,'F60698A','202cb962ac59075b964b07152d234b70','GABRIELA LOBO SERRANEGRA DE PAIVA','8198',2,'A','0000-00-00 00:00:00','0000-00-00 00:00:00','GABRIEL.CAMPOY@FCAGROUP.COM'),(58,'F15459A','202cb962ac59075b964b07152d234b70','GUSTAVO BICALHO POLIZZI','2005270',2,'A','0000-00-00 00:00:00','0000-00-00 00:00:00','GABRIEL.CAMPOY@FCAGROUP.COM'),(59,'NG313','202cb962ac59075b964b07152d234b70','IVAN MOCELIN','5002742',2,'A','0000-00-00 00:00:00','0000-00-00 00:00:00','GABRIEL.CAMPOY@FCAGROUP.COM'),(60,'WB660','202cb962ac59075b964b07152d234b70','JACIARA LUCIANI KOTABA','6527',2,'A','0000-00-00 00:00:00','0000-00-00 00:00:00','GABRIEL.CAMPOY@FCAGROUP.COM'),(61,'F92393A','202cb962ac59075b964b07152d234b70','KARINA FONTE BOA','24010992',2,'A','0000-00-00 00:00:00','0000-00-00 00:00:00','GABRIEL.CAMPOY@FCAGROUP.COM'),(62,'F10417A','202cb962ac59075b964b07152d234b70','MARIO ELI DE ALMEIDA','2000399',2,'A','0000-00-00 00:00:00','0000-00-00 00:00:00','GABRIEL.CAMPOY@FCAGROUP.COM'),(63,'F69567B','202cb962ac59075b964b07152d234b70','MARIO FELICIO NETO','24011013',2,'A','0000-00-00 00:00:00','0000-00-00 00:00:00','GABRIEL.CAMPOY@FCAGROUP.COM'),(64,'BRFS001886','202cb962ac59075b964b07152d234b70','MOISES DIAS MONTEVECCHI','2005505',2,'A','0000-00-00 00:00:00','0000-00-00 00:00:00','GABRIEL.CAMPOY@FCAGROUP.COM'),(65,'F29152A','202cb962ac59075b964b07152d234b70','OLINTHO MACHADO NETO','2004660',2,'A','0000-00-00 00:00:00','0000-00-00 00:00:00','GABRIEL.CAMPOY@FCAGROUP.COM'),(66,'BRFS001581','202cb962ac59075b964b07152d234b70','PATRICK WEBER DIAS SCHETTINI','2003928',2,'A','0000-00-00 00:00:00','0000-00-00 00:00:00','GABRIEL.CAMPOY@FCAGROUP.COM'),(67,'F17302A','202cb962ac59075b964b07152d234b70','PAULO STEHLING','7271',2,'A','0000-00-00 00:00:00','0000-00-00 00:00:00','GABRIEL.CAMPOY@FCAGROUP.COM'),(68,'F27870A','202cb962ac59075b964b07152d234b70','SUZILEI JUNIA MATOZINHO','2005162',2,'A','0000-00-00 00:00:00','0000-00-00 00:00:00','GABRIEL.CAMPOY@FCAGROUP.COM'),(69,'NL767','202cb962ac59075b964b07152d234b70','VERONICA MARIA DE LIMA SANTOS SPROGER','5001020',2,'A','0000-00-00 00:00:00','0000-00-00 00:00:00','GABRIEL.CAMPOY@FCAGROUP.COM'),(70,'WM002','202cb962ac59075b964b07152d234b70','WELBERT ALEXANDRE GONCALVES','2008813',2,'A','0000-00-00 00:00:00','0000-00-00 00:00:00','GABRIEL.CAMPOY@FCAGROUP.COM');
/*!40000 ALTER TABLE `users` ENABLE KEYS */;
UNLOCK TABLES;
/*!40103 SET TIME_ZONE=@OLD_TIME_ZONE */;

/*!40101 SET SQL_MODE=@OLD_SQL_MODE */;
/*!40014 SET FOREIGN_KEY_CHECKS=@OLD_FOREIGN_KEY_CHECKS */;
/*!40014 SET UNIQUE_CHECKS=@OLD_UNIQUE_CHECKS */;
/*!40101 SET CHARACTER_SET_CLIENT=@OLD_CHARACTER_SET_CLIENT */;
/*!40101 SET CHARACTER_SET_RESULTS=@OLD_CHARACTER_SET_RESULTS */;
/*!40101 SET COLLATION_CONNECTION=@OLD_COLLATION_CONNECTION */;
/*!40111 SET SQL_NOTES=@OLD_SQL_NOTES */;

-- Dump completed on 2016-05-31 23:15:20
